audio_id,audio_path,label,attack
T_0000023557,C:\Users\walia\Downloads\flac_T_aa\flac_T\T_0000023557.flac,bonafide,bonafide
T_0000026886,C:\Users\walia\Downloads\flac_T_aa\flac_T\T_0000026886.flac,bonafide,bonafide
T_0000002227,C:\Users\walia\Downloads\flac_T_aa\flac_T\T_0000002227.flac,bonafide,bonafide
T_0000003516,C:\Users\walia\Downloads\flac_T_aa\flac_T\T_0000003516.flac,bonafide,bonafide
T_0000027675,C:\Users\walia\Downloads\flac_T_aa\flac_T\T_0000027675.flac,spoof,A08
T_0000032857,C:\Users\walia\Downloads\flac_T_aa\flac_T\T_0000032857.flac,spoof,A07
T_0000009342,C:\Users\walia\Downloads\flac_T_aa\flac_T\T_0000009342.flac,spoof,A05
T_0000031521,C:\Users\walia\Downloads\flac_T_aa\flac_T\T_0000031521.flac,bonafide,bonafide
T_0000017902,C:\Users\walia\Downloads\flac_T_aa\flac_T\T_0000017902.flac,bonafide,bonafide
T_0000024780,C:\Users\walia\Downloads\flac_T_aa\flac_T\T_0000024780.flac,bonafide,bonafide
T_0000011036,C:\Users\walia\Downloads\flac_T_aa\flac_T\T_0000011036.flac,bonafide,bonafide
T_0000028488,C:\Users\walia\Downloads\flac_T_aa\flac_T\T_0000028488.flac,bonafide,bonafide
T_0000015146,C:\Users\walia\Downloads\flac_T_aa\flac_T\T_0000015146.flac,bonafide,bonafide
T_0000028152,C:\Users\walia\Downloads\flac_T_aa\flac_T\T_0000028152.flac,spoof,A03
T_0000010081,C:\Users\walia\Downloads\flac_T_aa\flac_T\T_0000010081.flac,spoof,A03
T_0000023335,C:\Users\walia\Downloads\flac_T_aa\flac_T\T_0000023335.flac,spoof,A06
T_0000022525,C:\Users\walia\Downloads\flac_T_aa\flac_T\T_0000022525.flac,bonafide,bonafide
T_0000019161,C:\Users\walia\Downloads\flac_T_aa\flac_T\T_0000019161.flac,spoof,A07
T_0000002779,C:\Users\walia\Downloads\flac_T_aa\flac_T\T_0000002779.flac,spoof,A08
T_0000035384,C:\Users\walia\Downloads\flac_T_aa\flac_T\T_0000035384.flac,bonafide,bonafide
T_0000021251,C:\Users\walia\Downloads\flac_T_aa\flac_T\T_0000021251.flac,bonafide,bonafide
T_0000001580,C:\Users\walia\Downloads\flac_T_aa\flac_T\T_0000001580.flac,spoof,A03
T_0000014317,C:\Users\walia\Downloads\flac_T_aa\flac_T\T_0000014317.flac,bonafide,bonafide
T_0000001971,C:\Users\walia\Downloads\flac_T_aa\flac_T\T_0000001971.flac,spoof,A02
T_0000021020,C:\Users\walia\Downloads\flac_T_aa\flac_T\T_0000021020.flac,bonafide,bonafide
T_0000002543,C:\Users\walia\Downloads\flac_T_aa\flac_T\T_0000002543.flac,spoof,A04
T_0000022796,C:\Users\walia\Downloads\flac_T_aa\flac_T\T_0000022796.flac,bonafide,bonafide
T_0000021855,C:\Users\walia\Downloads\flac_T_aa\flac_T\T_0000021855.flac,spoof,A08
T_0000011025,C:\Users\walia\Downloads\flac_T_aa\flac_T\T_0000011025.flac,spoof,A05
T_0000021621,C:\Users\walia\Downloads\flac_T_aa\flac_T\T_0000021621.flac,bonafide,bonafide
T_0000028347,C:\Users\walia\Downloads\flac_T_aa\flac_T\T_0000028347.flac,spoof,A08
T_0000026985,C:\Users\walia\Downloads\flac_T_aa\flac_T\T_0000026985.flac,bonafide,bonafide
T_0000018250,C:\Users\walia\Downloads\flac_T_aa\flac_T\T_0000018250.flac,bonafide,bonafide
T_0000000707,C:\Users\walia\Downloads\flac_T_aa\flac_T\T_0000000707.flac,bonafide,bonafide
T_0000022779,C:\Users\walia\Downloads\flac_T_aa\flac_T\T_0000022779.flac,spoof,A08
T_0000019870,C:\Users\walia\Downloads\flac_T_aa\flac_T\T_0000019870.flac,spoof,A08
T_0000009037,C:\Users\walia\Downloads\flac_T_aa\flac_T\T_0000009037.flac,bonafide,bonafide
T_0000016903,C:\Users\walia\Downloads\flac_T_aa\flac_T\T_0000016903.flac,spoof,A02
T_0000028382,C:\Users\walia\Downloads\flac_T_aa\flac_T\T_0000028382.flac,spoof,A03
T_0000026686,C:\Users\walia\Downloads\flac_T_aa\flac_T\T_0000026686.flac,spoof,A04
T_0000025547,C:\Users\walia\Downloads\flac_T_aa\flac_T\T_0000025547.flac,bonafide,bonafide
T_0000017417,C:\Users\walia\Downloads\flac_T_aa\flac_T\T_0000017417.flac,spoof,A03
T_0000017680,C:\Users\walia\Downloads\flac_T_aa\flac_T\T_0000017680.flac,bonafide,bonafide
T_0000000653,C:\Users\walia\Downloads\flac_T_aa\flac_T\T_0000000653.flac,spoof,A02
T_0000019963,C:\Users\walia\Downloads\flac_T_aa\flac_T\T_0000019963.flac,spoof,A06
T_0000030847,C:\Users\walia\Downloads\flac_T_aa\flac_T\T_0000030847.flac,spoof,A02
T_0000019053,C:\Users\walia\Downloads\flac_T_aa\flac_T\T_0000019053.flac,spoof,A05
T_0000007816,C:\Users\walia\Downloads\flac_T_aa\flac_T\T_0000007816.flac,bonafide,bonafide
T_0000035378,C:\Users\walia\Downloads\flac_T_aa\flac_T\T_0000035378.flac,bonafide,bonafide
T_0000021713,C:\Users\walia\Downloads\flac_T_aa\flac_T\T_0000021713.flac,bonafide,bonafide
T_0000034250,C:\Users\walia\Downloads\flac_T_aa\flac_T\T_0000034250.flac,bonafide,bonafide
T_0000001339,C:\Users\walia\Downloads\flac_T_aa\flac_T\T_0000001339.flac,bonafide,bonafide
T_0000023173,C:\Users\walia\Downloads\flac_T_aa\flac_T\T_0000023173.flac,bonafide,bonafide
T_0000010464,C:\Users\walia\Downloads\flac_T_aa\flac_T\T_0000010464.flac,spoof,A07
T_0000006496,C:\Users\walia\Downloads\flac_T_aa\flac_T\T_0000006496.flac,spoof,A02
T_0000012393,C:\Users\walia\Downloads\flac_T_aa\flac_T\T_0000012393.flac,spoof,A03
T_0000022503,C:\Users\walia\Downloads\flac_T_aa\flac_T\T_0000022503.flac,spoof,A02
T_0000036089,C:\Users\walia\Downloads\flac_T_aa\flac_T\T_0000036089.flac,spoof,A01
T_0000024565,C:\Users\walia\Downloads\flac_T_aa\flac_T\T_0000024565.flac,spoof,A04
T_0000010145,C:\Users\walia\Downloads\flac_T_aa\flac_T\T_0000010145.flac,spoof,A01
T_0000002624,C:\Users\walia\Downloads\flac_T_aa\flac_T\T_0000002624.flac,spoof,A06
T_0000032466,C:\Users\walia\Downloads\flac_T_aa\flac_T\T_0000032466.flac,bonafide,bonafide
T_0000007042,C:\Users\walia\Downloads\flac_T_aa\flac_T\T_0000007042.flac,spoof,A03
T_0000032578,C:\Users\walia\Downloads\flac_T_aa\flac_T\T_0000032578.flac,bonafide,bonafide
T_0000027060,C:\Users\walia\Downloads\flac_T_aa\flac_T\T_0000027060.flac,spoof,A02
T_0000032879,C:\Users\walia\Downloads\flac_T_aa\flac_T\T_0000032879.flac,spoof,A03
T_0000002027,C:\Users\walia\Downloads\flac_T_aa\flac_T\T_0000002027.flac,spoof,A05
T_0000010121,C:\Users\walia\Downloads\flac_T_aa\flac_T\T_0000010121.flac,bonafide,bonafide
T_0000008127,C:\Users\walia\Downloads\flac_T_aa\flac_T\T_0000008127.flac,spoof,A07
T_0000002537,C:\Users\walia\Downloads\flac_T_aa\flac_T\T_0000002537.flac,bonafide,bonafide
T_0000007083,C:\Users\walia\Downloads\flac_T_aa\flac_T\T_0000007083.flac,spoof,A05
T_0000015162,C:\Users\walia\Downloads\flac_T_aa\flac_T\T_0000015162.flac,spoof,A07
T_0000004652,C:\Users\walia\Downloads\flac_T_aa\flac_T\T_0000004652.flac,spoof,A07
T_0000006487,C:\Users\walia\Downloads\flac_T_aa\flac_T\T_0000006487.flac,bonafide,bonafide
T_0000031560,C:\Users\walia\Downloads\flac_T_aa\flac_T\T_0000031560.flac,bonafide,bonafide
T_0000027390,C:\Users\walia\Downloads\flac_T_aa\flac_T\T_0000027390.flac,bonafide,bonafide
T_0000001777,C:\Users\walia\Downloads\flac_T_aa\flac_T\T_0000001777.flac,bonafide,bonafide
T_0000034348,C:\Users\walia\Downloads\flac_T_aa\flac_T\T_0000034348.flac,spoof,A07
T_0000001090,C:\Users\walia\Downloads\flac_T_aa\flac_T\T_0000001090.flac,bonafide,bonafide
T_0000031564,C:\Users\walia\Downloads\flac_T_aa\flac_T\T_0000031564.flac,bonafide,bonafide
T_0000017435,C:\Users\walia\Downloads\flac_T_aa\flac_T\T_0000017435.flac,spoof,A04
T_0000012252,C:\Users\walia\Downloads\flac_T_aa\flac_T\T_0000012252.flac,spoof,A06
T_0000020946,C:\Users\walia\Downloads\flac_T_aa\flac_T\T_0000020946.flac,spoof,A03
T_0000030455,C:\Users\walia\Downloads\flac_T_aa\flac_T\T_0000030455.flac,spoof,A08
T_0000007394,C:\Users\walia\Downloads\flac_T_aa\flac_T\T_0000007394.flac,spoof,A01
T_0000001887,C:\Users\walia\Downloads\flac_T_aa\flac_T\T_0000001887.flac,spoof,A04
T_0000028692,C:\Users\walia\Downloads\flac_T_aa\flac_T\T_0000028692.flac,bonafide,bonafide
T_0000001667,C:\Users\walia\Downloads\flac_T_aa\flac_T\T_0000001667.flac,spoof,A05
T_0000010459,C:\Users\walia\Downloads\flac_T_aa\flac_T\T_0000010459.flac,bonafide,bonafide
T_0000006987,C:\Users\walia\Downloads\flac_T_aa\flac_T\T_0000006987.flac,bonafide,bonafide
T_0000009137,C:\Users\walia\Downloads\flac_T_aa\flac_T\T_0000009137.flac,spoof,A02
T_0000032462,C:\Users\walia\Downloads\flac_T_aa\flac_T\T_0000032462.flac,spoof,A08
T_0000020512,C:\Users\walia\Downloads\flac_T_aa\flac_T\T_0000020512.flac,bonafide,bonafide
T_0000031097,C:\Users\walia\Downloads\flac_T_aa\flac_T\T_0000031097.flac,spoof,A04
T_0000017729,C:\Users\walia\Downloads\flac_T_aa\flac_T\T_0000017729.flac,spoof,A05
T_0000002723,C:\Users\walia\Downloads\flac_T_aa\flac_T\T_0000002723.flac,spoof,A04
T_0000002020,C:\Users\walia\Downloads\flac_T_aa\flac_T\T_0000002020.flac,spoof,A07
T_0000027817,C:\Users\walia\Downloads\flac_T_aa\flac_T\T_0000027817.flac,bonafide,bonafide
T_0000023989,C:\Users\walia\Downloads\flac_T_aa\flac_T\T_0000023989.flac,bonafide,bonafide
T_0000030783,C:\Users\walia\Downloads\flac_T_aa\flac_T\T_0000030783.flac,spoof,A04
T_0000024061,C:\Users\walia\Downloads\flac_T_aa\flac_T\T_0000024061.flac,bonafide,bonafide
T_0000008669,C:\Users\walia\Downloads\flac_T_aa\flac_T\T_0000008669.flac,spoof,A07
T_0000026507,C:\Users\walia\Downloads\flac_T_aa\flac_T\T_0000026507.flac,spoof,A04
T_0000016458,C:\Users\walia\Downloads\flac_T_aa\flac_T\T_0000016458.flac,spoof,A02
T_0000017064,C:\Users\walia\Downloads\flac_T_aa\flac_T\T_0000017064.flac,spoof,A01
T_0000027195,C:\Users\walia\Downloads\flac_T_aa\flac_T\T_0000027195.flac,bonafide,bonafide
T_0000001387,C:\Users\walia\Downloads\flac_T_aa\flac_T\T_0000001387.flac,bonafide,bonafide
T_0000019594,C:\Users\walia\Downloads\flac_T_aa\flac_T\T_0000019594.flac,bonafide,bonafide
T_0000007109,C:\Users\walia\Downloads\flac_T_aa\flac_T\T_0000007109.flac,bonafide,bonafide
T_0000006074,C:\Users\walia\Downloads\flac_T_aa\flac_T\T_0000006074.flac,spoof,A08
T_0000014215,C:\Users\walia\Downloads\flac_T_aa\flac_T\T_0000014215.flac,bonafide,bonafide
T_0000024162,C:\Users\walia\Downloads\flac_T_aa\flac_T\T_0000024162.flac,bonafide,bonafide
T_0000007190,C:\Users\walia\Downloads\flac_T_aa\flac_T\T_0000007190.flac,bonafide,bonafide
T_0000005253,C:\Users\walia\Downloads\flac_T_aa\flac_T\T_0000005253.flac,spoof,A08
T_0000020586,C:\Users\walia\Downloads\flac_T_aa\flac_T\T_0000020586.flac,spoof,A06
T_0000026145,C:\Users\walia\Downloads\flac_T_aa\flac_T\T_0000026145.flac,bonafide,bonafide
T_0000004353,C:\Users\walia\Downloads\flac_T_aa\flac_T\T_0000004353.flac,bonafide,bonafide
T_0000005431,C:\Users\walia\Downloads\flac_T_aa\flac_T\T_0000005431.flac,spoof,A05
T_0000018606,C:\Users\walia\Downloads\flac_T_aa\flac_T\T_0000018606.flac,spoof,A03
T_0000013701,C:\Users\walia\Downloads\flac_T_aa\flac_T\T_0000013701.flac,bonafide,bonafide
T_0000019447,C:\Users\walia\Downloads\flac_T_aa\flac_T\T_0000019447.flac,bonafide,bonafide
T_0000018381,C:\Users\walia\Downloads\flac_T_aa\flac_T\T_0000018381.flac,spoof,A06
T_0000013591,C:\Users\walia\Downloads\flac_T_aa\flac_T\T_0000013591.flac,spoof,A05
T_0000033056,C:\Users\walia\Downloads\flac_T_aa\flac_T\T_0000033056.flac,spoof,A01
T_0000013697,C:\Users\walia\Downloads\flac_T_aa\flac_T\T_0000013697.flac,bonafide,bonafide
T_0000024735,C:\Users\walia\Downloads\flac_T_aa\flac_T\T_0000024735.flac,spoof,A03
T_0000027000,C:\Users\walia\Downloads\flac_T_aa\flac_T\T_0000027000.flac,bonafide,bonafide
T_0000027655,C:\Users\walia\Downloads\flac_T_aa\flac_T\T_0000027655.flac,spoof,A08
T_0000017357,C:\Users\walia\Downloads\flac_T_aa\flac_T\T_0000017357.flac,bonafide,bonafide
T_0000015688,C:\Users\walia\Downloads\flac_T_aa\flac_T\T_0000015688.flac,spoof,A02
T_0000002060,C:\Users\walia\Downloads\flac_T_aa\flac_T\T_0000002060.flac,spoof,A02
T_0000028413,C:\Users\walia\Downloads\flac_T_aa\flac_T\T_0000028413.flac,bonafide,bonafide
T_0000020687,C:\Users\walia\Downloads\flac_T_aa\flac_T\T_0000020687.flac,bonafide,bonafide
T_0000003682,C:\Users\walia\Downloads\flac_T_aa\flac_T\T_0000003682.flac,bonafide,bonafide
T_0000029088,C:\Users\walia\Downloads\flac_T_aa\flac_T\T_0000029088.flac,spoof,A08
T_0000014936,C:\Users\walia\Downloads\flac_T_aa\flac_T\T_0000014936.flac,spoof,A03
T_0000010983,C:\Users\walia\Downloads\flac_T_aa\flac_T\T_0000010983.flac,spoof,A03
T_0000011438,C:\Users\walia\Downloads\flac_T_aa\flac_T\T_0000011438.flac,spoof,A06
T_0000005420,C:\Users\walia\Downloads\flac_T_aa\flac_T\T_0000005420.flac,bonafide,bonafide
T_0000034095,C:\Users\walia\Downloads\flac_T_aa\flac_T\T_0000034095.flac,bonafide,bonafide
T_0000024727,C:\Users\walia\Downloads\flac_T_aa\flac_T\T_0000024727.flac,bonafide,bonafide
T_0000012334,C:\Users\walia\Downloads\flac_T_aa\flac_T\T_0000012334.flac,spoof,A06
T_0000012949,C:\Users\walia\Downloads\flac_T_aa\flac_T\T_0000012949.flac,spoof,A02
T_0000022352,C:\Users\walia\Downloads\flac_T_aa\flac_T\T_0000022352.flac,spoof,A05
T_0000021171,C:\Users\walia\Downloads\flac_T_aa\flac_T\T_0000021171.flac,spoof,A02
T_0000033773,C:\Users\walia\Downloads\flac_T_aa\flac_T\T_0000033773.flac,bonafide,bonafide
T_0000023181,C:\Users\walia\Downloads\flac_T_aa\flac_T\T_0000023181.flac,bonafide,bonafide
T_0000030367,C:\Users\walia\Downloads\flac_T_aa\flac_T\T_0000030367.flac,bonafide,bonafide
T_0000017247,C:\Users\walia\Downloads\flac_T_aa\flac_T\T_0000017247.flac,spoof,A07
T_0000016065,C:\Users\walia\Downloads\flac_T_aa\flac_T\T_0000016065.flac,bonafide,bonafide
T_0000020581,C:\Users\walia\Downloads\flac_T_aa\flac_T\T_0000020581.flac,bonafide,bonafide
T_0000018515,C:\Users\walia\Downloads\flac_T_aa\flac_T\T_0000018515.flac,spoof,A06
T_0000033454,C:\Users\walia\Downloads\flac_T_aa\flac_T\T_0000033454.flac,spoof,A07
T_0000008844,C:\Users\walia\Downloads\flac_T_aa\flac_T\T_0000008844.flac,bonafide,bonafide
T_0000021924,C:\Users\walia\Downloads\flac_T_aa\flac_T\T_0000021924.flac,bonafide,bonafide
T_0000024903,C:\Users\walia\Downloads\flac_T_aa\flac_T\T_0000024903.flac,spoof,A07
T_0000010720,C:\Users\walia\Downloads\flac_T_aa\flac_T\T_0000010720.flac,spoof,A06
T_0000002386,C:\Users\walia\Downloads\flac_T_aa\flac_T\T_0000002386.flac,spoof,A07
T_0000008357,C:\Users\walia\Downloads\flac_T_aa\flac_T\T_0000008357.flac,spoof,A08
T_0000035415,C:\Users\walia\Downloads\flac_T_aa\flac_T\T_0000035415.flac,spoof,A03
T_0000006176,C:\Users\walia\Downloads\flac_T_aa\flac_T\T_0000006176.flac,bonafide,bonafide
T_0000033261,C:\Users\walia\Downloads\flac_T_aa\flac_T\T_0000033261.flac,bonafide,bonafide
T_0000031443,C:\Users\walia\Downloads\flac_T_aa\flac_T\T_0000031443.flac,spoof,A02
T_0000028181,C:\Users\walia\Downloads\flac_T_aa\flac_T\T_0000028181.flac,spoof,A08
T_0000034142,C:\Users\walia\Downloads\flac_T_aa\flac_T\T_0000034142.flac,spoof,A06
T_0000030484,C:\Users\walia\Downloads\flac_T_aa\flac_T\T_0000030484.flac,spoof,A08
T_0000035795,C:\Users\walia\Downloads\flac_T_aa\flac_T\T_0000035795.flac,spoof,A07
T_0000027374,C:\Users\walia\Downloads\flac_T_aa\flac_T\T_0000027374.flac,spoof,A03
T_0000000526,C:\Users\walia\Downloads\flac_T_aa\flac_T\T_0000000526.flac,spoof,A08
T_0000024652,C:\Users\walia\Downloads\flac_T_aa\flac_T\T_0000024652.flac,spoof,A07
T_0000019342,C:\Users\walia\Downloads\flac_T_aa\flac_T\T_0000019342.flac,spoof,A04
T_0000021066,C:\Users\walia\Downloads\flac_T_aa\flac_T\T_0000021066.flac,bonafide,bonafide
T_0000025014,C:\Users\walia\Downloads\flac_T_aa\flac_T\T_0000025014.flac,spoof,A06
T_0000026510,C:\Users\walia\Downloads\flac_T_aa\flac_T\T_0000026510.flac,bonafide,bonafide
T_0000029851,C:\Users\walia\Downloads\flac_T_aa\flac_T\T_0000029851.flac,bonafide,bonafide
T_0000030134,C:\Users\walia\Downloads\flac_T_aa\flac_T\T_0000030134.flac,bonafide,bonafide
T_0000003061,C:\Users\walia\Downloads\flac_T_aa\flac_T\T_0000003061.flac,spoof,A05
T_0000029007,C:\Users\walia\Downloads\flac_T_aa\flac_T\T_0000029007.flac,spoof,A06
T_0000012006,C:\Users\walia\Downloads\flac_T_aa\flac_T\T_0000012006.flac,spoof,A04
T_0000003096,C:\Users\walia\Downloads\flac_T_aa\flac_T\T_0000003096.flac,spoof,A02
T_0000024108,C:\Users\walia\Downloads\flac_T_aa\flac_T\T_0000024108.flac,bonafide,bonafide
T_0000025889,C:\Users\walia\Downloads\flac_T_aa\flac_T\T_0000025889.flac,bonafide,bonafide
T_0000001985,C:\Users\walia\Downloads\flac_T_aa\flac_T\T_0000001985.flac,spoof,A07
T_0000001871,C:\Users\walia\Downloads\flac_T_aa\flac_T\T_0000001871.flac,spoof,A03
T_0000018391,C:\Users\walia\Downloads\flac_T_aa\flac_T\T_0000018391.flac,spoof,A06
T_0000030448,C:\Users\walia\Downloads\flac_T_aa\flac_T\T_0000030448.flac,spoof,A05
T_0000036152,C:\Users\walia\Downloads\flac_T_aa\flac_T\T_0000036152.flac,bonafide,bonafide
T_0000020422,C:\Users\walia\Downloads\flac_T_aa\flac_T\T_0000020422.flac,bonafide,bonafide
T_0000003649,C:\Users\walia\Downloads\flac_T_aa\flac_T\T_0000003649.flac,bonafide,bonafide
T_0000026137,C:\Users\walia\Downloads\flac_T_aa\flac_T\T_0000026137.flac,spoof,A04
T_0000024441,C:\Users\walia\Downloads\flac_T_aa\flac_T\T_0000024441.flac,spoof,A06
T_0000022998,C:\Users\walia\Downloads\flac_T_aa\flac_T\T_0000022998.flac,bonafide,bonafide
T_0000032588,C:\Users\walia\Downloads\flac_T_aa\flac_T\T_0000032588.flac,spoof,A07
T_0000018886,C:\Users\walia\Downloads\flac_T_aa\flac_T\T_0000018886.flac,bonafide,bonafide
T_0000007872,C:\Users\walia\Downloads\flac_T_aa\flac_T\T_0000007872.flac,spoof,A06
T_0000027349,C:\Users\walia\Downloads\flac_T_aa\flac_T\T_0000027349.flac,spoof,A03
T_0000003141,C:\Users\walia\Downloads\flac_T_aa\flac_T\T_0000003141.flac,spoof,A05
T_0000027482,C:\Users\walia\Downloads\flac_T_aa\flac_T\T_0000027482.flac,spoof,A03
T_0000019167,C:\Users\walia\Downloads\flac_T_aa\flac_T\T_0000019167.flac,spoof,A06
T_0000011570,C:\Users\walia\Downloads\flac_T_aa\flac_T\T_0000011570.flac,bonafide,bonafide
T_0000030184,C:\Users\walia\Downloads\flac_T_aa\flac_T\T_0000030184.flac,bonafide,bonafide
T_0000001796,C:\Users\walia\Downloads\flac_T_aa\flac_T\T_0000001796.flac,spoof,A03
T_0000017547,C:\Users\walia\Downloads\flac_T_aa\flac_T\T_0000017547.flac,bonafide,bonafide
T_0000024752,C:\Users\walia\Downloads\flac_T_aa\flac_T\T_0000024752.flac,bonafide,bonafide
T_0000022874,C:\Users\walia\Downloads\flac_T_aa\flac_T\T_0000022874.flac,spoof,A04
T_0000027637,C:\Users\walia\Downloads\flac_T_aa\flac_T\T_0000027637.flac,bonafide,bonafide
T_0000027296,C:\Users\walia\Downloads\flac_T_aa\flac_T\T_0000027296.flac,bonafide,bonafide
T_0000011981,C:\Users\walia\Downloads\flac_T_aa\flac_T\T_0000011981.flac,bonafide,bonafide
T_0000025224,C:\Users\walia\Downloads\flac_T_aa\flac_T\T_0000025224.flac,spoof,A02
T_0000005530,C:\Users\walia\Downloads\flac_T_aa\flac_T\T_0000005530.flac,spoof,A08
T_0000007082,C:\Users\walia\Downloads\flac_T_aa\flac_T\T_0000007082.flac,spoof,A08
T_0000005397,C:\Users\walia\Downloads\flac_T_aa\flac_T\T_0000005397.flac,bonafide,bonafide
T_0000011954,C:\Users\walia\Downloads\flac_T_aa\flac_T\T_0000011954.flac,bonafide,bonafide
T_0000024331,C:\Users\walia\Downloads\flac_T_aa\flac_T\T_0000024331.flac,bonafide,bonafide
T_0000015317,C:\Users\walia\Downloads\flac_T_aa\flac_T\T_0000015317.flac,bonafide,bonafide
T_0000026675,C:\Users\walia\Downloads\flac_T_aa\flac_T\T_0000026675.flac,spoof,A05
T_0000030152,C:\Users\walia\Downloads\flac_T_aa\flac_T\T_0000030152.flac,bonafide,bonafide
T_0000011085,C:\Users\walia\Downloads\flac_T_aa\flac_T\T_0000011085.flac,bonafide,bonafide
T_0000022090,C:\Users\walia\Downloads\flac_T_aa\flac_T\T_0000022090.flac,bonafide,bonafide
T_0000027469,C:\Users\walia\Downloads\flac_T_aa\flac_T\T_0000027469.flac,bonafide,bonafide
T_0000003177,C:\Users\walia\Downloads\flac_T_aa\flac_T\T_0000003177.flac,bonafide,bonafide
T_0000010409,C:\Users\walia\Downloads\flac_T_aa\flac_T\T_0000010409.flac,spoof,A04
T_0000007308,C:\Users\walia\Downloads\flac_T_aa\flac_T\T_0000007308.flac,spoof,A05
T_0000005692,C:\Users\walia\Downloads\flac_T_aa\flac_T\T_0000005692.flac,spoof,A04
T_0000006664,C:\Users\walia\Downloads\flac_T_aa\flac_T\T_0000006664.flac,bonafide,bonafide
T_0000018611,C:\Users\walia\Downloads\flac_T_aa\flac_T\T_0000018611.flac,bonafide,bonafide
T_0000033159,C:\Users\walia\Downloads\flac_T_aa\flac_T\T_0000033159.flac,bonafide,bonafide
T_0000010006,C:\Users\walia\Downloads\flac_T_aa\flac_T\T_0000010006.flac,bonafide,bonafide
T_0000010284,C:\Users\walia\Downloads\flac_T_aa\flac_T\T_0000010284.flac,spoof,A02
T_0000027691,C:\Users\walia\Downloads\flac_T_aa\flac_T\T_0000027691.flac,spoof,A07
T_0000028791,C:\Users\walia\Downloads\flac_T_aa\flac_T\T_0000028791.flac,spoof,A05
T_0000030605,C:\Users\walia\Downloads\flac_T_aa\flac_T\T_0000030605.flac,bonafide,bonafide
T_0000008268,C:\Users\walia\Downloads\flac_T_aa\flac_T\T_0000008268.flac,spoof,A03
T_0000022938,C:\Users\walia\Downloads\flac_T_aa\flac_T\T_0000022938.flac,spoof,A05
T_0000014500,C:\Users\walia\Downloads\flac_T_aa\flac_T\T_0000014500.flac,spoof,A08
T_0000031470,C:\Users\walia\Downloads\flac_T_aa\flac_T\T_0000031470.flac,spoof,A08
T_0000024864,C:\Users\walia\Downloads\flac_T_aa\flac_T\T_0000024864.flac,bonafide,bonafide
T_0000017654,C:\Users\walia\Downloads\flac_T_aa\flac_T\T_0000017654.flac,bonafide,bonafide
T_0000024656,C:\Users\walia\Downloads\flac_T_aa\flac_T\T_0000024656.flac,bonafide,bonafide
T_0000035196,C:\Users\walia\Downloads\flac_T_aa\flac_T\T_0000035196.flac,bonafide,bonafide
T_0000025133,C:\Users\walia\Downloads\flac_T_aa\flac_T\T_0000025133.flac,bonafide,bonafide
T_0000020689,C:\Users\walia\Downloads\flac_T_aa\flac_T\T_0000020689.flac,bonafide,bonafide
T_0000006770,C:\Users\walia\Downloads\flac_T_aa\flac_T\T_0000006770.flac,bonafide,bonafide
T_0000027329,C:\Users\walia\Downloads\flac_T_aa\flac_T\T_0000027329.flac,spoof,A04
T_0000005915,C:\Users\walia\Downloads\flac_T_aa\flac_T\T_0000005915.flac,bonafide,bonafide
T_0000029260,C:\Users\walia\Downloads\flac_T_aa\flac_T\T_0000029260.flac,bonafide,bonafide
T_0000003585,C:\Users\walia\Downloads\flac_T_aa\flac_T\T_0000003585.flac,bonafide,bonafide
T_0000020136,C:\Users\walia\Downloads\flac_T_aa\flac_T\T_0000020136.flac,spoof,A03
T_0000009617,C:\Users\walia\Downloads\flac_T_aa\flac_T\T_0000009617.flac,bonafide,bonafide
T_0000018261,C:\Users\walia\Downloads\flac_T_aa\flac_T\T_0000018261.flac,bonafide,bonafide
T_0000018604,C:\Users\walia\Downloads\flac_T_aa\flac_T\T_0000018604.flac,spoof,A08
T_0000025601,C:\Users\walia\Downloads\flac_T_aa\flac_T\T_0000025601.flac,bonafide,bonafide
T_0000031069,C:\Users\walia\Downloads\flac_T_aa\flac_T\T_0000031069.flac,bonafide,bonafide
T_0000017650,C:\Users\walia\Downloads\flac_T_aa\flac_T\T_0000017650.flac,spoof,A06
T_0000023877,C:\Users\walia\Downloads\flac_T_aa\flac_T\T_0000023877.flac,bonafide,bonafide
T_0000031680,C:\Users\walia\Downloads\flac_T_aa\flac_T\T_0000031680.flac,spoof,A03
T_0000008263,C:\Users\walia\Downloads\flac_T_aa\flac_T\T_0000008263.flac,bonafide,bonafide
T_0000032935,C:\Users\walia\Downloads\flac_T_aa\flac_T\T_0000032935.flac,bonafide,bonafide
T_0000002842,C:\Users\walia\Downloads\flac_T_aa\flac_T\T_0000002842.flac,bonafide,bonafide
T_0000023163,C:\Users\walia\Downloads\flac_T_aa\flac_T\T_0000023163.flac,bonafide,bonafide
T_0000028741,C:\Users\walia\Downloads\flac_T_aa\flac_T\T_0000028741.flac,spoof,A02
T_0000011000,C:\Users\walia\Downloads\flac_T_aa\flac_T\T_0000011000.flac,bonafide,bonafide
T_0000005487,C:\Users\walia\Downloads\flac_T_aa\flac_T\T_0000005487.flac,spoof,A04
T_0000022981,C:\Users\walia\Downloads\flac_T_aa\flac_T\T_0000022981.flac,spoof,A08
T_0000013191,C:\Users\walia\Downloads\flac_T_aa\flac_T\T_0000013191.flac,bonafide,bonafide
T_0000006911,C:\Users\walia\Downloads\flac_T_aa\flac_T\T_0000006911.flac,spoof,A07
T_0000017520,C:\Users\walia\Downloads\flac_T_aa\flac_T\T_0000017520.flac,bonafide,bonafide
T_0000005867,C:\Users\walia\Downloads\flac_T_aa\flac_T\T_0000005867.flac,spoof,A06
T_0000001452,C:\Users\walia\Downloads\flac_T_aa\flac_T\T_0000001452.flac,spoof,A06
T_0000022323,C:\Users\walia\Downloads\flac_T_aa\flac_T\T_0000022323.flac,bonafide,bonafide
T_0000011143,C:\Users\walia\Downloads\flac_T_aa\flac_T\T_0000011143.flac,bonafide,bonafide
T_0000016030,C:\Users\walia\Downloads\flac_T_aa\flac_T\T_0000016030.flac,bonafide,bonafide
T_0000019722,C:\Users\walia\Downloads\flac_T_aa\flac_T\T_0000019722.flac,spoof,A08
T_0000000271,C:\Users\walia\Downloads\flac_T_aa\flac_T\T_0000000271.flac,bonafide,bonafide
T_0000034430,C:\Users\walia\Downloads\flac_T_aa\flac_T\T_0000034430.flac,bonafide,bonafide
T_0000035385,C:\Users\walia\Downloads\flac_T_aa\flac_T\T_0000035385.flac,spoof,A07
T_0000031054,C:\Users\walia\Downloads\flac_T_aa\flac_T\T_0000031054.flac,bonafide,bonafide
T_0000029893,C:\Users\walia\Downloads\flac_T_aa\flac_T\T_0000029893.flac,spoof,A05
T_0000026969,C:\Users\walia\Downloads\flac_T_aa\flac_T\T_0000026969.flac,spoof,A06
T_0000009795,C:\Users\walia\Downloads\flac_T_aa\flac_T\T_0000009795.flac,bonafide,bonafide
T_0000012945,C:\Users\walia\Downloads\flac_T_aa\flac_T\T_0000012945.flac,spoof,A05
T_0000013966,C:\Users\walia\Downloads\flac_T_aa\flac_T\T_0000013966.flac,bonafide,bonafide
T_0000021001,C:\Users\walia\Downloads\flac_T_aa\flac_T\T_0000021001.flac,bonafide,bonafide
T_0000011990,C:\Users\walia\Downloads\flac_T_aa\flac_T\T_0000011990.flac,spoof,A05
T_0000032354,C:\Users\walia\Downloads\flac_T_aa\flac_T\T_0000032354.flac,spoof,A08
T_0000017277,C:\Users\walia\Downloads\flac_T_aa\flac_T\T_0000017277.flac,bonafide,bonafide
T_0000008229,C:\Users\walia\Downloads\flac_T_aa\flac_T\T_0000008229.flac,spoof,A02
T_0000032513,C:\Users\walia\Downloads\flac_T_aa\flac_T\T_0000032513.flac,bonafide,bonafide
T_0000030738,C:\Users\walia\Downloads\flac_T_aa\flac_T\T_0000030738.flac,bonafide,bonafide
T_0000033263,C:\Users\walia\Downloads\flac_T_aa\flac_T\T_0000033263.flac,bonafide,bonafide
T_0000020945,C:\Users\walia\Downloads\flac_T_aa\flac_T\T_0000020945.flac,spoof,A04
T_0000010648,C:\Users\walia\Downloads\flac_T_aa\flac_T\T_0000010648.flac,bonafide,bonafide
T_0000024822,C:\Users\walia\Downloads\flac_T_aa\flac_T\T_0000024822.flac,spoof,A04
T_0000009297,C:\Users\walia\Downloads\flac_T_aa\flac_T\T_0000009297.flac,spoof,A03
T_0000027406,C:\Users\walia\Downloads\flac_T_aa\flac_T\T_0000027406.flac,bonafide,bonafide
T_0000026239,C:\Users\walia\Downloads\flac_T_aa\flac_T\T_0000026239.flac,bonafide,bonafide
T_0000005901,C:\Users\walia\Downloads\flac_T_aa\flac_T\T_0000005901.flac,spoof,A05
T_0000004454,C:\Users\walia\Downloads\flac_T_aa\flac_T\T_0000004454.flac,bonafide,bonafide
T_0000003337,C:\Users\walia\Downloads\flac_T_aa\flac_T\T_0000003337.flac,bonafide,bonafide
T_0000005568,C:\Users\walia\Downloads\flac_T_aa\flac_T\T_0000005568.flac,bonafide,bonafide
T_0000016294,C:\Users\walia\Downloads\flac_T_aa\flac_T\T_0000016294.flac,spoof,A04
T_0000004727,C:\Users\walia\Downloads\flac_T_aa\flac_T\T_0000004727.flac,bonafide,bonafide
T_0000031122,C:\Users\walia\Downloads\flac_T_aa\flac_T\T_0000031122.flac,spoof,A05
T_0000013087,C:\Users\walia\Downloads\flac_T_aa\flac_T\T_0000013087.flac,bonafide,bonafide
T_0000028582,C:\Users\walia\Downloads\flac_T_aa\flac_T\T_0000028582.flac,spoof,A07
T_0000009457,C:\Users\walia\Downloads\flac_T_aa\flac_T\T_0000009457.flac,spoof,A04
T_0000032970,C:\Users\walia\Downloads\flac_T_aa\flac_T\T_0000032970.flac,bonafide,bonafide
T_0000000983,C:\Users\walia\Downloads\flac_T_aa\flac_T\T_0000000983.flac,spoof,A05
T_0000002388,C:\Users\walia\Downloads\flac_T_aa\flac_T\T_0000002388.flac,bonafide,bonafide
T_0000010883,C:\Users\walia\Downloads\flac_T_aa\flac_T\T_0000010883.flac,bonafide,bonafide
T_0000027081,C:\Users\walia\Downloads\flac_T_aa\flac_T\T_0000027081.flac,bonafide,bonafide
T_0000007471,C:\Users\walia\Downloads\flac_T_aa\flac_T\T_0000007471.flac,spoof,A05
T_0000028235,C:\Users\walia\Downloads\flac_T_aa\flac_T\T_0000028235.flac,bonafide,bonafide
T_0000030471,C:\Users\walia\Downloads\flac_T_aa\flac_T\T_0000030471.flac,spoof,A01
T_0000005262,C:\Users\walia\Downloads\flac_T_aa\flac_T\T_0000005262.flac,bonafide,bonafide
T_0000018041,C:\Users\walia\Downloads\flac_T_aa\flac_T\T_0000018041.flac,spoof,A06
T_0000022686,C:\Users\walia\Downloads\flac_T_aa\flac_T\T_0000022686.flac,bonafide,bonafide
T_0000005366,C:\Users\walia\Downloads\flac_T_aa\flac_T\T_0000005366.flac,bonafide,bonafide
T_0000035896,C:\Users\walia\Downloads\flac_T_aa\flac_T\T_0000035896.flac,bonafide,bonafide
T_0000006652,C:\Users\walia\Downloads\flac_T_aa\flac_T\T_0000006652.flac,spoof,A02
T_0000035439,C:\Users\walia\Downloads\flac_T_aa\flac_T\T_0000035439.flac,bonafide,bonafide
T_0000015167,C:\Users\walia\Downloads\flac_T_aa\flac_T\T_0000015167.flac,spoof,A06
T_0000015481,C:\Users\walia\Downloads\flac_T_aa\flac_T\T_0000015481.flac,spoof,A07
T_0000035140,C:\Users\walia\Downloads\flac_T_aa\flac_T\T_0000035140.flac,bonafide,bonafide
T_0000005387,C:\Users\walia\Downloads\flac_T_aa\flac_T\T_0000005387.flac,spoof,A01
T_0000023783,C:\Users\walia\Downloads\flac_T_aa\flac_T\T_0000023783.flac,spoof,A04
T_0000005594,C:\Users\walia\Downloads\flac_T_aa\flac_T\T_0000005594.flac,spoof,A02
T_0000024601,C:\Users\walia\Downloads\flac_T_aa\flac_T\T_0000024601.flac,spoof,A03
T_0000000419,C:\Users\walia\Downloads\flac_T_aa\flac_T\T_0000000419.flac,bonafide,bonafide
T_0000003335,C:\Users\walia\Downloads\flac_T_aa\flac_T\T_0000003335.flac,bonafide,bonafide
T_0000024785,C:\Users\walia\Downloads\flac_T_aa\flac_T\T_0000024785.flac,bonafide,bonafide
T_0000001717,C:\Users\walia\Downloads\flac_T_aa\flac_T\T_0000001717.flac,spoof,A05
T_0000007183,C:\Users\walia\Downloads\flac_T_aa\flac_T\T_0000007183.flac,bonafide,bonafide
T_0000028550,C:\Users\walia\Downloads\flac_T_aa\flac_T\T_0000028550.flac,bonafide,bonafide
T_0000032939,C:\Users\walia\Downloads\flac_T_aa\flac_T\T_0000032939.flac,spoof,A01
T_0000025546,C:\Users\walia\Downloads\flac_T_aa\flac_T\T_0000025546.flac,spoof,A02
T_0000000215,C:\Users\walia\Downloads\flac_T_aa\flac_T\T_0000000215.flac,bonafide,bonafide
T_0000007195,C:\Users\walia\Downloads\flac_T_aa\flac_T\T_0000007195.flac,bonafide,bonafide
T_0000014178,C:\Users\walia\Downloads\flac_T_aa\flac_T\T_0000014178.flac,spoof,A05
T_0000008907,C:\Users\walia\Downloads\flac_T_aa\flac_T\T_0000008907.flac,bonafide,bonafide
T_0000022806,C:\Users\walia\Downloads\flac_T_aa\flac_T\T_0000022806.flac,spoof,A08
T_0000033894,C:\Users\walia\Downloads\flac_T_aa\flac_T\T_0000033894.flac,bonafide,bonafide
T_0000005138,C:\Users\walia\Downloads\flac_T_aa\flac_T\T_0000005138.flac,spoof,A01
T_0000027605,C:\Users\walia\Downloads\flac_T_aa\flac_T\T_0000027605.flac,bonafide,bonafide
T_0000004758,C:\Users\walia\Downloads\flac_T_aa\flac_T\T_0000004758.flac,spoof,A03
T_0000002389,C:\Users\walia\Downloads\flac_T_aa\flac_T\T_0000002389.flac,spoof,A04
T_0000018778,C:\Users\walia\Downloads\flac_T_aa\flac_T\T_0000018778.flac,bonafide,bonafide
T_0000008789,C:\Users\walia\Downloads\flac_T_aa\flac_T\T_0000008789.flac,bonafide,bonafide
T_0000002763,C:\Users\walia\Downloads\flac_T_aa\flac_T\T_0000002763.flac,spoof,A03
T_0000024874,C:\Users\walia\Downloads\flac_T_aa\flac_T\T_0000024874.flac,spoof,A08
T_0000021266,C:\Users\walia\Downloads\flac_T_aa\flac_T\T_0000021266.flac,spoof,A04
T_0000005026,C:\Users\walia\Downloads\flac_T_aa\flac_T\T_0000005026.flac,spoof,A07
T_0000006462,C:\Users\walia\Downloads\flac_T_aa\flac_T\T_0000006462.flac,bonafide,bonafide
T_0000019150,C:\Users\walia\Downloads\flac_T_aa\flac_T\T_0000019150.flac,spoof,A02
T_0000032817,C:\Users\walia\Downloads\flac_T_aa\flac_T\T_0000032817.flac,bonafide,bonafide
T_0000029937,C:\Users\walia\Downloads\flac_T_aa\flac_T\T_0000029937.flac,spoof,A07
T_0000021097,C:\Users\walia\Downloads\flac_T_aa\flac_T\T_0000021097.flac,spoof,A06
T_0000023021,C:\Users\walia\Downloads\flac_T_aa\flac_T\T_0000023021.flac,spoof,A03
T_0000005412,C:\Users\walia\Downloads\flac_T_aa\flac_T\T_0000005412.flac,spoof,A06
T_0000013773,C:\Users\walia\Downloads\flac_T_aa\flac_T\T_0000013773.flac,spoof,A01
T_0000021947,C:\Users\walia\Downloads\flac_T_aa\flac_T\T_0000021947.flac,spoof,A07
T_0000010878,C:\Users\walia\Downloads\flac_T_aa\flac_T\T_0000010878.flac,spoof,A07
T_0000011953,C:\Users\walia\Downloads\flac_T_aa\flac_T\T_0000011953.flac,bonafide,bonafide
T_0000023684,C:\Users\walia\Downloads\flac_T_aa\flac_T\T_0000023684.flac,bonafide,bonafide
T_0000019889,C:\Users\walia\Downloads\flac_T_aa\flac_T\T_0000019889.flac,bonafide,bonafide
T_0000026235,C:\Users\walia\Downloads\flac_T_aa\flac_T\T_0000026235.flac,spoof,A05
T_0000030408,C:\Users\walia\Downloads\flac_T_aa\flac_T\T_0000030408.flac,bonafide,bonafide
T_0000011515,C:\Users\walia\Downloads\flac_T_aa\flac_T\T_0000011515.flac,spoof,A07
T_0000001605,C:\Users\walia\Downloads\flac_T_aa\flac_T\T_0000001605.flac,spoof,A04
T_0000031351,C:\Users\walia\Downloads\flac_T_aa\flac_T\T_0000031351.flac,bonafide,bonafide
T_0000010004,C:\Users\walia\Downloads\flac_T_aa\flac_T\T_0000010004.flac,spoof,A06
T_0000029805,C:\Users\walia\Downloads\flac_T_aa\flac_T\T_0000029805.flac,bonafide,bonafide
T_0000031253,C:\Users\walia\Downloads\flac_T_aa\flac_T\T_0000031253.flac,spoof,A04
T_0000004575,C:\Users\walia\Downloads\flac_T_aa\flac_T\T_0000004575.flac,bonafide,bonafide
T_0000030694,C:\Users\walia\Downloads\flac_T_aa\flac_T\T_0000030694.flac,spoof,A02
T_0000013363,C:\Users\walia\Downloads\flac_T_aa\flac_T\T_0000013363.flac,bonafide,bonafide
T_0000009548,C:\Users\walia\Downloads\flac_T_aa\flac_T\T_0000009548.flac,spoof,A08
T_0000020924,C:\Users\walia\Downloads\flac_T_aa\flac_T\T_0000020924.flac,bonafide,bonafide
T_0000007074,C:\Users\walia\Downloads\flac_T_aa\flac_T\T_0000007074.flac,spoof,A02
T_0000034114,C:\Users\walia\Downloads\flac_T_aa\flac_T\T_0000034114.flac,bonafide,bonafide
T_0000033872,C:\Users\walia\Downloads\flac_T_aa\flac_T\T_0000033872.flac,bonafide,bonafide
T_0000011003,C:\Users\walia\Downloads\flac_T_aa\flac_T\T_0000011003.flac,bonafide,bonafide
T_0000008560,C:\Users\walia\Downloads\flac_T_aa\flac_T\T_0000008560.flac,bonafide,bonafide
T_0000016157,C:\Users\walia\Downloads\flac_T_aa\flac_T\T_0000016157.flac,bonafide,bonafide
T_0000016721,C:\Users\walia\Downloads\flac_T_aa\flac_T\T_0000016721.flac,bonafide,bonafide
T_0000010929,C:\Users\walia\Downloads\flac_T_aa\flac_T\T_0000010929.flac,bonafide,bonafide
T_0000008013,C:\Users\walia\Downloads\flac_T_aa\flac_T\T_0000008013.flac,bonafide,bonafide
T_0000016287,C:\Users\walia\Downloads\flac_T_aa\flac_T\T_0000016287.flac,bonafide,bonafide
T_0000004870,C:\Users\walia\Downloads\flac_T_aa\flac_T\T_0000004870.flac,spoof,A05
T_0000032097,C:\Users\walia\Downloads\flac_T_aa\flac_T\T_0000032097.flac,bonafide,bonafide
T_0000016999,C:\Users\walia\Downloads\flac_T_aa\flac_T\T_0000016999.flac,spoof,A07
T_0000001178,C:\Users\walia\Downloads\flac_T_aa\flac_T\T_0000001178.flac,spoof,A02
T_0000034336,C:\Users\walia\Downloads\flac_T_aa\flac_T\T_0000034336.flac,spoof,A06
T_0000028261,C:\Users\walia\Downloads\flac_T_aa\flac_T\T_0000028261.flac,spoof,A01
T_0000032867,C:\Users\walia\Downloads\flac_T_aa\flac_T\T_0000032867.flac,bonafide,bonafide
T_0000009923,C:\Users\walia\Downloads\flac_T_aa\flac_T\T_0000009923.flac,bonafide,bonafide
T_0000032535,C:\Users\walia\Downloads\flac_T_aa\flac_T\T_0000032535.flac,bonafide,bonafide
T_0000017735,C:\Users\walia\Downloads\flac_T_aa\flac_T\T_0000017735.flac,bonafide,bonafide
T_0000028416,C:\Users\walia\Downloads\flac_T_aa\flac_T\T_0000028416.flac,spoof,A04
T_0000018414,C:\Users\walia\Downloads\flac_T_aa\flac_T\T_0000018414.flac,spoof,A07
T_0000017916,C:\Users\walia\Downloads\flac_T_aa\flac_T\T_0000017916.flac,bonafide,bonafide
T_0000010864,C:\Users\walia\Downloads\flac_T_aa\flac_T\T_0000010864.flac,bonafide,bonafide
T_0000004224,C:\Users\walia\Downloads\flac_T_aa\flac_T\T_0000004224.flac,spoof,A08
T_0000000539,C:\Users\walia\Downloads\flac_T_aa\flac_T\T_0000000539.flac,bonafide,bonafide
T_0000018615,C:\Users\walia\Downloads\flac_T_aa\flac_T\T_0000018615.flac,spoof,A05
T_0000018987,C:\Users\walia\Downloads\flac_T_aa\flac_T\T_0000018987.flac,spoof,A01
T_0000011969,C:\Users\walia\Downloads\flac_T_aa\flac_T\T_0000011969.flac,spoof,A05
T_0000006363,C:\Users\walia\Downloads\flac_T_aa\flac_T\T_0000006363.flac,bonafide,bonafide
T_0000009802,C:\Users\walia\Downloads\flac_T_aa\flac_T\T_0000009802.flac,spoof,A02
T_0000026948,C:\Users\walia\Downloads\flac_T_aa\flac_T\T_0000026948.flac,bonafide,bonafide
T_0000017055,C:\Users\walia\Downloads\flac_T_aa\flac_T\T_0000017055.flac,spoof,A02
T_0000020922,C:\Users\walia\Downloads\flac_T_aa\flac_T\T_0000020922.flac,spoof,A04
T_0000030987,C:\Users\walia\Downloads\flac_T_aa\flac_T\T_0000030987.flac,bonafide,bonafide
T_0000032550,C:\Users\walia\Downloads\flac_T_aa\flac_T\T_0000032550.flac,spoof,A07
T_0000002286,C:\Users\walia\Downloads\flac_T_aa\flac_T\T_0000002286.flac,bonafide,bonafide
T_0000034667,C:\Users\walia\Downloads\flac_T_aa\flac_T\T_0000034667.flac,spoof,A07
T_0000013354,C:\Users\walia\Downloads\flac_T_aa\flac_T\T_0000013354.flac,bonafide,bonafide
T_0000015209,C:\Users\walia\Downloads\flac_T_aa\flac_T\T_0000015209.flac,spoof,A07
T_0000012162,C:\Users\walia\Downloads\flac_T_aa\flac_T\T_0000012162.flac,spoof,A05
T_0000007007,C:\Users\walia\Downloads\flac_T_aa\flac_T\T_0000007007.flac,bonafide,bonafide
T_0000027852,C:\Users\walia\Downloads\flac_T_aa\flac_T\T_0000027852.flac,spoof,A06
T_0000002980,C:\Users\walia\Downloads\flac_T_aa\flac_T\T_0000002980.flac,bonafide,bonafide
T_0000017856,C:\Users\walia\Downloads\flac_T_aa\flac_T\T_0000017856.flac,bonafide,bonafide
T_0000004766,C:\Users\walia\Downloads\flac_T_aa\flac_T\T_0000004766.flac,spoof,A06
T_0000027443,C:\Users\walia\Downloads\flac_T_aa\flac_T\T_0000027443.flac,spoof,A03
T_0000015022,C:\Users\walia\Downloads\flac_T_aa\flac_T\T_0000015022.flac,bonafide,bonafide
T_0000007574,C:\Users\walia\Downloads\flac_T_aa\flac_T\T_0000007574.flac,bonafide,bonafide
T_0000005984,C:\Users\walia\Downloads\flac_T_aa\flac_T\T_0000005984.flac,spoof,A08
T_0000021960,C:\Users\walia\Downloads\flac_T_aa\flac_T\T_0000021960.flac,bonafide,bonafide
T_0000016283,C:\Users\walia\Downloads\flac_T_aa\flac_T\T_0000016283.flac,bonafide,bonafide
T_0000014800,C:\Users\walia\Downloads\flac_T_aa\flac_T\T_0000014800.flac,spoof,A05
T_0000026488,C:\Users\walia\Downloads\flac_T_aa\flac_T\T_0000026488.flac,spoof,A07
T_0000019459,C:\Users\walia\Downloads\flac_T_aa\flac_T\T_0000019459.flac,spoof,A01
T_0000027115,C:\Users\walia\Downloads\flac_T_aa\flac_T\T_0000027115.flac,spoof,A06
T_0000010956,C:\Users\walia\Downloads\flac_T_aa\flac_T\T_0000010956.flac,spoof,A07
T_0000000872,C:\Users\walia\Downloads\flac_T_aa\flac_T\T_0000000872.flac,bonafide,bonafide
T_0000035621,C:\Users\walia\Downloads\flac_T_aa\flac_T\T_0000035621.flac,bonafide,bonafide
T_0000027336,C:\Users\walia\Downloads\flac_T_aa\flac_T\T_0000027336.flac,bonafide,bonafide
T_0000023042,C:\Users\walia\Downloads\flac_T_aa\flac_T\T_0000023042.flac,bonafide,bonafide
T_0000028954,C:\Users\walia\Downloads\flac_T_aa\flac_T\T_0000028954.flac,spoof,A05
T_0000033289,C:\Users\walia\Downloads\flac_T_aa\flac_T\T_0000033289.flac,spoof,A04
T_0000015694,C:\Users\walia\Downloads\flac_T_aa\flac_T\T_0000015694.flac,bonafide,bonafide
T_0000006435,C:\Users\walia\Downloads\flac_T_aa\flac_T\T_0000006435.flac,bonafide,bonafide
T_0000033031,C:\Users\walia\Downloads\flac_T_aa\flac_T\T_0000033031.flac,spoof,A06
T_0000022200,C:\Users\walia\Downloads\flac_T_aa\flac_T\T_0000022200.flac,bonafide,bonafide
T_0000004927,C:\Users\walia\Downloads\flac_T_aa\flac_T\T_0000004927.flac,spoof,A01
T_0000000089,C:\Users\walia\Downloads\flac_T_aa\flac_T\T_0000000089.flac,bonafide,bonafide
T_0000010136,C:\Users\walia\Downloads\flac_T_aa\flac_T\T_0000010136.flac,spoof,A02
T_0000008797,C:\Users\walia\Downloads\flac_T_aa\flac_T\T_0000008797.flac,spoof,A06
T_0000035054,C:\Users\walia\Downloads\flac_T_aa\flac_T\T_0000035054.flac,bonafide,bonafide
T_0000000530,C:\Users\walia\Downloads\flac_T_aa\flac_T\T_0000000530.flac,bonafide,bonafide
T_0000036334,C:\Users\walia\Downloads\flac_T_aa\flac_T\T_0000036334.flac,spoof,A06
T_0000035626,C:\Users\walia\Downloads\flac_T_aa\flac_T\T_0000035626.flac,bonafide,bonafide
T_0000025036,C:\Users\walia\Downloads\flac_T_aa\flac_T\T_0000025036.flac,spoof,A02
T_0000000573,C:\Users\walia\Downloads\flac_T_aa\flac_T\T_0000000573.flac,bonafide,bonafide
T_0000033640,C:\Users\walia\Downloads\flac_T_aa\flac_T\T_0000033640.flac,spoof,A04
T_0000009783,C:\Users\walia\Downloads\flac_T_aa\flac_T\T_0000009783.flac,spoof,A04
T_0000012050,C:\Users\walia\Downloads\flac_T_aa\flac_T\T_0000012050.flac,spoof,A08
T_0000029130,C:\Users\walia\Downloads\flac_T_aa\flac_T\T_0000029130.flac,spoof,A01
T_0000001151,C:\Users\walia\Downloads\flac_T_aa\flac_T\T_0000001151.flac,spoof,A05
T_0000033737,C:\Users\walia\Downloads\flac_T_aa\flac_T\T_0000033737.flac,spoof,A01
T_0000035525,C:\Users\walia\Downloads\flac_T_aa\flac_T\T_0000035525.flac,bonafide,bonafide
T_0000017195,C:\Users\walia\Downloads\flac_T_aa\flac_T\T_0000017195.flac,spoof,A08
T_0000000134,C:\Users\walia\Downloads\flac_T_aa\flac_T\T_0000000134.flac,bonafide,bonafide
T_0000003272,C:\Users\walia\Downloads\flac_T_aa\flac_T\T_0000003272.flac,spoof,A07
T_0000022787,C:\Users\walia\Downloads\flac_T_aa\flac_T\T_0000022787.flac,spoof,A01
T_0000007150,C:\Users\walia\Downloads\flac_T_aa\flac_T\T_0000007150.flac,bonafide,bonafide
T_0000029203,C:\Users\walia\Downloads\flac_T_aa\flac_T\T_0000029203.flac,spoof,A06
T_0000020030,C:\Users\walia\Downloads\flac_T_aa\flac_T\T_0000020030.flac,bonafide,bonafide
T_0000030512,C:\Users\walia\Downloads\flac_T_aa\flac_T\T_0000030512.flac,spoof,A08
T_0000022219,C:\Users\walia\Downloads\flac_T_aa\flac_T\T_0000022219.flac,bonafide,bonafide
T_0000034004,C:\Users\walia\Downloads\flac_T_aa\flac_T\T_0000034004.flac,bonafide,bonafide
T_0000025488,C:\Users\walia\Downloads\flac_T_aa\flac_T\T_0000025488.flac,spoof,A01
T_0000011583,C:\Users\walia\Downloads\flac_T_aa\flac_T\T_0000011583.flac,spoof,A02
T_0000012233,C:\Users\walia\Downloads\flac_T_aa\flac_T\T_0000012233.flac,bonafide,bonafide
T_0000003308,C:\Users\walia\Downloads\flac_T_aa\flac_T\T_0000003308.flac,spoof,A04
T_0000011853,C:\Users\walia\Downloads\flac_T_aa\flac_T\T_0000011853.flac,spoof,A08
T_0000002141,C:\Users\walia\Downloads\flac_T_aa\flac_T\T_0000002141.flac,bonafide,bonafide
T_0000028323,C:\Users\walia\Downloads\flac_T_aa\flac_T\T_0000028323.flac,spoof,A08
T_0000019273,C:\Users\walia\Downloads\flac_T_aa\flac_T\T_0000019273.flac,spoof,A01
T_0000008253,C:\Users\walia\Downloads\flac_T_aa\flac_T\T_0000008253.flac,bonafide,bonafide
T_0000017375,C:\Users\walia\Downloads\flac_T_aa\flac_T\T_0000017375.flac,spoof,A06
T_0000024446,C:\Users\walia\Downloads\flac_T_aa\flac_T\T_0000024446.flac,bonafide,bonafide
T_0000010943,C:\Users\walia\Downloads\flac_T_aa\flac_T\T_0000010943.flac,spoof,A08
T_0000023207,C:\Users\walia\Downloads\flac_T_aa\flac_T\T_0000023207.flac,spoof,A04
T_0000032715,C:\Users\walia\Downloads\flac_T_aa\flac_T\T_0000032715.flac,bonafide,bonafide
T_0000013015,C:\Users\walia\Downloads\flac_T_aa\flac_T\T_0000013015.flac,bonafide,bonafide
T_0000004608,C:\Users\walia\Downloads\flac_T_aa\flac_T\T_0000004608.flac,spoof,A03
T_0000018997,C:\Users\walia\Downloads\flac_T_aa\flac_T\T_0000018997.flac,spoof,A08
T_0000002649,C:\Users\walia\Downloads\flac_T_aa\flac_T\T_0000002649.flac,bonafide,bonafide
T_0000017328,C:\Users\walia\Downloads\flac_T_aa\flac_T\T_0000017328.flac,bonafide,bonafide
T_0000016826,C:\Users\walia\Downloads\flac_T_aa\flac_T\T_0000016826.flac,spoof,A08
T_0000033329,C:\Users\walia\Downloads\flac_T_aa\flac_T\T_0000033329.flac,bonafide,bonafide
T_0000032125,C:\Users\walia\Downloads\flac_T_aa\flac_T\T_0000032125.flac,spoof,A05
T_0000001396,C:\Users\walia\Downloads\flac_T_aa\flac_T\T_0000001396.flac,spoof,A01
T_0000032806,C:\Users\walia\Downloads\flac_T_aa\flac_T\T_0000032806.flac,bonafide,bonafide
T_0000000678,C:\Users\walia\Downloads\flac_T_aa\flac_T\T_0000000678.flac,spoof,A05
T_0000010664,C:\Users\walia\Downloads\flac_T_aa\flac_T\T_0000010664.flac,bonafide,bonafide
T_0000023613,C:\Users\walia\Downloads\flac_T_aa\flac_T\T_0000023613.flac,bonafide,bonafide
T_0000016606,C:\Users\walia\Downloads\flac_T_aa\flac_T\T_0000016606.flac,spoof,A06
T_0000030366,C:\Users\walia\Downloads\flac_T_aa\flac_T\T_0000030366.flac,spoof,A03
T_0000019497,C:\Users\walia\Downloads\flac_T_aa\flac_T\T_0000019497.flac,bonafide,bonafide
T_0000021792,C:\Users\walia\Downloads\flac_T_aa\flac_T\T_0000021792.flac,bonafide,bonafide
T_0000034208,C:\Users\walia\Downloads\flac_T_aa\flac_T\T_0000034208.flac,bonafide,bonafide
T_0000001619,C:\Users\walia\Downloads\flac_T_aa\flac_T\T_0000001619.flac,spoof,A01
T_0000019958,C:\Users\walia\Downloads\flac_T_aa\flac_T\T_0000019958.flac,spoof,A03
T_0000018128,C:\Users\walia\Downloads\flac_T_aa\flac_T\T_0000018128.flac,spoof,A01
T_0000029563,C:\Users\walia\Downloads\flac_T_aa\flac_T\T_0000029563.flac,bonafide,bonafide
T_0000009747,C:\Users\walia\Downloads\flac_T_aa\flac_T\T_0000009747.flac,spoof,A03
T_0000027118,C:\Users\walia\Downloads\flac_T_aa\flac_T\T_0000027118.flac,bonafide,bonafide
T_0000024150,C:\Users\walia\Downloads\flac_T_aa\flac_T\T_0000024150.flac,spoof,A03
T_0000015972,C:\Users\walia\Downloads\flac_T_aa\flac_T\T_0000015972.flac,bonafide,bonafide
T_0000035629,C:\Users\walia\Downloads\flac_T_aa\flac_T\T_0000035629.flac,spoof,A01
T_0000035599,C:\Users\walia\Downloads\flac_T_aa\flac_T\T_0000035599.flac,bonafide,bonafide
T_0000035925,C:\Users\walia\Downloads\flac_T_aa\flac_T\T_0000035925.flac,bonafide,bonafide
T_0000009867,C:\Users\walia\Downloads\flac_T_aa\flac_T\T_0000009867.flac,spoof,A04
T_0000002001,C:\Users\walia\Downloads\flac_T_aa\flac_T\T_0000002001.flac,bonafide,bonafide
T_0000032622,C:\Users\walia\Downloads\flac_T_aa\flac_T\T_0000032622.flac,bonafide,bonafide
T_0000009716,C:\Users\walia\Downloads\flac_T_aa\flac_T\T_0000009716.flac,bonafide,bonafide
T_0000000711,C:\Users\walia\Downloads\flac_T_aa\flac_T\T_0000000711.flac,spoof,A02
T_0000024381,C:\Users\walia\Downloads\flac_T_aa\flac_T\T_0000024381.flac,bonafide,bonafide
T_0000015211,C:\Users\walia\Downloads\flac_T_aa\flac_T\T_0000015211.flac,spoof,A07
T_0000029346,C:\Users\walia\Downloads\flac_T_aa\flac_T\T_0000029346.flac,bonafide,bonafide
T_0000001695,C:\Users\walia\Downloads\flac_T_aa\flac_T\T_0000001695.flac,spoof,A03
T_0000015253,C:\Users\walia\Downloads\flac_T_aa\flac_T\T_0000015253.flac,bonafide,bonafide
T_0000023822,C:\Users\walia\Downloads\flac_T_aa\flac_T\T_0000023822.flac,spoof,A01
T_0000034392,C:\Users\walia\Downloads\flac_T_aa\flac_T\T_0000034392.flac,spoof,A02
T_0000007298,C:\Users\walia\Downloads\flac_T_aa\flac_T\T_0000007298.flac,bonafide,bonafide
T_0000003345,C:\Users\walia\Downloads\flac_T_aa\flac_T\T_0000003345.flac,bonafide,bonafide
T_0000027965,C:\Users\walia\Downloads\flac_T_aa\flac_T\T_0000027965.flac,bonafide,bonafide
T_0000007094,C:\Users\walia\Downloads\flac_T_aa\flac_T\T_0000007094.flac,bonafide,bonafide
T_0000016248,C:\Users\walia\Downloads\flac_T_aa\flac_T\T_0000016248.flac,bonafide,bonafide
T_0000022360,C:\Users\walia\Downloads\flac_T_aa\flac_T\T_0000022360.flac,bonafide,bonafide
T_0000006871,C:\Users\walia\Downloads\flac_T_aa\flac_T\T_0000006871.flac,spoof,A02
T_0000028506,C:\Users\walia\Downloads\flac_T_aa\flac_T\T_0000028506.flac,spoof,A04
T_0000026371,C:\Users\walia\Downloads\flac_T_aa\flac_T\T_0000026371.flac,bonafide,bonafide
T_0000018105,C:\Users\walia\Downloads\flac_T_aa\flac_T\T_0000018105.flac,spoof,A07
T_0000005876,C:\Users\walia\Downloads\flac_T_aa\flac_T\T_0000005876.flac,spoof,A03
T_0000003705,C:\Users\walia\Downloads\flac_T_aa\flac_T\T_0000003705.flac,bonafide,bonafide
T_0000036206,C:\Users\walia\Downloads\flac_T_aa\flac_T\T_0000036206.flac,spoof,A07
T_0000000734,C:\Users\walia\Downloads\flac_T_aa\flac_T\T_0000000734.flac,bonafide,bonafide
T_0000033258,C:\Users\walia\Downloads\flac_T_aa\flac_T\T_0000033258.flac,spoof,A04
T_0000018173,C:\Users\walia\Downloads\flac_T_aa\flac_T\T_0000018173.flac,spoof,A01
T_0000031923,C:\Users\walia\Downloads\flac_T_aa\flac_T\T_0000031923.flac,bonafide,bonafide
T_0000020231,C:\Users\walia\Downloads\flac_T_aa\flac_T\T_0000020231.flac,bonafide,bonafide
T_0000016880,C:\Users\walia\Downloads\flac_T_aa\flac_T\T_0000016880.flac,bonafide,bonafide
T_0000033945,C:\Users\walia\Downloads\flac_T_aa\flac_T\T_0000033945.flac,spoof,A07
T_0000036275,C:\Users\walia\Downloads\flac_T_aa\flac_T\T_0000036275.flac,bonafide,bonafide
T_0000007111,C:\Users\walia\Downloads\flac_T_aa\flac_T\T_0000007111.flac,spoof,A01
T_0000031941,C:\Users\walia\Downloads\flac_T_aa\flac_T\T_0000031941.flac,spoof,A06
T_0000000997,C:\Users\walia\Downloads\flac_T_aa\flac_T\T_0000000997.flac,bonafide,bonafide
T_0000016820,C:\Users\walia\Downloads\flac_T_aa\flac_T\T_0000016820.flac,spoof,A07
T_0000015909,C:\Users\walia\Downloads\flac_T_aa\flac_T\T_0000015909.flac,bonafide,bonafide
T_0000016358,C:\Users\walia\Downloads\flac_T_aa\flac_T\T_0000016358.flac,spoof,A02
T_0000034840,C:\Users\walia\Downloads\flac_T_aa\flac_T\T_0000034840.flac,bonafide,bonafide
T_0000002668,C:\Users\walia\Downloads\flac_T_aa\flac_T\T_0000002668.flac,bonafide,bonafide
T_0000014772,C:\Users\walia\Downloads\flac_T_aa\flac_T\T_0000014772.flac,spoof,A06
T_0000002993,C:\Users\walia\Downloads\flac_T_aa\flac_T\T_0000002993.flac,bonafide,bonafide
T_0000009956,C:\Users\walia\Downloads\flac_T_aa\flac_T\T_0000009956.flac,spoof,A08
T_0000002522,C:\Users\walia\Downloads\flac_T_aa\flac_T\T_0000002522.flac,bonafide,bonafide
T_0000015042,C:\Users\walia\Downloads\flac_T_aa\flac_T\T_0000015042.flac,spoof,A05
T_0000001270,C:\Users\walia\Downloads\flac_T_aa\flac_T\T_0000001270.flac,bonafide,bonafide
T_0000023695,C:\Users\walia\Downloads\flac_T_aa\flac_T\T_0000023695.flac,bonafide,bonafide
T_0000007056,C:\Users\walia\Downloads\flac_T_aa\flac_T\T_0000007056.flac,spoof,A05
T_0000009998,C:\Users\walia\Downloads\flac_T_aa\flac_T\T_0000009998.flac,spoof,A03
T_0000006483,C:\Users\walia\Downloads\flac_T_aa\flac_T\T_0000006483.flac,bonafide,bonafide
T_0000002295,C:\Users\walia\Downloads\flac_T_aa\flac_T\T_0000002295.flac,bonafide,bonafide
T_0000022663,C:\Users\walia\Downloads\flac_T_aa\flac_T\T_0000022663.flac,spoof,A05
T_0000025008,C:\Users\walia\Downloads\flac_T_aa\flac_T\T_0000025008.flac,spoof,A03
T_0000014863,C:\Users\walia\Downloads\flac_T_aa\flac_T\T_0000014863.flac,spoof,A08
T_0000005133,C:\Users\walia\Downloads\flac_T_aa\flac_T\T_0000005133.flac,spoof,A06
T_0000030501,C:\Users\walia\Downloads\flac_T_aa\flac_T\T_0000030501.flac,bonafide,bonafide
T_0000029293,C:\Users\walia\Downloads\flac_T_aa\flac_T\T_0000029293.flac,spoof,A07
T_0000005258,C:\Users\walia\Downloads\flac_T_aa\flac_T\T_0000005258.flac,bonafide,bonafide
T_0000028019,C:\Users\walia\Downloads\flac_T_aa\flac_T\T_0000028019.flac,spoof,A02
T_0000006590,C:\Users\walia\Downloads\flac_T_aa\flac_T\T_0000006590.flac,bonafide,bonafide
T_0000033715,C:\Users\walia\Downloads\flac_T_aa\flac_T\T_0000033715.flac,bonafide,bonafide
T_0000010911,C:\Users\walia\Downloads\flac_T_aa\flac_T\T_0000010911.flac,spoof,A02
T_0000026700,C:\Users\walia\Downloads\flac_T_aa\flac_T\T_0000026700.flac,bonafide,bonafide
T_0000021820,C:\Users\walia\Downloads\flac_T_aa\flac_T\T_0000021820.flac,spoof,A02
T_0000035577,C:\Users\walia\Downloads\flac_T_aa\flac_T\T_0000035577.flac,spoof,A02
T_0000015019,C:\Users\walia\Downloads\flac_T_aa\flac_T\T_0000015019.flac,bonafide,bonafide
T_0000021601,C:\Users\walia\Downloads\flac_T_aa\flac_T\T_0000021601.flac,bonafide,bonafide
T_0000035261,C:\Users\walia\Downloads\flac_T_aa\flac_T\T_0000035261.flac,bonafide,bonafide
T_0000013596,C:\Users\walia\Downloads\flac_T_aa\flac_T\T_0000013596.flac,bonafide,bonafide
T_0000000796,C:\Users\walia\Downloads\flac_T_aa\flac_T\T_0000000796.flac,spoof,A03
T_0000001722,C:\Users\walia\Downloads\flac_T_aa\flac_T\T_0000001722.flac,bonafide,bonafide
T_0000009631,C:\Users\walia\Downloads\flac_T_aa\flac_T\T_0000009631.flac,spoof,A02
T_0000009149,C:\Users\walia\Downloads\flac_T_aa\flac_T\T_0000009149.flac,spoof,A01
T_0000029393,C:\Users\walia\Downloads\flac_T_aa\flac_T\T_0000029393.flac,bonafide,bonafide
T_0000011463,C:\Users\walia\Downloads\flac_T_aa\flac_T\T_0000011463.flac,spoof,A04
T_0000012268,C:\Users\walia\Downloads\flac_T_aa\flac_T\T_0000012268.flac,bonafide,bonafide
T_0000013288,C:\Users\walia\Downloads\flac_T_aa\flac_T\T_0000013288.flac,bonafide,bonafide
T_0000029856,C:\Users\walia\Downloads\flac_T_aa\flac_T\T_0000029856.flac,spoof,A06
T_0000032691,C:\Users\walia\Downloads\flac_T_aa\flac_T\T_0000032691.flac,spoof,A06
T_0000000279,C:\Users\walia\Downloads\flac_T_aa\flac_T\T_0000000279.flac,bonafide,bonafide
T_0000016914,C:\Users\walia\Downloads\flac_T_aa\flac_T\T_0000016914.flac,spoof,A02
T_0000025062,C:\Users\walia\Downloads\flac_T_aa\flac_T\T_0000025062.flac,spoof,A03
T_0000030437,C:\Users\walia\Downloads\flac_T_aa\flac_T\T_0000030437.flac,bonafide,bonafide
T_0000010803,C:\Users\walia\Downloads\flac_T_aa\flac_T\T_0000010803.flac,spoof,A02
T_0000028917,C:\Users\walia\Downloads\flac_T_aa\flac_T\T_0000028917.flac,spoof,A02
T_0000002744,C:\Users\walia\Downloads\flac_T_aa\flac_T\T_0000002744.flac,bonafide,bonafide
T_0000004200,C:\Users\walia\Downloads\flac_T_aa\flac_T\T_0000004200.flac,bonafide,bonafide
T_0000024543,C:\Users\walia\Downloads\flac_T_aa\flac_T\T_0000024543.flac,bonafide,bonafide
T_0000016244,C:\Users\walia\Downloads\flac_T_aa\flac_T\T_0000016244.flac,bonafide,bonafide
T_0000020369,C:\Users\walia\Downloads\flac_T_aa\flac_T\T_0000020369.flac,spoof,A01
T_0000035273,C:\Users\walia\Downloads\flac_T_aa\flac_T\T_0000035273.flac,bonafide,bonafide
T_0000028102,C:\Users\walia\Downloads\flac_T_aa\flac_T\T_0000028102.flac,spoof,A02
T_0000036456,C:\Users\walia\Downloads\flac_T_aa\flac_T\T_0000036456.flac,bonafide,bonafide
T_0000015349,C:\Users\walia\Downloads\flac_T_aa\flac_T\T_0000015349.flac,spoof,A06
T_0000009420,C:\Users\walia\Downloads\flac_T_aa\flac_T\T_0000009420.flac,bonafide,bonafide
T_0000009760,C:\Users\walia\Downloads\flac_T_aa\flac_T\T_0000009760.flac,spoof,A03
T_0000029054,C:\Users\walia\Downloads\flac_T_aa\flac_T\T_0000029054.flac,spoof,A03
T_0000015945,C:\Users\walia\Downloads\flac_T_aa\flac_T\T_0000015945.flac,bonafide,bonafide
T_0000028381,C:\Users\walia\Downloads\flac_T_aa\flac_T\T_0000028381.flac,bonafide,bonafide
T_0000011311,C:\Users\walia\Downloads\flac_T_aa\flac_T\T_0000011311.flac,bonafide,bonafide
T_0000021957,C:\Users\walia\Downloads\flac_T_aa\flac_T\T_0000021957.flac,spoof,A04
T_0000011212,C:\Users\walia\Downloads\flac_T_aa\flac_T\T_0000011212.flac,bonafide,bonafide
T_0000030288,C:\Users\walia\Downloads\flac_T_aa\flac_T\T_0000030288.flac,spoof,A02
T_0000005735,C:\Users\walia\Downloads\flac_T_aa\flac_T\T_0000005735.flac,bonafide,bonafide
T_0000011872,C:\Users\walia\Downloads\flac_T_aa\flac_T\T_0000011872.flac,bonafide,bonafide
T_0000035276,C:\Users\walia\Downloads\flac_T_aa\flac_T\T_0000035276.flac,bonafide,bonafide
T_0000014881,C:\Users\walia\Downloads\flac_T_aa\flac_T\T_0000014881.flac,spoof,A07
T_0000004460,C:\Users\walia\Downloads\flac_T_aa\flac_T\T_0000004460.flac,spoof,A01
T_0000015475,C:\Users\walia\Downloads\flac_T_aa\flac_T\T_0000015475.flac,spoof,A07
T_0000009378,C:\Users\walia\Downloads\flac_T_aa\flac_T\T_0000009378.flac,spoof,A07
T_0000015726,C:\Users\walia\Downloads\flac_T_aa\flac_T\T_0000015726.flac,bonafide,bonafide
T_0000035176,C:\Users\walia\Downloads\flac_T_aa\flac_T\T_0000035176.flac,spoof,A08
T_0000007497,C:\Users\walia\Downloads\flac_T_aa\flac_T\T_0000007497.flac,spoof,A08
T_0000006611,C:\Users\walia\Downloads\flac_T_aa\flac_T\T_0000006611.flac,spoof,A03
T_0000006208,C:\Users\walia\Downloads\flac_T_aa\flac_T\T_0000006208.flac,spoof,A02
T_0000028929,C:\Users\walia\Downloads\flac_T_aa\flac_T\T_0000028929.flac,bonafide,bonafide
T_0000010950,C:\Users\walia\Downloads\flac_T_aa\flac_T\T_0000010950.flac,bonafide,bonafide
T_0000012037,C:\Users\walia\Downloads\flac_T_aa\flac_T\T_0000012037.flac,bonafide,bonafide
T_0000022311,C:\Users\walia\Downloads\flac_T_aa\flac_T\T_0000022311.flac,bonafide,bonafide
T_0000009667,C:\Users\walia\Downloads\flac_T_aa\flac_T\T_0000009667.flac,spoof,A06
T_0000035292,C:\Users\walia\Downloads\flac_T_aa\flac_T\T_0000035292.flac,bonafide,bonafide
T_0000013589,C:\Users\walia\Downloads\flac_T_aa\flac_T\T_0000013589.flac,bonafide,bonafide
T_0000000679,C:\Users\walia\Downloads\flac_T_aa\flac_T\T_0000000679.flac,bonafide,bonafide
T_0000029012,C:\Users\walia\Downloads\flac_T_aa\flac_T\T_0000029012.flac,bonafide,bonafide
T_0000033995,C:\Users\walia\Downloads\flac_T_aa\flac_T\T_0000033995.flac,bonafide,bonafide
T_0000003080,C:\Users\walia\Downloads\flac_T_aa\flac_T\T_0000003080.flac,bonafide,bonafide
T_0000012176,C:\Users\walia\Downloads\flac_T_aa\flac_T\T_0000012176.flac,bonafide,bonafide
T_0000029350,C:\Users\walia\Downloads\flac_T_aa\flac_T\T_0000029350.flac,spoof,A03
T_0000017474,C:\Users\walia\Downloads\flac_T_aa\flac_T\T_0000017474.flac,spoof,A06
T_0000012405,C:\Users\walia\Downloads\flac_T_aa\flac_T\T_0000012405.flac,bonafide,bonafide
T_0000024000,C:\Users\walia\Downloads\flac_T_aa\flac_T\T_0000024000.flac,spoof,A04
T_0000032000,C:\Users\walia\Downloads\flac_T_aa\flac_T\T_0000032000.flac,bonafide,bonafide
T_0000024215,C:\Users\walia\Downloads\flac_T_aa\flac_T\T_0000024215.flac,spoof,A03
T_0000002217,C:\Users\walia\Downloads\flac_T_aa\flac_T\T_0000002217.flac,spoof,A08
T_0000027126,C:\Users\walia\Downloads\flac_T_aa\flac_T\T_0000027126.flac,spoof,A02
T_0000024070,C:\Users\walia\Downloads\flac_T_aa\flac_T\T_0000024070.flac,bonafide,bonafide
T_0000022221,C:\Users\walia\Downloads\flac_T_aa\flac_T\T_0000022221.flac,bonafide,bonafide
T_0000019333,C:\Users\walia\Downloads\flac_T_aa\flac_T\T_0000019333.flac,spoof,A01
T_0000001730,C:\Users\walia\Downloads\flac_T_aa\flac_T\T_0000001730.flac,bonafide,bonafide
T_0000018609,C:\Users\walia\Downloads\flac_T_aa\flac_T\T_0000018609.flac,spoof,A01
T_0000026048,C:\Users\walia\Downloads\flac_T_aa\flac_T\T_0000026048.flac,spoof,A07
T_0000009826,C:\Users\walia\Downloads\flac_T_aa\flac_T\T_0000009826.flac,bonafide,bonafide
T_0000012502,C:\Users\walia\Downloads\flac_T_aa\flac_T\T_0000012502.flac,bonafide,bonafide
T_0000017236,C:\Users\walia\Downloads\flac_T_aa\flac_T\T_0000017236.flac,bonafide,bonafide
T_0000020212,C:\Users\walia\Downloads\flac_T_aa\flac_T\T_0000020212.flac,bonafide,bonafide
T_0000003731,C:\Users\walia\Downloads\flac_T_aa\flac_T\T_0000003731.flac,bonafide,bonafide
T_0000011007,C:\Users\walia\Downloads\flac_T_aa\flac_T\T_0000011007.flac,spoof,A06
T_0000006151,C:\Users\walia\Downloads\flac_T_aa\flac_T\T_0000006151.flac,bonafide,bonafide
T_0000021656,C:\Users\walia\Downloads\flac_T_aa\flac_T\T_0000021656.flac,spoof,A05
T_0000028252,C:\Users\walia\Downloads\flac_T_aa\flac_T\T_0000028252.flac,spoof,A02
T_0000012904,C:\Users\walia\Downloads\flac_T_aa\flac_T\T_0000012904.flac,spoof,A03
T_0000035321,C:\Users\walia\Downloads\flac_T_aa\flac_T\T_0000035321.flac,bonafide,bonafide
T_0000023478,C:\Users\walia\Downloads\flac_T_aa\flac_T\T_0000023478.flac,bonafide,bonafide
T_0000034557,C:\Users\walia\Downloads\flac_T_aa\flac_T\T_0000034557.flac,bonafide,bonafide
T_0000019687,C:\Users\walia\Downloads\flac_T_aa\flac_T\T_0000019687.flac,bonafide,bonafide
T_0000024549,C:\Users\walia\Downloads\flac_T_aa\flac_T\T_0000024549.flac,bonafide,bonafide
T_0000024315,C:\Users\walia\Downloads\flac_T_aa\flac_T\T_0000024315.flac,bonafide,bonafide
T_0000027084,C:\Users\walia\Downloads\flac_T_aa\flac_T\T_0000027084.flac,spoof,A08
T_0000016835,C:\Users\walia\Downloads\flac_T_aa\flac_T\T_0000016835.flac,bonafide,bonafide
T_0000020783,C:\Users\walia\Downloads\flac_T_aa\flac_T\T_0000020783.flac,spoof,A03
T_0000003423,C:\Users\walia\Downloads\flac_T_aa\flac_T\T_0000003423.flac,spoof,A01
T_0000005911,C:\Users\walia\Downloads\flac_T_aa\flac_T\T_0000005911.flac,spoof,A08
T_0000016103,C:\Users\walia\Downloads\flac_T_aa\flac_T\T_0000016103.flac,bonafide,bonafide
T_0000036469,C:\Users\walia\Downloads\flac_T_aa\flac_T\T_0000036469.flac,spoof,A07
T_0000030620,C:\Users\walia\Downloads\flac_T_aa\flac_T\T_0000030620.flac,bonafide,bonafide
T_0000018613,C:\Users\walia\Downloads\flac_T_aa\flac_T\T_0000018613.flac,bonafide,bonafide
T_0000005357,C:\Users\walia\Downloads\flac_T_aa\flac_T\T_0000005357.flac,bonafide,bonafide
T_0000001715,C:\Users\walia\Downloads\flac_T_aa\flac_T\T_0000001715.flac,spoof,A02
T_0000014708,C:\Users\walia\Downloads\flac_T_aa\flac_T\T_0000014708.flac,spoof,A04
T_0000029279,C:\Users\walia\Downloads\flac_T_aa\flac_T\T_0000029279.flac,spoof,A03
T_0000021698,C:\Users\walia\Downloads\flac_T_aa\flac_T\T_0000021698.flac,bonafide,bonafide
T_0000012470,C:\Users\walia\Downloads\flac_T_aa\flac_T\T_0000012470.flac,bonafide,bonafide
T_0000027862,C:\Users\walia\Downloads\flac_T_aa\flac_T\T_0000027862.flac,spoof,A02
T_0000009955,C:\Users\walia\Downloads\flac_T_aa\flac_T\T_0000009955.flac,bonafide,bonafide
T_0000030303,C:\Users\walia\Downloads\flac_T_aa\flac_T\T_0000030303.flac,spoof,A02
T_0000018996,C:\Users\walia\Downloads\flac_T_aa\flac_T\T_0000018996.flac,bonafide,bonafide
T_0000025539,C:\Users\walia\Downloads\flac_T_aa\flac_T\T_0000025539.flac,spoof,A08
T_0000024636,C:\Users\walia\Downloads\flac_T_aa\flac_T\T_0000024636.flac,spoof,A07
T_0000026502,C:\Users\walia\Downloads\flac_T_aa\flac_T\T_0000026502.flac,bonafide,bonafide
T_0000012086,C:\Users\walia\Downloads\flac_T_aa\flac_T\T_0000012086.flac,spoof,A01
T_0000031786,C:\Users\walia\Downloads\flac_T_aa\flac_T\T_0000031786.flac,bonafide,bonafide
T_0000012848,C:\Users\walia\Downloads\flac_T_aa\flac_T\T_0000012848.flac,bonafide,bonafide
T_0000025010,C:\Users\walia\Downloads\flac_T_aa\flac_T\T_0000025010.flac,bonafide,bonafide
T_0000030472,C:\Users\walia\Downloads\flac_T_aa\flac_T\T_0000030472.flac,bonafide,bonafide
T_0000003861,C:\Users\walia\Downloads\flac_T_aa\flac_T\T_0000003861.flac,spoof,A03
T_0000031011,C:\Users\walia\Downloads\flac_T_aa\flac_T\T_0000031011.flac,spoof,A05
T_0000016900,C:\Users\walia\Downloads\flac_T_aa\flac_T\T_0000016900.flac,spoof,A02
T_0000019813,C:\Users\walia\Downloads\flac_T_aa\flac_T\T_0000019813.flac,bonafide,bonafide
T_0000003729,C:\Users\walia\Downloads\flac_T_aa\flac_T\T_0000003729.flac,spoof,A07
T_0000024217,C:\Users\walia\Downloads\flac_T_aa\flac_T\T_0000024217.flac,spoof,A01
T_0000035182,C:\Users\walia\Downloads\flac_T_aa\flac_T\T_0000035182.flac,spoof,A02
T_0000033544,C:\Users\walia\Downloads\flac_T_aa\flac_T\T_0000033544.flac,spoof,A04
T_0000008573,C:\Users\walia\Downloads\flac_T_aa\flac_T\T_0000008573.flac,spoof,A06
T_0000026133,C:\Users\walia\Downloads\flac_T_aa\flac_T\T_0000026133.flac,spoof,A05
T_0000001820,C:\Users\walia\Downloads\flac_T_aa\flac_T\T_0000001820.flac,spoof,A06
T_0000012693,C:\Users\walia\Downloads\flac_T_aa\flac_T\T_0000012693.flac,spoof,A05
T_0000019258,C:\Users\walia\Downloads\flac_T_aa\flac_T\T_0000019258.flac,spoof,A07
T_0000014058,C:\Users\walia\Downloads\flac_T_aa\flac_T\T_0000014058.flac,spoof,A04
T_0000012401,C:\Users\walia\Downloads\flac_T_aa\flac_T\T_0000012401.flac,spoof,A03
T_0000019376,C:\Users\walia\Downloads\flac_T_aa\flac_T\T_0000019376.flac,spoof,A05
T_0000000661,C:\Users\walia\Downloads\flac_T_aa\flac_T\T_0000000661.flac,bonafide,bonafide
T_0000011325,C:\Users\walia\Downloads\flac_T_aa\flac_T\T_0000011325.flac,bonafide,bonafide
T_0000010785,C:\Users\walia\Downloads\flac_T_aa\flac_T\T_0000010785.flac,bonafide,bonafide
T_0000024491,C:\Users\walia\Downloads\flac_T_aa\flac_T\T_0000024491.flac,bonafide,bonafide
T_0000008707,C:\Users\walia\Downloads\flac_T_aa\flac_T\T_0000008707.flac,bonafide,bonafide
T_0000003148,C:\Users\walia\Downloads\flac_T_aa\flac_T\T_0000003148.flac,spoof,A04
T_0000025847,C:\Users\walia\Downloads\flac_T_aa\flac_T\T_0000025847.flac,bonafide,bonafide
T_0000012831,C:\Users\walia\Downloads\flac_T_aa\flac_T\T_0000012831.flac,spoof,A05
T_0000031858,C:\Users\walia\Downloads\flac_T_aa\flac_T\T_0000031858.flac,spoof,A08
T_0000024908,C:\Users\walia\Downloads\flac_T_aa\flac_T\T_0000024908.flac,bonafide,bonafide
T_0000007498,C:\Users\walia\Downloads\flac_T_aa\flac_T\T_0000007498.flac,bonafide,bonafide
T_0000027483,C:\Users\walia\Downloads\flac_T_aa\flac_T\T_0000027483.flac,bonafide,bonafide
T_0000033088,C:\Users\walia\Downloads\flac_T_aa\flac_T\T_0000033088.flac,bonafide,bonafide
T_0000004017,C:\Users\walia\Downloads\flac_T_aa\flac_T\T_0000004017.flac,spoof,A07
T_0000034273,C:\Users\walia\Downloads\flac_T_aa\flac_T\T_0000034273.flac,spoof,A05
T_0000030915,C:\Users\walia\Downloads\flac_T_aa\flac_T\T_0000030915.flac,bonafide,bonafide
T_0000025073,C:\Users\walia\Downloads\flac_T_aa\flac_T\T_0000025073.flac,bonafide,bonafide
T_0000028335,C:\Users\walia\Downloads\flac_T_aa\flac_T\T_0000028335.flac,bonafide,bonafide
T_0000018931,C:\Users\walia\Downloads\flac_T_aa\flac_T\T_0000018931.flac,spoof,A02
T_0000024394,C:\Users\walia\Downloads\flac_T_aa\flac_T\T_0000024394.flac,bonafide,bonafide
T_0000011824,C:\Users\walia\Downloads\flac_T_aa\flac_T\T_0000011824.flac,bonafide,bonafide
T_0000015307,C:\Users\walia\Downloads\flac_T_aa\flac_T\T_0000015307.flac,bonafide,bonafide
T_0000029957,C:\Users\walia\Downloads\flac_T_aa\flac_T\T_0000029957.flac,spoof,A06
T_0000011550,C:\Users\walia\Downloads\flac_T_aa\flac_T\T_0000011550.flac,bonafide,bonafide
T_0000025390,C:\Users\walia\Downloads\flac_T_aa\flac_T\T_0000025390.flac,spoof,A03
T_0000013828,C:\Users\walia\Downloads\flac_T_aa\flac_T\T_0000013828.flac,bonafide,bonafide
T_0000033402,C:\Users\walia\Downloads\flac_T_aa\flac_T\T_0000033402.flac,bonafide,bonafide
T_0000004409,C:\Users\walia\Downloads\flac_T_aa\flac_T\T_0000004409.flac,bonafide,bonafide
T_0000002163,C:\Users\walia\Downloads\flac_T_aa\flac_T\T_0000002163.flac,spoof,A04
T_0000024023,C:\Users\walia\Downloads\flac_T_aa\flac_T\T_0000024023.flac,bonafide,bonafide
T_0000027551,C:\Users\walia\Downloads\flac_T_aa\flac_T\T_0000027551.flac,spoof,A03
T_0000023854,C:\Users\walia\Downloads\flac_T_aa\flac_T\T_0000023854.flac,spoof,A01
T_0000012625,C:\Users\walia\Downloads\flac_T_aa\flac_T\T_0000012625.flac,bonafide,bonafide
T_0000026399,C:\Users\walia\Downloads\flac_T_aa\flac_T\T_0000026399.flac,bonafide,bonafide
T_0000036274,C:\Users\walia\Downloads\flac_T_aa\flac_T\T_0000036274.flac,spoof,A03
T_0000025216,C:\Users\walia\Downloads\flac_T_aa\flac_T\T_0000025216.flac,bonafide,bonafide
T_0000016238,C:\Users\walia\Downloads\flac_T_aa\flac_T\T_0000016238.flac,bonafide,bonafide
T_0000029275,C:\Users\walia\Downloads\flac_T_aa\flac_T\T_0000029275.flac,spoof,A01
T_0000010079,C:\Users\walia\Downloads\flac_T_aa\flac_T\T_0000010079.flac,spoof,A04
T_0000019196,C:\Users\walia\Downloads\flac_T_aa\flac_T\T_0000019196.flac,spoof,A06
T_0000029291,C:\Users\walia\Downloads\flac_T_aa\flac_T\T_0000029291.flac,bonafide,bonafide
T_0000019474,C:\Users\walia\Downloads\flac_T_aa\flac_T\T_0000019474.flac,spoof,A05
T_0000001401,C:\Users\walia\Downloads\flac_T_aa\flac_T\T_0000001401.flac,spoof,A05
T_0000003199,C:\Users\walia\Downloads\flac_T_aa\flac_T\T_0000003199.flac,spoof,A06
T_0000022483,C:\Users\walia\Downloads\flac_T_aa\flac_T\T_0000022483.flac,spoof,A04
T_0000000875,C:\Users\walia\Downloads\flac_T_aa\flac_T\T_0000000875.flac,bonafide,bonafide
T_0000030828,C:\Users\walia\Downloads\flac_T_aa\flac_T\T_0000030828.flac,spoof,A01
T_0000018216,C:\Users\walia\Downloads\flac_T_aa\flac_T\T_0000018216.flac,bonafide,bonafide
T_0000010417,C:\Users\walia\Downloads\flac_T_aa\flac_T\T_0000010417.flac,bonafide,bonafide
T_0000010717,C:\Users\walia\Downloads\flac_T_aa\flac_T\T_0000010717.flac,bonafide,bonafide
T_0000017885,C:\Users\walia\Downloads\flac_T_aa\flac_T\T_0000017885.flac,bonafide,bonafide
T_0000009483,C:\Users\walia\Downloads\flac_T_aa\flac_T\T_0000009483.flac,spoof,A04
T_0000011877,C:\Users\walia\Downloads\flac_T_aa\flac_T\T_0000011877.flac,bonafide,bonafide
T_0000014359,C:\Users\walia\Downloads\flac_T_aa\flac_T\T_0000014359.flac,spoof,A07
T_0000015631,C:\Users\walia\Downloads\flac_T_aa\flac_T\T_0000015631.flac,bonafide,bonafide
T_0000015744,C:\Users\walia\Downloads\flac_T_aa\flac_T\T_0000015744.flac,bonafide,bonafide
T_0000013094,C:\Users\walia\Downloads\flac_T_aa\flac_T\T_0000013094.flac,spoof,A07
T_0000014927,C:\Users\walia\Downloads\flac_T_aa\flac_T\T_0000014927.flac,bonafide,bonafide
T_0000024243,C:\Users\walia\Downloads\flac_T_aa\flac_T\T_0000024243.flac,bonafide,bonafide
T_0000017771,C:\Users\walia\Downloads\flac_T_aa\flac_T\T_0000017771.flac,spoof,A02
T_0000034737,C:\Users\walia\Downloads\flac_T_aa\flac_T\T_0000034737.flac,bonafide,bonafide
T_0000003324,C:\Users\walia\Downloads\flac_T_aa\flac_T\T_0000003324.flac,bonafide,bonafide
T_0000013124,C:\Users\walia\Downloads\flac_T_aa\flac_T\T_0000013124.flac,spoof,A08
T_0000034896,C:\Users\walia\Downloads\flac_T_aa\flac_T\T_0000034896.flac,spoof,A08
T_0000022823,C:\Users\walia\Downloads\flac_T_aa\flac_T\T_0000022823.flac,spoof,A01
T_0000014673,C:\Users\walia\Downloads\flac_T_aa\flac_T\T_0000014673.flac,bonafide,bonafide
T_0000004594,C:\Users\walia\Downloads\flac_T_aa\flac_T\T_0000004594.flac,spoof,A03
T_0000032772,C:\Users\walia\Downloads\flac_T_aa\flac_T\T_0000032772.flac,spoof,A05
T_0000000050,C:\Users\walia\Downloads\flac_T_aa\flac_T\T_0000000050.flac,spoof,A02
T_0000005518,C:\Users\walia\Downloads\flac_T_aa\flac_T\T_0000005518.flac,spoof,A03
T_0000013640,C:\Users\walia\Downloads\flac_T_aa\flac_T\T_0000013640.flac,spoof,A07
T_0000025235,C:\Users\walia\Downloads\flac_T_aa\flac_T\T_0000025235.flac,spoof,A01
T_0000032467,C:\Users\walia\Downloads\flac_T_aa\flac_T\T_0000032467.flac,spoof,A05
T_0000025684,C:\Users\walia\Downloads\flac_T_aa\flac_T\T_0000025684.flac,bonafide,bonafide
T_0000035686,C:\Users\walia\Downloads\flac_T_aa\flac_T\T_0000035686.flac,bonafide,bonafide
T_0000023620,C:\Users\walia\Downloads\flac_T_aa\flac_T\T_0000023620.flac,spoof,A08
T_0000035806,C:\Users\walia\Downloads\flac_T_aa\flac_T\T_0000035806.flac,bonafide,bonafide
T_0000018601,C:\Users\walia\Downloads\flac_T_aa\flac_T\T_0000018601.flac,bonafide,bonafide
T_0000005161,C:\Users\walia\Downloads\flac_T_aa\flac_T\T_0000005161.flac,bonafide,bonafide
T_0000015452,C:\Users\walia\Downloads\flac_T_aa\flac_T\T_0000015452.flac,bonafide,bonafide
T_0000003217,C:\Users\walia\Downloads\flac_T_aa\flac_T\T_0000003217.flac,spoof,A02
T_0000009806,C:\Users\walia\Downloads\flac_T_aa\flac_T\T_0000009806.flac,spoof,A05
T_0000001109,C:\Users\walia\Downloads\flac_T_aa\flac_T\T_0000001109.flac,bonafide,bonafide
T_0000021803,C:\Users\walia\Downloads\flac_T_aa\flac_T\T_0000021803.flac,spoof,A04
T_0000017549,C:\Users\walia\Downloads\flac_T_aa\flac_T\T_0000017549.flac,spoof,A07
T_0000000049,C:\Users\walia\Downloads\flac_T_aa\flac_T\T_0000000049.flac,bonafide,bonafide
T_0000004734,C:\Users\walia\Downloads\flac_T_aa\flac_T\T_0000004734.flac,bonafide,bonafide
T_0000007449,C:\Users\walia\Downloads\flac_T_aa\flac_T\T_0000007449.flac,bonafide,bonafide
T_0000007736,C:\Users\walia\Downloads\flac_T_aa\flac_T\T_0000007736.flac,bonafide,bonafide
T_0000028277,C:\Users\walia\Downloads\flac_T_aa\flac_T\T_0000028277.flac,bonafide,bonafide
T_0000005400,C:\Users\walia\Downloads\flac_T_aa\flac_T\T_0000005400.flac,spoof,A03
T_0000000908,C:\Users\walia\Downloads\flac_T_aa\flac_T\T_0000000908.flac,spoof,A02
T_0000019222,C:\Users\walia\Downloads\flac_T_aa\flac_T\T_0000019222.flac,spoof,A07
T_0000025800,C:\Users\walia\Downloads\flac_T_aa\flac_T\T_0000025800.flac,bonafide,bonafide
T_0000026952,C:\Users\walia\Downloads\flac_T_aa\flac_T\T_0000026952.flac,bonafide,bonafide
T_0000031664,C:\Users\walia\Downloads\flac_T_aa\flac_T\T_0000031664.flac,spoof,A01
T_0000035153,C:\Users\walia\Downloads\flac_T_aa\flac_T\T_0000035153.flac,spoof,A06
T_0000034668,C:\Users\walia\Downloads\flac_T_aa\flac_T\T_0000034668.flac,bonafide,bonafide
T_0000016697,C:\Users\walia\Downloads\flac_T_aa\flac_T\T_0000016697.flac,spoof,A05
T_0000012823,C:\Users\walia\Downloads\flac_T_aa\flac_T\T_0000012823.flac,bonafide,bonafide
T_0000005336,C:\Users\walia\Downloads\flac_T_aa\flac_T\T_0000005336.flac,bonafide,bonafide
T_0000003443,C:\Users\walia\Downloads\flac_T_aa\flac_T\T_0000003443.flac,bonafide,bonafide
T_0000021146,C:\Users\walia\Downloads\flac_T_aa\flac_T\T_0000021146.flac,spoof,A02
T_0000007970,C:\Users\walia\Downloads\flac_T_aa\flac_T\T_0000007970.flac,spoof,A08
T_0000011488,C:\Users\walia\Downloads\flac_T_aa\flac_T\T_0000011488.flac,bonafide,bonafide
T_0000024084,C:\Users\walia\Downloads\flac_T_aa\flac_T\T_0000024084.flac,bonafide,bonafide
T_0000019973,C:\Users\walia\Downloads\flac_T_aa\flac_T\T_0000019973.flac,bonafide,bonafide
T_0000003618,C:\Users\walia\Downloads\flac_T_aa\flac_T\T_0000003618.flac,spoof,A04
T_0000015871,C:\Users\walia\Downloads\flac_T_aa\flac_T\T_0000015871.flac,bonafide,bonafide
T_0000013280,C:\Users\walia\Downloads\flac_T_aa\flac_T\T_0000013280.flac,spoof,A05
T_0000000097,C:\Users\walia\Downloads\flac_T_aa\flac_T\T_0000000097.flac,bonafide,bonafide
T_0000026945,C:\Users\walia\Downloads\flac_T_aa\flac_T\T_0000026945.flac,spoof,A07
T_0000009458,C:\Users\walia\Downloads\flac_T_aa\flac_T\T_0000009458.flac,spoof,A08
T_0000015950,C:\Users\walia\Downloads\flac_T_aa\flac_T\T_0000015950.flac,bonafide,bonafide
T_0000016145,C:\Users\walia\Downloads\flac_T_aa\flac_T\T_0000016145.flac,spoof,A07
T_0000023276,C:\Users\walia\Downloads\flac_T_aa\flac_T\T_0000023276.flac,spoof,A08
T_0000006730,C:\Users\walia\Downloads\flac_T_aa\flac_T\T_0000006730.flac,bonafide,bonafide
T_0000011906,C:\Users\walia\Downloads\flac_T_aa\flac_T\T_0000011906.flac,spoof,A08
T_0000035733,C:\Users\walia\Downloads\flac_T_aa\flac_T\T_0000035733.flac,bonafide,bonafide
T_0000028278,C:\Users\walia\Downloads\flac_T_aa\flac_T\T_0000028278.flac,spoof,A08
T_0000032430,C:\Users\walia\Downloads\flac_T_aa\flac_T\T_0000032430.flac,bonafide,bonafide
T_0000031997,C:\Users\walia\Downloads\flac_T_aa\flac_T\T_0000031997.flac,spoof,A02
T_0000025345,C:\Users\walia\Downloads\flac_T_aa\flac_T\T_0000025345.flac,bonafide,bonafide
T_0000034940,C:\Users\walia\Downloads\flac_T_aa\flac_T\T_0000034940.flac,bonafide,bonafide
T_0000004797,C:\Users\walia\Downloads\flac_T_aa\flac_T\T_0000004797.flac,spoof,A05
T_0000022513,C:\Users\walia\Downloads\flac_T_aa\flac_T\T_0000022513.flac,spoof,A05
T_0000012465,C:\Users\walia\Downloads\flac_T_aa\flac_T\T_0000012465.flac,spoof,A06
T_0000030242,C:\Users\walia\Downloads\flac_T_aa\flac_T\T_0000030242.flac,bonafide,bonafide
T_0000012749,C:\Users\walia\Downloads\flac_T_aa\flac_T\T_0000012749.flac,spoof,A05
T_0000013166,C:\Users\walia\Downloads\flac_T_aa\flac_T\T_0000013166.flac,bonafide,bonafide
T_0000035188,C:\Users\walia\Downloads\flac_T_aa\flac_T\T_0000035188.flac,spoof,A03
T_0000028302,C:\Users\walia\Downloads\flac_T_aa\flac_T\T_0000028302.flac,bonafide,bonafide
T_0000011561,C:\Users\walia\Downloads\flac_T_aa\flac_T\T_0000011561.flac,spoof,A07
T_0000030514,C:\Users\walia\Downloads\flac_T_aa\flac_T\T_0000030514.flac,spoof,A01
T_0000002092,C:\Users\walia\Downloads\flac_T_aa\flac_T\T_0000002092.flac,spoof,A03
T_0000009730,C:\Users\walia\Downloads\flac_T_aa\flac_T\T_0000009730.flac,bonafide,bonafide
T_0000020488,C:\Users\walia\Downloads\flac_T_aa\flac_T\T_0000020488.flac,bonafide,bonafide
T_0000015319,C:\Users\walia\Downloads\flac_T_aa\flac_T\T_0000015319.flac,spoof,A04
T_0000013527,C:\Users\walia\Downloads\flac_T_aa\flac_T\T_0000013527.flac,bonafide,bonafide
T_0000016360,C:\Users\walia\Downloads\flac_T_aa\flac_T\T_0000016360.flac,bonafide,bonafide
T_0000006293,C:\Users\walia\Downloads\flac_T_aa\flac_T\T_0000006293.flac,bonafide,bonafide
T_0000012567,C:\Users\walia\Downloads\flac_T_aa\flac_T\T_0000012567.flac,bonafide,bonafide
T_0000000950,C:\Users\walia\Downloads\flac_T_aa\flac_T\T_0000000950.flac,bonafide,bonafide
T_0000020486,C:\Users\walia\Downloads\flac_T_aa\flac_T\T_0000020486.flac,spoof,A07
T_0000024146,C:\Users\walia\Downloads\flac_T_aa\flac_T\T_0000024146.flac,bonafide,bonafide
T_0000003541,C:\Users\walia\Downloads\flac_T_aa\flac_T\T_0000003541.flac,spoof,A06
T_0000005777,C:\Users\walia\Downloads\flac_T_aa\flac_T\T_0000005777.flac,spoof,A04
T_0000021112,C:\Users\walia\Downloads\flac_T_aa\flac_T\T_0000021112.flac,bonafide,bonafide
T_0000028138,C:\Users\walia\Downloads\flac_T_aa\flac_T\T_0000028138.flac,spoof,A05
T_0000026267,C:\Users\walia\Downloads\flac_T_aa\flac_T\T_0000026267.flac,bonafide,bonafide
T_0000024481,C:\Users\walia\Downloads\flac_T_aa\flac_T\T_0000024481.flac,bonafide,bonafide
T_0000020029,C:\Users\walia\Downloads\flac_T_aa\flac_T\T_0000020029.flac,bonafide,bonafide
T_0000033915,C:\Users\walia\Downloads\flac_T_aa\flac_T\T_0000033915.flac,spoof,A05
T_0000002055,C:\Users\walia\Downloads\flac_T_aa\flac_T\T_0000002055.flac,spoof,A04
T_0000033290,C:\Users\walia\Downloads\flac_T_aa\flac_T\T_0000033290.flac,spoof,A06
T_0000022209,C:\Users\walia\Downloads\flac_T_aa\flac_T\T_0000022209.flac,bonafide,bonafide
T_0000035604,C:\Users\walia\Downloads\flac_T_aa\flac_T\T_0000035604.flac,bonafide,bonafide
T_0000036359,C:\Users\walia\Downloads\flac_T_aa\flac_T\T_0000036359.flac,spoof,A03
T_0000018476,C:\Users\walia\Downloads\flac_T_aa\flac_T\T_0000018476.flac,bonafide,bonafide
T_0000030568,C:\Users\walia\Downloads\flac_T_aa\flac_T\T_0000030568.flac,spoof,A07
T_0000020236,C:\Users\walia\Downloads\flac_T_aa\flac_T\T_0000020236.flac,bonafide,bonafide
T_0000022927,C:\Users\walia\Downloads\flac_T_aa\flac_T\T_0000022927.flac,spoof,A01
T_0000028657,C:\Users\walia\Downloads\flac_T_aa\flac_T\T_0000028657.flac,spoof,A02
T_0000000651,C:\Users\walia\Downloads\flac_T_aa\flac_T\T_0000000651.flac,bonafide,bonafide
T_0000030106,C:\Users\walia\Downloads\flac_T_aa\flac_T\T_0000030106.flac,bonafide,bonafide
T_0000026822,C:\Users\walia\Downloads\flac_T_aa\flac_T\T_0000026822.flac,spoof,A08
T_0000025613,C:\Users\walia\Downloads\flac_T_aa\flac_T\T_0000025613.flac,bonafide,bonafide
T_0000003811,C:\Users\walia\Downloads\flac_T_aa\flac_T\T_0000003811.flac,bonafide,bonafide
T_0000022506,C:\Users\walia\Downloads\flac_T_aa\flac_T\T_0000022506.flac,bonafide,bonafide
T_0000022005,C:\Users\walia\Downloads\flac_T_aa\flac_T\T_0000022005.flac,bonafide,bonafide
T_0000016401,C:\Users\walia\Downloads\flac_T_aa\flac_T\T_0000016401.flac,bonafide,bonafide
T_0000004942,C:\Users\walia\Downloads\flac_T_aa\flac_T\T_0000004942.flac,bonafide,bonafide
T_0000014232,C:\Users\walia\Downloads\flac_T_aa\flac_T\T_0000014232.flac,bonafide,bonafide
T_0000025598,C:\Users\walia\Downloads\flac_T_aa\flac_T\T_0000025598.flac,spoof,A02
T_0000028621,C:\Users\walia\Downloads\flac_T_aa\flac_T\T_0000028621.flac,spoof,A07
T_0000017301,C:\Users\walia\Downloads\flac_T_aa\flac_T\T_0000017301.flac,spoof,A07
T_0000005846,C:\Users\walia\Downloads\flac_T_aa\flac_T\T_0000005846.flac,bonafide,bonafide
T_0000024860,C:\Users\walia\Downloads\flac_T_aa\flac_T\T_0000024860.flac,bonafide,bonafide
T_0000019812,C:\Users\walia\Downloads\flac_T_aa\flac_T\T_0000019812.flac,bonafide,bonafide
T_0000018294,C:\Users\walia\Downloads\flac_T_aa\flac_T\T_0000018294.flac,bonafide,bonafide
T_0000002241,C:\Users\walia\Downloads\flac_T_aa\flac_T\T_0000002241.flac,bonafide,bonafide
T_0000026253,C:\Users\walia\Downloads\flac_T_aa\flac_T\T_0000026253.flac,bonafide,bonafide
T_0000028844,C:\Users\walia\Downloads\flac_T_aa\flac_T\T_0000028844.flac,spoof,A05
T_0000015692,C:\Users\walia\Downloads\flac_T_aa\flac_T\T_0000015692.flac,spoof,A04
T_0000034576,C:\Users\walia\Downloads\flac_T_aa\flac_T\T_0000034576.flac,bonafide,bonafide
T_0000035669,C:\Users\walia\Downloads\flac_T_aa\flac_T\T_0000035669.flac,spoof,A05
T_0000026159,C:\Users\walia\Downloads\flac_T_aa\flac_T\T_0000026159.flac,bonafide,bonafide
T_0000013802,C:\Users\walia\Downloads\flac_T_aa\flac_T\T_0000013802.flac,spoof,A04
T_0000033852,C:\Users\walia\Downloads\flac_T_aa\flac_T\T_0000033852.flac,bonafide,bonafide
T_0000019149,C:\Users\walia\Downloads\flac_T_aa\flac_T\T_0000019149.flac,bonafide,bonafide
T_0000027432,C:\Users\walia\Downloads\flac_T_aa\flac_T\T_0000027432.flac,bonafide,bonafide
T_0000008853,C:\Users\walia\Downloads\flac_T_aa\flac_T\T_0000008853.flac,spoof,A04
T_0000000523,C:\Users\walia\Downloads\flac_T_aa\flac_T\T_0000000523.flac,bonafide,bonafide
T_0000026372,C:\Users\walia\Downloads\flac_T_aa\flac_T\T_0000026372.flac,bonafide,bonafide
T_0000009906,C:\Users\walia\Downloads\flac_T_aa\flac_T\T_0000009906.flac,bonafide,bonafide
T_0000014454,C:\Users\walia\Downloads\flac_T_aa\flac_T\T_0000014454.flac,spoof,A02
T_0000011929,C:\Users\walia\Downloads\flac_T_aa\flac_T\T_0000011929.flac,spoof,A07
T_0000009591,C:\Users\walia\Downloads\flac_T_aa\flac_T\T_0000009591.flac,spoof,A07
T_0000030795,C:\Users\walia\Downloads\flac_T_aa\flac_T\T_0000030795.flac,bonafide,bonafide
T_0000003479,C:\Users\walia\Downloads\flac_T_aa\flac_T\T_0000003479.flac,bonafide,bonafide
T_0000006995,C:\Users\walia\Downloads\flac_T_aa\flac_T\T_0000006995.flac,spoof,A03
T_0000006999,C:\Users\walia\Downloads\flac_T_aa\flac_T\T_0000006999.flac,spoof,A01
T_0000022067,C:\Users\walia\Downloads\flac_T_aa\flac_T\T_0000022067.flac,bonafide,bonafide
T_0000030867,C:\Users\walia\Downloads\flac_T_aa\flac_T\T_0000030867.flac,bonafide,bonafide
T_0000001386,C:\Users\walia\Downloads\flac_T_aa\flac_T\T_0000001386.flac,bonafide,bonafide
T_0000023492,C:\Users\walia\Downloads\flac_T_aa\flac_T\T_0000023492.flac,bonafide,bonafide
T_0000025374,C:\Users\walia\Downloads\flac_T_aa\flac_T\T_0000025374.flac,bonafide,bonafide
T_0000008493,C:\Users\walia\Downloads\flac_T_aa\flac_T\T_0000008493.flac,spoof,A07
T_0000030487,C:\Users\walia\Downloads\flac_T_aa\flac_T\T_0000030487.flac,bonafide,bonafide
T_0000011817,C:\Users\walia\Downloads\flac_T_aa\flac_T\T_0000011817.flac,bonafide,bonafide
T_0000004577,C:\Users\walia\Downloads\flac_T_aa\flac_T\T_0000004577.flac,bonafide,bonafide
T_0000003207,C:\Users\walia\Downloads\flac_T_aa\flac_T\T_0000003207.flac,spoof,A04
T_0000005982,C:\Users\walia\Downloads\flac_T_aa\flac_T\T_0000005982.flac,spoof,A08
T_0000002458,C:\Users\walia\Downloads\flac_T_aa\flac_T\T_0000002458.flac,bonafide,bonafide
T_0000011156,C:\Users\walia\Downloads\flac_T_aa\flac_T\T_0000011156.flac,spoof,A05
T_0000006694,C:\Users\walia\Downloads\flac_T_aa\flac_T\T_0000006694.flac,bonafide,bonafide
T_0000001262,C:\Users\walia\Downloads\flac_T_aa\flac_T\T_0000001262.flac,spoof,A08
T_0000030944,C:\Users\walia\Downloads\flac_T_aa\flac_T\T_0000030944.flac,bonafide,bonafide
T_0000020748,C:\Users\walia\Downloads\flac_T_aa\flac_T\T_0000020748.flac,bonafide,bonafide
T_0000029212,C:\Users\walia\Downloads\flac_T_aa\flac_T\T_0000029212.flac,spoof,A05
T_0000022822,C:\Users\walia\Downloads\flac_T_aa\flac_T\T_0000022822.flac,bonafide,bonafide
T_0000021106,C:\Users\walia\Downloads\flac_T_aa\flac_T\T_0000021106.flac,bonafide,bonafide
T_0000009203,C:\Users\walia\Downloads\flac_T_aa\flac_T\T_0000009203.flac,bonafide,bonafide
T_0000029501,C:\Users\walia\Downloads\flac_T_aa\flac_T\T_0000029501.flac,bonafide,bonafide
T_0000000833,C:\Users\walia\Downloads\flac_T_aa\flac_T\T_0000000833.flac,bonafide,bonafide
T_0000030997,C:\Users\walia\Downloads\flac_T_aa\flac_T\T_0000030997.flac,bonafide,bonafide
T_0000032034,C:\Users\walia\Downloads\flac_T_aa\flac_T\T_0000032034.flac,spoof,A03
T_0000030672,C:\Users\walia\Downloads\flac_T_aa\flac_T\T_0000030672.flac,spoof,A03
T_0000009815,C:\Users\walia\Downloads\flac_T_aa\flac_T\T_0000009815.flac,bonafide,bonafide
T_0000027955,C:\Users\walia\Downloads\flac_T_aa\flac_T\T_0000027955.flac,spoof,A06
T_0000029828,C:\Users\walia\Downloads\flac_T_aa\flac_T\T_0000029828.flac,spoof,A01
T_0000000583,C:\Users\walia\Downloads\flac_T_aa\flac_T\T_0000000583.flac,spoof,A06
T_0000017087,C:\Users\walia\Downloads\flac_T_aa\flac_T\T_0000017087.flac,spoof,A08
T_0000017297,C:\Users\walia\Downloads\flac_T_aa\flac_T\T_0000017297.flac,bonafide,bonafide
T_0000024934,C:\Users\walia\Downloads\flac_T_aa\flac_T\T_0000024934.flac,bonafide,bonafide
T_0000008213,C:\Users\walia\Downloads\flac_T_aa\flac_T\T_0000008213.flac,spoof,A08
T_0000032541,C:\Users\walia\Downloads\flac_T_aa\flac_T\T_0000032541.flac,bonafide,bonafide
T_0000002882,C:\Users\walia\Downloads\flac_T_aa\flac_T\T_0000002882.flac,bonafide,bonafide
T_0000005968,C:\Users\walia\Downloads\flac_T_aa\flac_T\T_0000005968.flac,spoof,A02
T_0000008722,C:\Users\walia\Downloads\flac_T_aa\flac_T\T_0000008722.flac,bonafide,bonafide
T_0000001881,C:\Users\walia\Downloads\flac_T_aa\flac_T\T_0000001881.flac,bonafide,bonafide
T_0000021507,C:\Users\walia\Downloads\flac_T_aa\flac_T\T_0000021507.flac,spoof,A01
T_0000003077,C:\Users\walia\Downloads\flac_T_aa\flac_T\T_0000003077.flac,spoof,A02
T_0000005032,C:\Users\walia\Downloads\flac_T_aa\flac_T\T_0000005032.flac,spoof,A01
T_0000001654,C:\Users\walia\Downloads\flac_T_aa\flac_T\T_0000001654.flac,bonafide,bonafide
T_0000028153,C:\Users\walia\Downloads\flac_T_aa\flac_T\T_0000028153.flac,bonafide,bonafide
T_0000022440,C:\Users\walia\Downloads\flac_T_aa\flac_T\T_0000022440.flac,bonafide,bonafide
T_0000021743,C:\Users\walia\Downloads\flac_T_aa\flac_T\T_0000021743.flac,spoof,A01
T_0000008554,C:\Users\walia\Downloads\flac_T_aa\flac_T\T_0000008554.flac,bonafide,bonafide
T_0000021509,C:\Users\walia\Downloads\flac_T_aa\flac_T\T_0000021509.flac,bonafide,bonafide
T_0000009048,C:\Users\walia\Downloads\flac_T_aa\flac_T\T_0000009048.flac,spoof,A02
T_0000002925,C:\Users\walia\Downloads\flac_T_aa\flac_T\T_0000002925.flac,spoof,A08
T_0000034234,C:\Users\walia\Downloads\flac_T_aa\flac_T\T_0000034234.flac,spoof,A07
T_0000002959,C:\Users\walia\Downloads\flac_T_aa\flac_T\T_0000002959.flac,bonafide,bonafide
T_0000030330,C:\Users\walia\Downloads\flac_T_aa\flac_T\T_0000030330.flac,bonafide,bonafide
T_0000011393,C:\Users\walia\Downloads\flac_T_aa\flac_T\T_0000011393.flac,spoof,A03
T_0000007352,C:\Users\walia\Downloads\flac_T_aa\flac_T\T_0000007352.flac,bonafide,bonafide
T_0000031137,C:\Users\walia\Downloads\flac_T_aa\flac_T\T_0000031137.flac,bonafide,bonafide
T_0000013853,C:\Users\walia\Downloads\flac_T_aa\flac_T\T_0000013853.flac,bonafide,bonafide
T_0000033890,C:\Users\walia\Downloads\flac_T_aa\flac_T\T_0000033890.flac,spoof,A08
T_0000007585,C:\Users\walia\Downloads\flac_T_aa\flac_T\T_0000007585.flac,bonafide,bonafide
T_0000003242,C:\Users\walia\Downloads\flac_T_aa\flac_T\T_0000003242.flac,spoof,A05
T_0000018631,C:\Users\walia\Downloads\flac_T_aa\flac_T\T_0000018631.flac,spoof,A06
T_0000023918,C:\Users\walia\Downloads\flac_T_aa\flac_T\T_0000023918.flac,bonafide,bonafide
T_0000005242,C:\Users\walia\Downloads\flac_T_aa\flac_T\T_0000005242.flac,bonafide,bonafide
T_0000001369,C:\Users\walia\Downloads\flac_T_aa\flac_T\T_0000001369.flac,bonafide,bonafide
T_0000019721,C:\Users\walia\Downloads\flac_T_aa\flac_T\T_0000019721.flac,bonafide,bonafide
T_0000025642,C:\Users\walia\Downloads\flac_T_aa\flac_T\T_0000025642.flac,bonafide,bonafide
T_0000021835,C:\Users\walia\Downloads\flac_T_aa\flac_T\T_0000021835.flac,bonafide,bonafide
T_0000012350,C:\Users\walia\Downloads\flac_T_aa\flac_T\T_0000012350.flac,spoof,A05
T_0000005392,C:\Users\walia\Downloads\flac_T_aa\flac_T\T_0000005392.flac,spoof,A03
T_0000021421,C:\Users\walia\Downloads\flac_T_aa\flac_T\T_0000021421.flac,bonafide,bonafide
T_0000019028,C:\Users\walia\Downloads\flac_T_aa\flac_T\T_0000019028.flac,spoof,A08
T_0000033796,C:\Users\walia\Downloads\flac_T_aa\flac_T\T_0000033796.flac,bonafide,bonafide
T_0000014304,C:\Users\walia\Downloads\flac_T_aa\flac_T\T_0000014304.flac,bonafide,bonafide
T_0000024537,C:\Users\walia\Downloads\flac_T_aa\flac_T\T_0000024537.flac,bonafide,bonafide
T_0000010377,C:\Users\walia\Downloads\flac_T_aa\flac_T\T_0000010377.flac,bonafide,bonafide
T_0000027465,C:\Users\walia\Downloads\flac_T_aa\flac_T\T_0000027465.flac,bonafide,bonafide
T_0000011137,C:\Users\walia\Downloads\flac_T_aa\flac_T\T_0000011137.flac,bonafide,bonafide
T_0000006369,C:\Users\walia\Downloads\flac_T_aa\flac_T\T_0000006369.flac,bonafide,bonafide
T_0000018157,C:\Users\walia\Downloads\flac_T_aa\flac_T\T_0000018157.flac,bonafide,bonafide
T_0000026771,C:\Users\walia\Downloads\flac_T_aa\flac_T\T_0000026771.flac,spoof,A03
T_0000009780,C:\Users\walia\Downloads\flac_T_aa\flac_T\T_0000009780.flac,spoof,A08
T_0000034788,C:\Users\walia\Downloads\flac_T_aa\flac_T\T_0000034788.flac,spoof,A03
T_0000010660,C:\Users\walia\Downloads\flac_T_aa\flac_T\T_0000010660.flac,bonafide,bonafide
T_0000010436,C:\Users\walia\Downloads\flac_T_aa\flac_T\T_0000010436.flac,bonafide,bonafide
T_0000016762,C:\Users\walia\Downloads\flac_T_aa\flac_T\T_0000016762.flac,bonafide,bonafide
T_0000029877,C:\Users\walia\Downloads\flac_T_aa\flac_T\T_0000029877.flac,bonafide,bonafide
T_0000002052,C:\Users\walia\Downloads\flac_T_aa\flac_T\T_0000002052.flac,bonafide,bonafide
T_0000004834,C:\Users\walia\Downloads\flac_T_aa\flac_T\T_0000004834.flac,bonafide,bonafide
T_0000000376,C:\Users\walia\Downloads\flac_T_aa\flac_T\T_0000000376.flac,bonafide,bonafide
T_0000019155,C:\Users\walia\Downloads\flac_T_aa\flac_T\T_0000019155.flac,spoof,A01
T_0000032528,C:\Users\walia\Downloads\flac_T_aa\flac_T\T_0000032528.flac,spoof,A06
T_0000010301,C:\Users\walia\Downloads\flac_T_aa\flac_T\T_0000010301.flac,spoof,A02
T_0000016510,C:\Users\walia\Downloads\flac_T_aa\flac_T\T_0000016510.flac,spoof,A03
T_0000018856,C:\Users\walia\Downloads\flac_T_aa\flac_T\T_0000018856.flac,bonafide,bonafide
T_0000025411,C:\Users\walia\Downloads\flac_T_aa\flac_T\T_0000025411.flac,spoof,A01
T_0000025106,C:\Users\walia\Downloads\flac_T_aa\flac_T\T_0000025106.flac,bonafide,bonafide
T_0000013375,C:\Users\walia\Downloads\flac_T_aa\flac_T\T_0000013375.flac,spoof,A08
T_0000017929,C:\Users\walia\Downloads\flac_T_aa\flac_T\T_0000017929.flac,spoof,A04
T_0000011592,C:\Users\walia\Downloads\flac_T_aa\flac_T\T_0000011592.flac,spoof,A01
T_0000001301,C:\Users\walia\Downloads\flac_T_aa\flac_T\T_0000001301.flac,bonafide,bonafide
T_0000020675,C:\Users\walia\Downloads\flac_T_aa\flac_T\T_0000020675.flac,spoof,A08
T_0000026744,C:\Users\walia\Downloads\flac_T_aa\flac_T\T_0000026744.flac,bonafide,bonafide
T_0000023441,C:\Users\walia\Downloads\flac_T_aa\flac_T\T_0000023441.flac,spoof,A06
T_0000020376,C:\Users\walia\Downloads\flac_T_aa\flac_T\T_0000020376.flac,bonafide,bonafide
T_0000028089,C:\Users\walia\Downloads\flac_T_aa\flac_T\T_0000028089.flac,bonafide,bonafide
T_0000001872,C:\Users\walia\Downloads\flac_T_aa\flac_T\T_0000001872.flac,spoof,A06
T_0000031238,C:\Users\walia\Downloads\flac_T_aa\flac_T\T_0000031238.flac,bonafide,bonafide
T_0000013021,C:\Users\walia\Downloads\flac_T_aa\flac_T\T_0000013021.flac,bonafide,bonafide
T_0000033117,C:\Users\walia\Downloads\flac_T_aa\flac_T\T_0000033117.flac,bonafide,bonafide
T_0000003120,C:\Users\walia\Downloads\flac_T_aa\flac_T\T_0000003120.flac,spoof,A05
T_0000030646,C:\Users\walia\Downloads\flac_T_aa\flac_T\T_0000030646.flac,bonafide,bonafide
T_0000022152,C:\Users\walia\Downloads\flac_T_aa\flac_T\T_0000022152.flac,bonafide,bonafide
T_0000024239,C:\Users\walia\Downloads\flac_T_aa\flac_T\T_0000024239.flac,spoof,A04
T_0000013662,C:\Users\walia\Downloads\flac_T_aa\flac_T\T_0000013662.flac,spoof,A05
T_0000004767,C:\Users\walia\Downloads\flac_T_aa\flac_T\T_0000004767.flac,spoof,A06
T_0000009686,C:\Users\walia\Downloads\flac_T_aa\flac_T\T_0000009686.flac,bonafide,bonafide
T_0000036363,C:\Users\walia\Downloads\flac_T_aa\flac_T\T_0000036363.flac,spoof,A02
T_0000025797,C:\Users\walia\Downloads\flac_T_aa\flac_T\T_0000025797.flac,bonafide,bonafide
T_0000034966,C:\Users\walia\Downloads\flac_T_aa\flac_T\T_0000034966.flac,spoof,A07
T_0000022442,C:\Users\walia\Downloads\flac_T_aa\flac_T\T_0000022442.flac,spoof,A02
T_0000002656,C:\Users\walia\Downloads\flac_T_aa\flac_T\T_0000002656.flac,spoof,A07
T_0000002836,C:\Users\walia\Downloads\flac_T_aa\flac_T\T_0000002836.flac,bonafide,bonafide
T_0000031953,C:\Users\walia\Downloads\flac_T_aa\flac_T\T_0000031953.flac,spoof,A07
T_0000022646,C:\Users\walia\Downloads\flac_T_aa\flac_T\T_0000022646.flac,spoof,A02
T_0000009027,C:\Users\walia\Downloads\flac_T_aa\flac_T\T_0000009027.flac,spoof,A04
T_0000008961,C:\Users\walia\Downloads\flac_T_aa\flac_T\T_0000008961.flac,spoof,A07
T_0000010761,C:\Users\walia\Downloads\flac_T_aa\flac_T\T_0000010761.flac,spoof,A01
T_0000033124,C:\Users\walia\Downloads\flac_T_aa\flac_T\T_0000033124.flac,spoof,A05
T_0000018327,C:\Users\walia\Downloads\flac_T_aa\flac_T\T_0000018327.flac,spoof,A03
T_0000026320,C:\Users\walia\Downloads\flac_T_aa\flac_T\T_0000026320.flac,bonafide,bonafide
T_0000029311,C:\Users\walia\Downloads\flac_T_aa\flac_T\T_0000029311.flac,bonafide,bonafide
T_0000004849,C:\Users\walia\Downloads\flac_T_aa\flac_T\T_0000004849.flac,bonafide,bonafide
T_0000001607,C:\Users\walia\Downloads\flac_T_aa\flac_T\T_0000001607.flac,bonafide,bonafide
T_0000017919,C:\Users\walia\Downloads\flac_T_aa\flac_T\T_0000017919.flac,bonafide,bonafide
T_0000028524,C:\Users\walia\Downloads\flac_T_aa\flac_T\T_0000028524.flac,bonafide,bonafide
T_0000021318,C:\Users\walia\Downloads\flac_T_aa\flac_T\T_0000021318.flac,bonafide,bonafide
T_0000023947,C:\Users\walia\Downloads\flac_T_aa\flac_T\T_0000023947.flac,spoof,A06
T_0000005946,C:\Users\walia\Downloads\flac_T_aa\flac_T\T_0000005946.flac,bonafide,bonafide
T_0000011074,C:\Users\walia\Downloads\flac_T_aa\flac_T\T_0000011074.flac,bonafide,bonafide
T_0000012684,C:\Users\walia\Downloads\flac_T_aa\flac_T\T_0000012684.flac,bonafide,bonafide
T_0000008725,C:\Users\walia\Downloads\flac_T_aa\flac_T\T_0000008725.flac,bonafide,bonafide
T_0000025784,C:\Users\walia\Downloads\flac_T_aa\flac_T\T_0000025784.flac,bonafide,bonafide
T_0000013759,C:\Users\walia\Downloads\flac_T_aa\flac_T\T_0000013759.flac,spoof,A06
T_0000030108,C:\Users\walia\Downloads\flac_T_aa\flac_T\T_0000030108.flac,spoof,A02
T_0000026027,C:\Users\walia\Downloads\flac_T_aa\flac_T\T_0000026027.flac,spoof,A06
T_0000026146,C:\Users\walia\Downloads\flac_T_aa\flac_T\T_0000026146.flac,spoof,A03
T_0000003081,C:\Users\walia\Downloads\flac_T_aa\flac_T\T_0000003081.flac,bonafide,bonafide
T_0000010444,C:\Users\walia\Downloads\flac_T_aa\flac_T\T_0000010444.flac,spoof,A03
T_0000007401,C:\Users\walia\Downloads\flac_T_aa\flac_T\T_0000007401.flac,spoof,A06
T_0000029296,C:\Users\walia\Downloads\flac_T_aa\flac_T\T_0000029296.flac,bonafide,bonafide
T_0000026049,C:\Users\walia\Downloads\flac_T_aa\flac_T\T_0000026049.flac,bonafide,bonafide
T_0000000994,C:\Users\walia\Downloads\flac_T_aa\flac_T\T_0000000994.flac,bonafide,bonafide
T_0000023649,C:\Users\walia\Downloads\flac_T_aa\flac_T\T_0000023649.flac,bonafide,bonafide
T_0000029052,C:\Users\walia\Downloads\flac_T_aa\flac_T\T_0000029052.flac,bonafide,bonafide
T_0000026473,C:\Users\walia\Downloads\flac_T_aa\flac_T\T_0000026473.flac,spoof,A07
T_0000009725,C:\Users\walia\Downloads\flac_T_aa\flac_T\T_0000009725.flac,bonafide,bonafide
T_0000018190,C:\Users\walia\Downloads\flac_T_aa\flac_T\T_0000018190.flac,spoof,A05
T_0000024554,C:\Users\walia\Downloads\flac_T_aa\flac_T\T_0000024554.flac,bonafide,bonafide
T_0000012952,C:\Users\walia\Downloads\flac_T_aa\flac_T\T_0000012952.flac,bonafide,bonafide
T_0000035031,C:\Users\walia\Downloads\flac_T_aa\flac_T\T_0000035031.flac,spoof,A01
T_0000025386,C:\Users\walia\Downloads\flac_T_aa\flac_T\T_0000025386.flac,spoof,A05
T_0000029499,C:\Users\walia\Downloads\flac_T_aa\flac_T\T_0000029499.flac,spoof,A03
T_0000031317,C:\Users\walia\Downloads\flac_T_aa\flac_T\T_0000031317.flac,spoof,A05
T_0000027117,C:\Users\walia\Downloads\flac_T_aa\flac_T\T_0000027117.flac,bonafide,bonafide
T_0000000777,C:\Users\walia\Downloads\flac_T_aa\flac_T\T_0000000777.flac,bonafide,bonafide
T_0000016906,C:\Users\walia\Downloads\flac_T_aa\flac_T\T_0000016906.flac,bonafide,bonafide
T_0000027144,C:\Users\walia\Downloads\flac_T_aa\flac_T\T_0000027144.flac,bonafide,bonafide
T_0000023800,C:\Users\walia\Downloads\flac_T_aa\flac_T\T_0000023800.flac,spoof,A04
T_0000026522,C:\Users\walia\Downloads\flac_T_aa\flac_T\T_0000026522.flac,bonafide,bonafide
T_0000008561,C:\Users\walia\Downloads\flac_T_aa\flac_T\T_0000008561.flac,bonafide,bonafide
T_0000026013,C:\Users\walia\Downloads\flac_T_aa\flac_T\T_0000026013.flac,bonafide,bonafide
T_0000026512,C:\Users\walia\Downloads\flac_T_aa\flac_T\T_0000026512.flac,bonafide,bonafide
T_0000032629,C:\Users\walia\Downloads\flac_T_aa\flac_T\T_0000032629.flac,bonafide,bonafide
T_0000004440,C:\Users\walia\Downloads\flac_T_aa\flac_T\T_0000004440.flac,bonafide,bonafide
T_0000031888,C:\Users\walia\Downloads\flac_T_aa\flac_T\T_0000031888.flac,spoof,A01
T_0000010667,C:\Users\walia\Downloads\flac_T_aa\flac_T\T_0000010667.flac,spoof,A03
T_0000032533,C:\Users\walia\Downloads\flac_T_aa\flac_T\T_0000032533.flac,spoof,A04
T_0000018193,C:\Users\walia\Downloads\flac_T_aa\flac_T\T_0000018193.flac,spoof,A01
T_0000013476,C:\Users\walia\Downloads\flac_T_aa\flac_T\T_0000013476.flac,bonafide,bonafide
T_0000004140,C:\Users\walia\Downloads\flac_T_aa\flac_T\T_0000004140.flac,spoof,A04
T_0000032335,C:\Users\walia\Downloads\flac_T_aa\flac_T\T_0000032335.flac,bonafide,bonafide
T_0000003235,C:\Users\walia\Downloads\flac_T_aa\flac_T\T_0000003235.flac,spoof,A05
T_0000001540,C:\Users\walia\Downloads\flac_T_aa\flac_T\T_0000001540.flac,bonafide,bonafide
T_0000024094,C:\Users\walia\Downloads\flac_T_aa\flac_T\T_0000024094.flac,bonafide,bonafide
T_0000000167,C:\Users\walia\Downloads\flac_T_aa\flac_T\T_0000000167.flac,bonafide,bonafide
T_0000024462,C:\Users\walia\Downloads\flac_T_aa\flac_T\T_0000024462.flac,spoof,A03
T_0000016830,C:\Users\walia\Downloads\flac_T_aa\flac_T\T_0000016830.flac,spoof,A03
T_0000035162,C:\Users\walia\Downloads\flac_T_aa\flac_T\T_0000035162.flac,spoof,A04
T_0000020470,C:\Users\walia\Downloads\flac_T_aa\flac_T\T_0000020470.flac,spoof,A03
T_0000023738,C:\Users\walia\Downloads\flac_T_aa\flac_T\T_0000023738.flac,spoof,A05
T_0000013865,C:\Users\walia\Downloads\flac_T_aa\flac_T\T_0000013865.flac,bonafide,bonafide
T_0000023186,C:\Users\walia\Downloads\flac_T_aa\flac_T\T_0000023186.flac,spoof,A02
T_0000022394,C:\Users\walia\Downloads\flac_T_aa\flac_T\T_0000022394.flac,spoof,A01
T_0000002523,C:\Users\walia\Downloads\flac_T_aa\flac_T\T_0000002523.flac,bonafide,bonafide
T_0000028531,C:\Users\walia\Downloads\flac_T_aa\flac_T\T_0000028531.flac,bonafide,bonafide
T_0000021536,C:\Users\walia\Downloads\flac_T_aa\flac_T\T_0000021536.flac,spoof,A02
T_0000023679,C:\Users\walia\Downloads\flac_T_aa\flac_T\T_0000023679.flac,bonafide,bonafide
T_0000032192,C:\Users\walia\Downloads\flac_T_aa\flac_T\T_0000032192.flac,bonafide,bonafide
T_0000021267,C:\Users\walia\Downloads\flac_T_aa\flac_T\T_0000021267.flac,bonafide,bonafide
T_0000021578,C:\Users\walia\Downloads\flac_T_aa\flac_T\T_0000021578.flac,spoof,A01
T_0000030714,C:\Users\walia\Downloads\flac_T_aa\flac_T\T_0000030714.flac,spoof,A07
T_0000006331,C:\Users\walia\Downloads\flac_T_aa\flac_T\T_0000006331.flac,bonafide,bonafide
T_0000032976,C:\Users\walia\Downloads\flac_T_aa\flac_T\T_0000032976.flac,bonafide,bonafide
T_0000007992,C:\Users\walia\Downloads\flac_T_aa\flac_T\T_0000007992.flac,bonafide,bonafide
T_0000005256,C:\Users\walia\Downloads\flac_T_aa\flac_T\T_0000005256.flac,spoof,A03
T_0000013406,C:\Users\walia\Downloads\flac_T_aa\flac_T\T_0000013406.flac,spoof,A07
T_0000035057,C:\Users\walia\Downloads\flac_T_aa\flac_T\T_0000035057.flac,spoof,A03
T_0000008083,C:\Users\walia\Downloads\flac_T_aa\flac_T\T_0000008083.flac,bonafide,bonafide
T_0000035456,C:\Users\walia\Downloads\flac_T_aa\flac_T\T_0000035456.flac,bonafide,bonafide
T_0000009547,C:\Users\walia\Downloads\flac_T_aa\flac_T\T_0000009547.flac,spoof,A01
T_0000019967,C:\Users\walia\Downloads\flac_T_aa\flac_T\T_0000019967.flac,bonafide,bonafide
T_0000001182,C:\Users\walia\Downloads\flac_T_aa\flac_T\T_0000001182.flac,bonafide,bonafide
T_0000033522,C:\Users\walia\Downloads\flac_T_aa\flac_T\T_0000033522.flac,bonafide,bonafide
T_0000023643,C:\Users\walia\Downloads\flac_T_aa\flac_T\T_0000023643.flac,spoof,A03
T_0000005229,C:\Users\walia\Downloads\flac_T_aa\flac_T\T_0000005229.flac,bonafide,bonafide
T_0000010500,C:\Users\walia\Downloads\flac_T_aa\flac_T\T_0000010500.flac,bonafide,bonafide
T_0000004259,C:\Users\walia\Downloads\flac_T_aa\flac_T\T_0000004259.flac,spoof,A07
T_0000024273,C:\Users\walia\Downloads\flac_T_aa\flac_T\T_0000024273.flac,bonafide,bonafide
T_0000026664,C:\Users\walia\Downloads\flac_T_aa\flac_T\T_0000026664.flac,spoof,A08
T_0000015850,C:\Users\walia\Downloads\flac_T_aa\flac_T\T_0000015850.flac,spoof,A01
T_0000028264,C:\Users\walia\Downloads\flac_T_aa\flac_T\T_0000028264.flac,spoof,A05
T_0000022738,C:\Users\walia\Downloads\flac_T_aa\flac_T\T_0000022738.flac,bonafide,bonafide
T_0000015272,C:\Users\walia\Downloads\flac_T_aa\flac_T\T_0000015272.flac,spoof,A07
T_0000035119,C:\Users\walia\Downloads\flac_T_aa\flac_T\T_0000035119.flac,spoof,A07
T_0000031349,C:\Users\walia\Downloads\flac_T_aa\flac_T\T_0000031349.flac,spoof,A06
T_0000015203,C:\Users\walia\Downloads\flac_T_aa\flac_T\T_0000015203.flac,spoof,A08
T_0000005136,C:\Users\walia\Downloads\flac_T_aa\flac_T\T_0000005136.flac,spoof,A05
T_0000016279,C:\Users\walia\Downloads\flac_T_aa\flac_T\T_0000016279.flac,spoof,A05
T_0000035948,C:\Users\walia\Downloads\flac_T_aa\flac_T\T_0000035948.flac,bonafide,bonafide
T_0000017046,C:\Users\walia\Downloads\flac_T_aa\flac_T\T_0000017046.flac,spoof,A05
T_0000000158,C:\Users\walia\Downloads\flac_T_aa\flac_T\T_0000000158.flac,spoof,A07
T_0000026654,C:\Users\walia\Downloads\flac_T_aa\flac_T\T_0000026654.flac,spoof,A08
T_0000022486,C:\Users\walia\Downloads\flac_T_aa\flac_T\T_0000022486.flac,bonafide,bonafide
T_0000012702,C:\Users\walia\Downloads\flac_T_aa\flac_T\T_0000012702.flac,spoof,A03
T_0000001895,C:\Users\walia\Downloads\flac_T_aa\flac_T\T_0000001895.flac,spoof,A07
T_0000004756,C:\Users\walia\Downloads\flac_T_aa\flac_T\T_0000004756.flac,bonafide,bonafide
T_0000024713,C:\Users\walia\Downloads\flac_T_aa\flac_T\T_0000024713.flac,bonafide,bonafide
T_0000028465,C:\Users\walia\Downloads\flac_T_aa\flac_T\T_0000028465.flac,spoof,A03
T_0000036031,C:\Users\walia\Downloads\flac_T_aa\flac_T\T_0000036031.flac,bonafide,bonafide
T_0000030293,C:\Users\walia\Downloads\flac_T_aa\flac_T\T_0000030293.flac,spoof,A01
T_0000033645,C:\Users\walia\Downloads\flac_T_aa\flac_T\T_0000033645.flac,spoof,A01
T_0000027392,C:\Users\walia\Downloads\flac_T_aa\flac_T\T_0000027392.flac,bonafide,bonafide
T_0000029820,C:\Users\walia\Downloads\flac_T_aa\flac_T\T_0000029820.flac,bonafide,bonafide
T_0000009180,C:\Users\walia\Downloads\flac_T_aa\flac_T\T_0000009180.flac,spoof,A05
T_0000029889,C:\Users\walia\Downloads\flac_T_aa\flac_T\T_0000029889.flac,bonafide,bonafide
T_0000020169,C:\Users\walia\Downloads\flac_T_aa\flac_T\T_0000020169.flac,bonafide,bonafide
T_0000035155,C:\Users\walia\Downloads\flac_T_aa\flac_T\T_0000035155.flac,spoof,A03
T_0000009366,C:\Users\walia\Downloads\flac_T_aa\flac_T\T_0000009366.flac,bonafide,bonafide
T_0000003780,C:\Users\walia\Downloads\flac_T_aa\flac_T\T_0000003780.flac,spoof,A04
T_0000008467,C:\Users\walia\Downloads\flac_T_aa\flac_T\T_0000008467.flac,spoof,A02
T_0000011793,C:\Users\walia\Downloads\flac_T_aa\flac_T\T_0000011793.flac,spoof,A06
T_0000030176,C:\Users\walia\Downloads\flac_T_aa\flac_T\T_0000030176.flac,bonafide,bonafide
T_0000015051,C:\Users\walia\Downloads\flac_T_aa\flac_T\T_0000015051.flac,bonafide,bonafide
T_0000010951,C:\Users\walia\Downloads\flac_T_aa\flac_T\T_0000010951.flac,bonafide,bonafide
T_0000035961,C:\Users\walia\Downloads\flac_T_aa\flac_T\T_0000035961.flac,bonafide,bonafide
T_0000030590,C:\Users\walia\Downloads\flac_T_aa\flac_T\T_0000030590.flac,bonafide,bonafide
T_0000011082,C:\Users\walia\Downloads\flac_T_aa\flac_T\T_0000011082.flac,spoof,A06
T_0000007531,C:\Users\walia\Downloads\flac_T_aa\flac_T\T_0000007531.flac,bonafide,bonafide
T_0000002594,C:\Users\walia\Downloads\flac_T_aa\flac_T\T_0000002594.flac,bonafide,bonafide
T_0000009641,C:\Users\walia\Downloads\flac_T_aa\flac_T\T_0000009641.flac,bonafide,bonafide
T_0000003843,C:\Users\walia\Downloads\flac_T_aa\flac_T\T_0000003843.flac,spoof,A02
T_0000027772,C:\Users\walia\Downloads\flac_T_aa\flac_T\T_0000027772.flac,bonafide,bonafide
T_0000010800,C:\Users\walia\Downloads\flac_T_aa\flac_T\T_0000010800.flac,bonafide,bonafide
T_0000001393,C:\Users\walia\Downloads\flac_T_aa\flac_T\T_0000001393.flac,spoof,A05
T_0000032516,C:\Users\walia\Downloads\flac_T_aa\flac_T\T_0000032516.flac,spoof,A02
T_0000027463,C:\Users\walia\Downloads\flac_T_aa\flac_T\T_0000027463.flac,spoof,A04
T_0000013610,C:\Users\walia\Downloads\flac_T_aa\flac_T\T_0000013610.flac,bonafide,bonafide
T_0000017527,C:\Users\walia\Downloads\flac_T_aa\flac_T\T_0000017527.flac,spoof,A01
T_0000015838,C:\Users\walia\Downloads\flac_T_aa\flac_T\T_0000015838.flac,bonafide,bonafide
T_0000034355,C:\Users\walia\Downloads\flac_T_aa\flac_T\T_0000034355.flac,bonafide,bonafide
T_0000023576,C:\Users\walia\Downloads\flac_T_aa\flac_T\T_0000023576.flac,bonafide,bonafide
T_0000019756,C:\Users\walia\Downloads\flac_T_aa\flac_T\T_0000019756.flac,spoof,A07
T_0000011426,C:\Users\walia\Downloads\flac_T_aa\flac_T\T_0000011426.flac,spoof,A02
T_0000020617,C:\Users\walia\Downloads\flac_T_aa\flac_T\T_0000020617.flac,spoof,A07
T_0000011955,C:\Users\walia\Downloads\flac_T_aa\flac_T\T_0000011955.flac,spoof,A03
T_0000009685,C:\Users\walia\Downloads\flac_T_aa\flac_T\T_0000009685.flac,spoof,A06
T_0000033337,C:\Users\walia\Downloads\flac_T_aa\flac_T\T_0000033337.flac,bonafide,bonafide
T_0000027098,C:\Users\walia\Downloads\flac_T_aa\flac_T\T_0000027098.flac,bonafide,bonafide
T_0000014458,C:\Users\walia\Downloads\flac_T_aa\flac_T\T_0000014458.flac,spoof,A02
T_0000008256,C:\Users\walia\Downloads\flac_T_aa\flac_T\T_0000008256.flac,spoof,A04
T_0000018084,C:\Users\walia\Downloads\flac_T_aa\flac_T\T_0000018084.flac,bonafide,bonafide
T_0000000303,C:\Users\walia\Downloads\flac_T_aa\flac_T\T_0000000303.flac,bonafide,bonafide
T_0000027174,C:\Users\walia\Downloads\flac_T_aa\flac_T\T_0000027174.flac,bonafide,bonafide
T_0000032099,C:\Users\walia\Downloads\flac_T_aa\flac_T\T_0000032099.flac,spoof,A06
T_0000002465,C:\Users\walia\Downloads\flac_T_aa\flac_T\T_0000002465.flac,bonafide,bonafide
T_0000009820,C:\Users\walia\Downloads\flac_T_aa\flac_T\T_0000009820.flac,spoof,A07
T_0000007635,C:\Users\walia\Downloads\flac_T_aa\flac_T\T_0000007635.flac,bonafide,bonafide
T_0000017591,C:\Users\walia\Downloads\flac_T_aa\flac_T\T_0000017591.flac,bonafide,bonafide
T_0000011166,C:\Users\walia\Downloads\flac_T_aa\flac_T\T_0000011166.flac,spoof,A02
T_0000019473,C:\Users\walia\Downloads\flac_T_aa\flac_T\T_0000019473.flac,spoof,A02
T_0000031854,C:\Users\walia\Downloads\flac_T_aa\flac_T\T_0000031854.flac,bonafide,bonafide
T_0000031920,C:\Users\walia\Downloads\flac_T_aa\flac_T\T_0000031920.flac,spoof,A01
T_0000006869,C:\Users\walia\Downloads\flac_T_aa\flac_T\T_0000006869.flac,spoof,A08
T_0000020749,C:\Users\walia\Downloads\flac_T_aa\flac_T\T_0000020749.flac,bonafide,bonafide
T_0000022493,C:\Users\walia\Downloads\flac_T_aa\flac_T\T_0000022493.flac,spoof,A06
T_0000008868,C:\Users\walia\Downloads\flac_T_aa\flac_T\T_0000008868.flac,bonafide,bonafide
T_0000009029,C:\Users\walia\Downloads\flac_T_aa\flac_T\T_0000009029.flac,spoof,A02
T_0000014096,C:\Users\walia\Downloads\flac_T_aa\flac_T\T_0000014096.flac,spoof,A08
T_0000020251,C:\Users\walia\Downloads\flac_T_aa\flac_T\T_0000020251.flac,bonafide,bonafide
T_0000003825,C:\Users\walia\Downloads\flac_T_aa\flac_T\T_0000003825.flac,spoof,A05
T_0000014677,C:\Users\walia\Downloads\flac_T_aa\flac_T\T_0000014677.flac,spoof,A08
T_0000000534,C:\Users\walia\Downloads\flac_T_aa\flac_T\T_0000000534.flac,spoof,A04
T_0000003673,C:\Users\walia\Downloads\flac_T_aa\flac_T\T_0000003673.flac,spoof,A03
T_0000013675,C:\Users\walia\Downloads\flac_T_aa\flac_T\T_0000013675.flac,spoof,A01
T_0000022224,C:\Users\walia\Downloads\flac_T_aa\flac_T\T_0000022224.flac,spoof,A01
T_0000019849,C:\Users\walia\Downloads\flac_T_aa\flac_T\T_0000019849.flac,bonafide,bonafide
T_0000019642,C:\Users\walia\Downloads\flac_T_aa\flac_T\T_0000019642.flac,spoof,A07
T_0000032926,C:\Users\walia\Downloads\flac_T_aa\flac_T\T_0000032926.flac,spoof,A04
T_0000028596,C:\Users\walia\Downloads\flac_T_aa\flac_T\T_0000028596.flac,bonafide,bonafide
T_0000028298,C:\Users\walia\Downloads\flac_T_aa\flac_T\T_0000028298.flac,bonafide,bonafide
T_0000003002,C:\Users\walia\Downloads\flac_T_aa\flac_T\T_0000003002.flac,bonafide,bonafide
T_0000028356,C:\Users\walia\Downloads\flac_T_aa\flac_T\T_0000028356.flac,spoof,A07
T_0000035880,C:\Users\walia\Downloads\flac_T_aa\flac_T\T_0000035880.flac,bonafide,bonafide
T_0000004826,C:\Users\walia\Downloads\flac_T_aa\flac_T\T_0000004826.flac,spoof,A08
T_0000010881,C:\Users\walia\Downloads\flac_T_aa\flac_T\T_0000010881.flac,bonafide,bonafide
T_0000036388,C:\Users\walia\Downloads\flac_T_aa\flac_T\T_0000036388.flac,spoof,A03
T_0000019162,C:\Users\walia\Downloads\flac_T_aa\flac_T\T_0000019162.flac,bonafide,bonafide
T_0000024508,C:\Users\walia\Downloads\flac_T_aa\flac_T\T_0000024508.flac,bonafide,bonafide
T_0000032749,C:\Users\walia\Downloads\flac_T_aa\flac_T\T_0000032749.flac,bonafide,bonafide
T_0000028221,C:\Users\walia\Downloads\flac_T_aa\flac_T\T_0000028221.flac,spoof,A06
T_0000031217,C:\Users\walia\Downloads\flac_T_aa\flac_T\T_0000031217.flac,bonafide,bonafide
T_0000036067,C:\Users\walia\Downloads\flac_T_aa\flac_T\T_0000036067.flac,bonafide,bonafide
T_0000007165,C:\Users\walia\Downloads\flac_T_aa\flac_T\T_0000007165.flac,spoof,A08
T_0000034150,C:\Users\walia\Downloads\flac_T_aa\flac_T\T_0000034150.flac,spoof,A08
T_0000009152,C:\Users\walia\Downloads\flac_T_aa\flac_T\T_0000009152.flac,spoof,A01
T_0000032391,C:\Users\walia\Downloads\flac_T_aa\flac_T\T_0000032391.flac,bonafide,bonafide
T_0000024290,C:\Users\walia\Downloads\flac_T_aa\flac_T\T_0000024290.flac,bonafide,bonafide
T_0000022308,C:\Users\walia\Downloads\flac_T_aa\flac_T\T_0000022308.flac,bonafide,bonafide
T_0000002413,C:\Users\walia\Downloads\flac_T_aa\flac_T\T_0000002413.flac,spoof,A07
T_0000004637,C:\Users\walia\Downloads\flac_T_aa\flac_T\T_0000004637.flac,spoof,A01
T_0000013947,C:\Users\walia\Downloads\flac_T_aa\flac_T\T_0000013947.flac,bonafide,bonafide
T_0000014448,C:\Users\walia\Downloads\flac_T_aa\flac_T\T_0000014448.flac,spoof,A01
T_0000035954,C:\Users\walia\Downloads\flac_T_aa\flac_T\T_0000035954.flac,spoof,A05
T_0000000236,C:\Users\walia\Downloads\flac_T_aa\flac_T\T_0000000236.flac,spoof,A04
T_0000019912,C:\Users\walia\Downloads\flac_T_aa\flac_T\T_0000019912.flac,bonafide,bonafide
T_0000008776,C:\Users\walia\Downloads\flac_T_aa\flac_T\T_0000008776.flac,bonafide,bonafide
T_0000033405,C:\Users\walia\Downloads\flac_T_aa\flac_T\T_0000033405.flac,bonafide,bonafide
T_0000026538,C:\Users\walia\Downloads\flac_T_aa\flac_T\T_0000026538.flac,spoof,A02
T_0000010640,C:\Users\walia\Downloads\flac_T_aa\flac_T\T_0000010640.flac,spoof,A06
T_0000012627,C:\Users\walia\Downloads\flac_T_aa\flac_T\T_0000012627.flac,spoof,A01
T_0000013349,C:\Users\walia\Downloads\flac_T_aa\flac_T\T_0000013349.flac,bonafide,bonafide
T_0000025998,C:\Users\walia\Downloads\flac_T_aa\flac_T\T_0000025998.flac,bonafide,bonafide
T_0000036482,C:\Users\walia\Downloads\flac_T_aa\flac_T\T_0000036482.flac,bonafide,bonafide
T_0000031305,C:\Users\walia\Downloads\flac_T_aa\flac_T\T_0000031305.flac,bonafide,bonafide
T_0000033886,C:\Users\walia\Downloads\flac_T_aa\flac_T\T_0000033886.flac,spoof,A06
T_0000016344,C:\Users\walia\Downloads\flac_T_aa\flac_T\T_0000016344.flac,spoof,A07
T_0000034961,C:\Users\walia\Downloads\flac_T_aa\flac_T\T_0000034961.flac,spoof,A03
T_0000033650,C:\Users\walia\Downloads\flac_T_aa\flac_T\T_0000033650.flac,bonafide,bonafide
T_0000029930,C:\Users\walia\Downloads\flac_T_aa\flac_T\T_0000029930.flac,bonafide,bonafide
T_0000007058,C:\Users\walia\Downloads\flac_T_aa\flac_T\T_0000007058.flac,spoof,A06
T_0000026705,C:\Users\walia\Downloads\flac_T_aa\flac_T\T_0000026705.flac,spoof,A03
T_0000008006,C:\Users\walia\Downloads\flac_T_aa\flac_T\T_0000008006.flac,bonafide,bonafide
T_0000024407,C:\Users\walia\Downloads\flac_T_aa\flac_T\T_0000024407.flac,spoof,A02
T_0000023540,C:\Users\walia\Downloads\flac_T_aa\flac_T\T_0000023540.flac,bonafide,bonafide
T_0000019801,C:\Users\walia\Downloads\flac_T_aa\flac_T\T_0000019801.flac,bonafide,bonafide
T_0000032344,C:\Users\walia\Downloads\flac_T_aa\flac_T\T_0000032344.flac,spoof,A08
T_0000023054,C:\Users\walia\Downloads\flac_T_aa\flac_T\T_0000023054.flac,spoof,A05
T_0000017988,C:\Users\walia\Downloads\flac_T_aa\flac_T\T_0000017988.flac,bonafide,bonafide
T_0000020168,C:\Users\walia\Downloads\flac_T_aa\flac_T\T_0000020168.flac,spoof,A06
T_0000005037,C:\Users\walia\Downloads\flac_T_aa\flac_T\T_0000005037.flac,bonafide,bonafide
T_0000013479,C:\Users\walia\Downloads\flac_T_aa\flac_T\T_0000013479.flac,bonafide,bonafide
T_0000034279,C:\Users\walia\Downloads\flac_T_aa\flac_T\T_0000034279.flac,bonafide,bonafide
T_0000031303,C:\Users\walia\Downloads\flac_T_aa\flac_T\T_0000031303.flac,spoof,A07
T_0000013695,C:\Users\walia\Downloads\flac_T_aa\flac_T\T_0000013695.flac,spoof,A01
T_0000028216,C:\Users\walia\Downloads\flac_T_aa\flac_T\T_0000028216.flac,spoof,A07
T_0000022013,C:\Users\walia\Downloads\flac_T_aa\flac_T\T_0000022013.flac,bonafide,bonafide
T_0000027314,C:\Users\walia\Downloads\flac_T_aa\flac_T\T_0000027314.flac,spoof,A08
T_0000025932,C:\Users\walia\Downloads\flac_T_aa\flac_T\T_0000025932.flac,bonafide,bonafide
T_0000006416,C:\Users\walia\Downloads\flac_T_aa\flac_T\T_0000006416.flac,spoof,A04
T_0000026432,C:\Users\walia\Downloads\flac_T_aa\flac_T\T_0000026432.flac,bonafide,bonafide
T_0000017854,C:\Users\walia\Downloads\flac_T_aa\flac_T\T_0000017854.flac,spoof,A01
T_0000007457,C:\Users\walia\Downloads\flac_T_aa\flac_T\T_0000007457.flac,bonafide,bonafide
T_0000017237,C:\Users\walia\Downloads\flac_T_aa\flac_T\T_0000017237.flac,spoof,A02
T_0000000543,C:\Users\walia\Downloads\flac_T_aa\flac_T\T_0000000543.flac,spoof,A02
T_0000002509,C:\Users\walia\Downloads\flac_T_aa\flac_T\T_0000002509.flac,spoof,A01
T_0000006350,C:\Users\walia\Downloads\flac_T_aa\flac_T\T_0000006350.flac,bonafide,bonafide
T_0000005639,C:\Users\walia\Downloads\flac_T_aa\flac_T\T_0000005639.flac,spoof,A07
T_0000007511,C:\Users\walia\Downloads\flac_T_aa\flac_T\T_0000007511.flac,spoof,A02
T_0000002294,C:\Users\walia\Downloads\flac_T_aa\flac_T\T_0000002294.flac,bonafide,bonafide
T_0000013232,C:\Users\walia\Downloads\flac_T_aa\flac_T\T_0000013232.flac,bonafide,bonafide
T_0000014546,C:\Users\walia\Downloads\flac_T_aa\flac_T\T_0000014546.flac,bonafide,bonafide
T_0000002145,C:\Users\walia\Downloads\flac_T_aa\flac_T\T_0000002145.flac,bonafide,bonafide
T_0000033630,C:\Users\walia\Downloads\flac_T_aa\flac_T\T_0000033630.flac,spoof,A04
T_0000027722,C:\Users\walia\Downloads\flac_T_aa\flac_T\T_0000027722.flac,spoof,A01
T_0000004567,C:\Users\walia\Downloads\flac_T_aa\flac_T\T_0000004567.flac,bonafide,bonafide
T_0000020219,C:\Users\walia\Downloads\flac_T_aa\flac_T\T_0000020219.flac,bonafide,bonafide
T_0000027447,C:\Users\walia\Downloads\flac_T_aa\flac_T\T_0000027447.flac,bonafide,bonafide
T_0000028433,C:\Users\walia\Downloads\flac_T_aa\flac_T\T_0000028433.flac,spoof,A06
T_0000012492,C:\Users\walia\Downloads\flac_T_aa\flac_T\T_0000012492.flac,bonafide,bonafide
T_0000026870,C:\Users\walia\Downloads\flac_T_aa\flac_T\T_0000026870.flac,bonafide,bonafide
T_0000008983,C:\Users\walia\Downloads\flac_T_aa\flac_T\T_0000008983.flac,bonafide,bonafide
T_0000009766,C:\Users\walia\Downloads\flac_T_aa\flac_T\T_0000009766.flac,spoof,A05
T_0000015359,C:\Users\walia\Downloads\flac_T_aa\flac_T\T_0000015359.flac,spoof,A03
T_0000019327,C:\Users\walia\Downloads\flac_T_aa\flac_T\T_0000019327.flac,spoof,A01
T_0000030470,C:\Users\walia\Downloads\flac_T_aa\flac_T\T_0000030470.flac,bonafide,bonafide
T_0000004289,C:\Users\walia\Downloads\flac_T_aa\flac_T\T_0000004289.flac,spoof,A02
T_0000008941,C:\Users\walia\Downloads\flac_T_aa\flac_T\T_0000008941.flac,bonafide,bonafide
T_0000035726,C:\Users\walia\Downloads\flac_T_aa\flac_T\T_0000035726.flac,spoof,A05
T_0000022597,C:\Users\walia\Downloads\flac_T_aa\flac_T\T_0000022597.flac,spoof,A01
T_0000000029,C:\Users\walia\Downloads\flac_T_aa\flac_T\T_0000000029.flac,spoof,A05
T_0000000910,C:\Users\walia\Downloads\flac_T_aa\flac_T\T_0000000910.flac,spoof,A01
T_0000020640,C:\Users\walia\Downloads\flac_T_aa\flac_T\T_0000020640.flac,bonafide,bonafide
T_0000035116,C:\Users\walia\Downloads\flac_T_aa\flac_T\T_0000035116.flac,spoof,A06
T_0000012169,C:\Users\walia\Downloads\flac_T_aa\flac_T\T_0000012169.flac,bonafide,bonafide
T_0000016946,C:\Users\walia\Downloads\flac_T_aa\flac_T\T_0000016946.flac,spoof,A04
T_0000018100,C:\Users\walia\Downloads\flac_T_aa\flac_T\T_0000018100.flac,bonafide,bonafide
T_0000002318,C:\Users\walia\Downloads\flac_T_aa\flac_T\T_0000002318.flac,spoof,A06
T_0000020242,C:\Users\walia\Downloads\flac_T_aa\flac_T\T_0000020242.flac,spoof,A08
T_0000026736,C:\Users\walia\Downloads\flac_T_aa\flac_T\T_0000026736.flac,bonafide,bonafide
T_0000008645,C:\Users\walia\Downloads\flac_T_aa\flac_T\T_0000008645.flac,bonafide,bonafide
T_0000035847,C:\Users\walia\Downloads\flac_T_aa\flac_T\T_0000035847.flac,bonafide,bonafide
T_0000024181,C:\Users\walia\Downloads\flac_T_aa\flac_T\T_0000024181.flac,bonafide,bonafide
T_0000030821,C:\Users\walia\Downloads\flac_T_aa\flac_T\T_0000030821.flac,spoof,A08
T_0000019268,C:\Users\walia\Downloads\flac_T_aa\flac_T\T_0000019268.flac,bonafide,bonafide
T_0000012617,C:\Users\walia\Downloads\flac_T_aa\flac_T\T_0000012617.flac,bonafide,bonafide
T_0000013861,C:\Users\walia\Downloads\flac_T_aa\flac_T\T_0000013861.flac,bonafide,bonafide
T_0000014608,C:\Users\walia\Downloads\flac_T_aa\flac_T\T_0000014608.flac,spoof,A04
T_0000027355,C:\Users\walia\Downloads\flac_T_aa\flac_T\T_0000027355.flac,spoof,A07
T_0000023550,C:\Users\walia\Downloads\flac_T_aa\flac_T\T_0000023550.flac,spoof,A07
T_0000004347,C:\Users\walia\Downloads\flac_T_aa\flac_T\T_0000004347.flac,bonafide,bonafide
T_0000015678,C:\Users\walia\Downloads\flac_T_aa\flac_T\T_0000015678.flac,bonafide,bonafide
T_0000031738,C:\Users\walia\Downloads\flac_T_aa\flac_T\T_0000031738.flac,spoof,A01
T_0000015818,C:\Users\walia\Downloads\flac_T_aa\flac_T\T_0000015818.flac,bonafide,bonafide
T_0000019099,C:\Users\walia\Downloads\flac_T_aa\flac_T\T_0000019099.flac,spoof,A01
T_0000003287,C:\Users\walia\Downloads\flac_T_aa\flac_T\T_0000003287.flac,spoof,A02
T_0000022831,C:\Users\walia\Downloads\flac_T_aa\flac_T\T_0000022831.flac,spoof,A01
T_0000026406,C:\Users\walia\Downloads\flac_T_aa\flac_T\T_0000026406.flac,spoof,A06
T_0000019107,C:\Users\walia\Downloads\flac_T_aa\flac_T\T_0000019107.flac,spoof,A07
T_0000035736,C:\Users\walia\Downloads\flac_T_aa\flac_T\T_0000035736.flac,bonafide,bonafide
T_0000004459,C:\Users\walia\Downloads\flac_T_aa\flac_T\T_0000004459.flac,bonafide,bonafide
T_0000028107,C:\Users\walia\Downloads\flac_T_aa\flac_T\T_0000028107.flac,spoof,A02
T_0000024811,C:\Users\walia\Downloads\flac_T_aa\flac_T\T_0000024811.flac,bonafide,bonafide
T_0000014398,C:\Users\walia\Downloads\flac_T_aa\flac_T\T_0000014398.flac,spoof,A05
T_0000034635,C:\Users\walia\Downloads\flac_T_aa\flac_T\T_0000034635.flac,spoof,A02
T_0000004240,C:\Users\walia\Downloads\flac_T_aa\flac_T\T_0000004240.flac,spoof,A05
T_0000032409,C:\Users\walia\Downloads\flac_T_aa\flac_T\T_0000032409.flac,spoof,A07
T_0000008101,C:\Users\walia\Downloads\flac_T_aa\flac_T\T_0000008101.flac,bonafide,bonafide
T_0000005747,C:\Users\walia\Downloads\flac_T_aa\flac_T\T_0000005747.flac,spoof,A06
T_0000023665,C:\Users\walia\Downloads\flac_T_aa\flac_T\T_0000023665.flac,spoof,A05
T_0000022559,C:\Users\walia\Downloads\flac_T_aa\flac_T\T_0000022559.flac,spoof,A05
T_0000010447,C:\Users\walia\Downloads\flac_T_aa\flac_T\T_0000010447.flac,spoof,A07
T_0000015244,C:\Users\walia\Downloads\flac_T_aa\flac_T\T_0000015244.flac,bonafide,bonafide
T_0000026315,C:\Users\walia\Downloads\flac_T_aa\flac_T\T_0000026315.flac,bonafide,bonafide
T_0000016472,C:\Users\walia\Downloads\flac_T_aa\flac_T\T_0000016472.flac,bonafide,bonafide
T_0000023269,C:\Users\walia\Downloads\flac_T_aa\flac_T\T_0000023269.flac,spoof,A06
T_0000018591,C:\Users\walia\Downloads\flac_T_aa\flac_T\T_0000018591.flac,bonafide,bonafide
T_0000028462,C:\Users\walia\Downloads\flac_T_aa\flac_T\T_0000028462.flac,bonafide,bonafide
T_0000011146,C:\Users\walia\Downloads\flac_T_aa\flac_T\T_0000011146.flac,bonafide,bonafide
T_0000027826,C:\Users\walia\Downloads\flac_T_aa\flac_T\T_0000027826.flac,spoof,A01
T_0000034947,C:\Users\walia\Downloads\flac_T_aa\flac_T\T_0000034947.flac,spoof,A02
T_0000022617,C:\Users\walia\Downloads\flac_T_aa\flac_T\T_0000022617.flac,spoof,A07
T_0000023089,C:\Users\walia\Downloads\flac_T_aa\flac_T\T_0000023089.flac,spoof,A08
T_0000001144,C:\Users\walia\Downloads\flac_T_aa\flac_T\T_0000001144.flac,bonafide,bonafide
T_0000028557,C:\Users\walia\Downloads\flac_T_aa\flac_T\T_0000028557.flac,bonafide,bonafide
T_0000006501,C:\Users\walia\Downloads\flac_T_aa\flac_T\T_0000006501.flac,bonafide,bonafide
T_0000031911,C:\Users\walia\Downloads\flac_T_aa\flac_T\T_0000031911.flac,bonafide,bonafide
T_0000027031,C:\Users\walia\Downloads\flac_T_aa\flac_T\T_0000027031.flac,spoof,A05
T_0000010677,C:\Users\walia\Downloads\flac_T_aa\flac_T\T_0000010677.flac,bonafide,bonafide
T_0000025838,C:\Users\walia\Downloads\flac_T_aa\flac_T\T_0000025838.flac,spoof,A05
T_0000017133,C:\Users\walia\Downloads\flac_T_aa\flac_T\T_0000017133.flac,bonafide,bonafide
T_0000020189,C:\Users\walia\Downloads\flac_T_aa\flac_T\T_0000020189.flac,spoof,A06
T_0000025297,C:\Users\walia\Downloads\flac_T_aa\flac_T\T_0000025297.flac,bonafide,bonafide
T_0000006358,C:\Users\walia\Downloads\flac_T_aa\flac_T\T_0000006358.flac,bonafide,bonafide
T_0000021155,C:\Users\walia\Downloads\flac_T_aa\flac_T\T_0000021155.flac,spoof,A05
T_0000035411,C:\Users\walia\Downloads\flac_T_aa\flac_T\T_0000035411.flac,bonafide,bonafide
T_0000013952,C:\Users\walia\Downloads\flac_T_aa\flac_T\T_0000013952.flac,bonafide,bonafide
T_0000024518,C:\Users\walia\Downloads\flac_T_aa\flac_T\T_0000024518.flac,spoof,A08
T_0000002234,C:\Users\walia\Downloads\flac_T_aa\flac_T\T_0000002234.flac,spoof,A06
T_0000033514,C:\Users\walia\Downloads\flac_T_aa\flac_T\T_0000033514.flac,spoof,A04
T_0000035370,C:\Users\walia\Downloads\flac_T_aa\flac_T\T_0000035370.flac,spoof,A03
T_0000032740,C:\Users\walia\Downloads\flac_T_aa\flac_T\T_0000032740.flac,spoof,A01
T_0000001896,C:\Users\walia\Downloads\flac_T_aa\flac_T\T_0000001896.flac,bonafide,bonafide
T_0000010845,C:\Users\walia\Downloads\flac_T_aa\flac_T\T_0000010845.flac,spoof,A02
T_0000003074,C:\Users\walia\Downloads\flac_T_aa\flac_T\T_0000003074.flac,bonafide,bonafide
T_0000014997,C:\Users\walia\Downloads\flac_T_aa\flac_T\T_0000014997.flac,bonafide,bonafide
T_0000029925,C:\Users\walia\Downloads\flac_T_aa\flac_T\T_0000029925.flac,bonafide,bonafide
T_0000031692,C:\Users\walia\Downloads\flac_T_aa\flac_T\T_0000031692.flac,bonafide,bonafide
T_0000026112,C:\Users\walia\Downloads\flac_T_aa\flac_T\T_0000026112.flac,bonafide,bonafide
T_0000029167,C:\Users\walia\Downloads\flac_T_aa\flac_T\T_0000029167.flac,spoof,A03
T_0000005059,C:\Users\walia\Downloads\flac_T_aa\flac_T\T_0000005059.flac,bonafide,bonafide
T_0000034543,C:\Users\walia\Downloads\flac_T_aa\flac_T\T_0000034543.flac,bonafide,bonafide
T_0000015020,C:\Users\walia\Downloads\flac_T_aa\flac_T\T_0000015020.flac,bonafide,bonafide
T_0000012934,C:\Users\walia\Downloads\flac_T_aa\flac_T\T_0000012934.flac,bonafide,bonafide
T_0000008497,C:\Users\walia\Downloads\flac_T_aa\flac_T\T_0000008497.flac,bonafide,bonafide
T_0000023164,C:\Users\walia\Downloads\flac_T_aa\flac_T\T_0000023164.flac,bonafide,bonafide
T_0000010514,C:\Users\walia\Downloads\flac_T_aa\flac_T\T_0000010514.flac,bonafide,bonafide
T_0000015125,C:\Users\walia\Downloads\flac_T_aa\flac_T\T_0000015125.flac,spoof,A07
T_0000029835,C:\Users\walia\Downloads\flac_T_aa\flac_T\T_0000029835.flac,bonafide,bonafide
T_0000030489,C:\Users\walia\Downloads\flac_T_aa\flac_T\T_0000030489.flac,bonafide,bonafide
T_0000004935,C:\Users\walia\Downloads\flac_T_aa\flac_T\T_0000004935.flac,bonafide,bonafide
T_0000015766,C:\Users\walia\Downloads\flac_T_aa\flac_T\T_0000015766.flac,bonafide,bonafide
T_0000004344,C:\Users\walia\Downloads\flac_T_aa\flac_T\T_0000004344.flac,spoof,A02
T_0000029763,C:\Users\walia\Downloads\flac_T_aa\flac_T\T_0000029763.flac,spoof,A07
T_0000024716,C:\Users\walia\Downloads\flac_T_aa\flac_T\T_0000024716.flac,bonafide,bonafide
T_0000003804,C:\Users\walia\Downloads\flac_T_aa\flac_T\T_0000003804.flac,spoof,A04
T_0000017033,C:\Users\walia\Downloads\flac_T_aa\flac_T\T_0000017033.flac,bonafide,bonafide
T_0000013330,C:\Users\walia\Downloads\flac_T_aa\flac_T\T_0000013330.flac,bonafide,bonafide
T_0000030474,C:\Users\walia\Downloads\flac_T_aa\flac_T\T_0000030474.flac,bonafide,bonafide
T_0000010684,C:\Users\walia\Downloads\flac_T_aa\flac_T\T_0000010684.flac,bonafide,bonafide
T_0000034187,C:\Users\walia\Downloads\flac_T_aa\flac_T\T_0000034187.flac,bonafide,bonafide
T_0000009823,C:\Users\walia\Downloads\flac_T_aa\flac_T\T_0000009823.flac,spoof,A03
T_0000012164,C:\Users\walia\Downloads\flac_T_aa\flac_T\T_0000012164.flac,bonafide,bonafide
T_0000031004,C:\Users\walia\Downloads\flac_T_aa\flac_T\T_0000031004.flac,spoof,A07
T_0000034177,C:\Users\walia\Downloads\flac_T_aa\flac_T\T_0000034177.flac,bonafide,bonafide
T_0000010035,C:\Users\walia\Downloads\flac_T_aa\flac_T\T_0000010035.flac,spoof,A03
T_0000022538,C:\Users\walia\Downloads\flac_T_aa\flac_T\T_0000022538.flac,bonafide,bonafide
T_0000035746,C:\Users\walia\Downloads\flac_T_aa\flac_T\T_0000035746.flac,spoof,A08
T_0000011875,C:\Users\walia\Downloads\flac_T_aa\flac_T\T_0000011875.flac,spoof,A08
T_0000020847,C:\Users\walia\Downloads\flac_T_aa\flac_T\T_0000020847.flac,bonafide,bonafide
T_0000013888,C:\Users\walia\Downloads\flac_T_aa\flac_T\T_0000013888.flac,spoof,A01
T_0000004527,C:\Users\walia\Downloads\flac_T_aa\flac_T\T_0000004527.flac,spoof,A06
T_0000020798,C:\Users\walia\Downloads\flac_T_aa\flac_T\T_0000020798.flac,bonafide,bonafide
T_0000034804,C:\Users\walia\Downloads\flac_T_aa\flac_T\T_0000034804.flac,spoof,A06
T_0000022651,C:\Users\walia\Downloads\flac_T_aa\flac_T\T_0000022651.flac,spoof,A03
T_0000004311,C:\Users\walia\Downloads\flac_T_aa\flac_T\T_0000004311.flac,spoof,A05
T_0000024931,C:\Users\walia\Downloads\flac_T_aa\flac_T\T_0000024931.flac,spoof,A04
T_0000033256,C:\Users\walia\Downloads\flac_T_aa\flac_T\T_0000033256.flac,spoof,A07
T_0000020917,C:\Users\walia\Downloads\flac_T_aa\flac_T\T_0000020917.flac,spoof,A01
T_0000004506,C:\Users\walia\Downloads\flac_T_aa\flac_T\T_0000004506.flac,spoof,A02
T_0000026164,C:\Users\walia\Downloads\flac_T_aa\flac_T\T_0000026164.flac,bonafide,bonafide
T_0000020044,C:\Users\walia\Downloads\flac_T_aa\flac_T\T_0000020044.flac,spoof,A08
T_0000011932,C:\Users\walia\Downloads\flac_T_aa\flac_T\T_0000011932.flac,spoof,A02
T_0000015713,C:\Users\walia\Downloads\flac_T_aa\flac_T\T_0000015713.flac,bonafide,bonafide
T_0000020970,C:\Users\walia\Downloads\flac_T_aa\flac_T\T_0000020970.flac,spoof,A07
T_0000014401,C:\Users\walia\Downloads\flac_T_aa\flac_T\T_0000014401.flac,bonafide,bonafide
T_0000016434,C:\Users\walia\Downloads\flac_T_aa\flac_T\T_0000016434.flac,bonafide,bonafide
T_0000015916,C:\Users\walia\Downloads\flac_T_aa\flac_T\T_0000015916.flac,spoof,A08
T_0000020256,C:\Users\walia\Downloads\flac_T_aa\flac_T\T_0000020256.flac,spoof,A06
T_0000029842,C:\Users\walia\Downloads\flac_T_aa\flac_T\T_0000029842.flac,bonafide,bonafide
T_0000019597,C:\Users\walia\Downloads\flac_T_aa\flac_T\T_0000019597.flac,bonafide,bonafide
T_0000013660,C:\Users\walia\Downloads\flac_T_aa\flac_T\T_0000013660.flac,bonafide,bonafide
T_0000022305,C:\Users\walia\Downloads\flac_T_aa\flac_T\T_0000022305.flac,spoof,A07
T_0000034332,C:\Users\walia\Downloads\flac_T_aa\flac_T\T_0000034332.flac,spoof,A01
T_0000027871,C:\Users\walia\Downloads\flac_T_aa\flac_T\T_0000027871.flac,spoof,A01
T_0000015577,C:\Users\walia\Downloads\flac_T_aa\flac_T\T_0000015577.flac,bonafide,bonafide
T_0000010401,C:\Users\walia\Downloads\flac_T_aa\flac_T\T_0000010401.flac,bonafide,bonafide
T_0000011770,C:\Users\walia\Downloads\flac_T_aa\flac_T\T_0000011770.flac,spoof,A02
T_0000019768,C:\Users\walia\Downloads\flac_T_aa\flac_T\T_0000019768.flac,bonafide,bonafide
T_0000020413,C:\Users\walia\Downloads\flac_T_aa\flac_T\T_0000020413.flac,bonafide,bonafide
T_0000004532,C:\Users\walia\Downloads\flac_T_aa\flac_T\T_0000004532.flac,bonafide,bonafide
T_0000025605,C:\Users\walia\Downloads\flac_T_aa\flac_T\T_0000025605.flac,spoof,A07
T_0000001213,C:\Users\walia\Downloads\flac_T_aa\flac_T\T_0000001213.flac,bonafide,bonafide
T_0000019242,C:\Users\walia\Downloads\flac_T_aa\flac_T\T_0000019242.flac,spoof,A04
T_0000027162,C:\Users\walia\Downloads\flac_T_aa\flac_T\T_0000027162.flac,bonafide,bonafide
T_0000010243,C:\Users\walia\Downloads\flac_T_aa\flac_T\T_0000010243.flac,bonafide,bonafide
T_0000024758,C:\Users\walia\Downloads\flac_T_aa\flac_T\T_0000024758.flac,bonafide,bonafide
T_0000005698,C:\Users\walia\Downloads\flac_T_aa\flac_T\T_0000005698.flac,spoof,A04
T_0000024944,C:\Users\walia\Downloads\flac_T_aa\flac_T\T_0000024944.flac,bonafide,bonafide
T_0000027303,C:\Users\walia\Downloads\flac_T_aa\flac_T\T_0000027303.flac,bonafide,bonafide
T_0000028212,C:\Users\walia\Downloads\flac_T_aa\flac_T\T_0000028212.flac,bonafide,bonafide
T_0000008212,C:\Users\walia\Downloads\flac_T_aa\flac_T\T_0000008212.flac,spoof,A07
T_0000004181,C:\Users\walia\Downloads\flac_T_aa\flac_T\T_0000004181.flac,bonafide,bonafide
T_0000029798,C:\Users\walia\Downloads\flac_T_aa\flac_T\T_0000029798.flac,bonafide,bonafide
T_0000026850,C:\Users\walia\Downloads\flac_T_aa\flac_T\T_0000026850.flac,bonafide,bonafide
T_0000018638,C:\Users\walia\Downloads\flac_T_aa\flac_T\T_0000018638.flac,spoof,A04
T_0000032384,C:\Users\walia\Downloads\flac_T_aa\flac_T\T_0000032384.flac,spoof,A08
T_0000011571,C:\Users\walia\Downloads\flac_T_aa\flac_T\T_0000011571.flac,spoof,A06
T_0000005889,C:\Users\walia\Downloads\flac_T_aa\flac_T\T_0000005889.flac,spoof,A02
T_0000023976,C:\Users\walia\Downloads\flac_T_aa\flac_T\T_0000023976.flac,spoof,A04
T_0000012669,C:\Users\walia\Downloads\flac_T_aa\flac_T\T_0000012669.flac,spoof,A02
T_0000013819,C:\Users\walia\Downloads\flac_T_aa\flac_T\T_0000013819.flac,spoof,A01
T_0000016736,C:\Users\walia\Downloads\flac_T_aa\flac_T\T_0000016736.flac,spoof,A07
T_0000020259,C:\Users\walia\Downloads\flac_T_aa\flac_T\T_0000020259.flac,spoof,A02
T_0000011017,C:\Users\walia\Downloads\flac_T_aa\flac_T\T_0000011017.flac,spoof,A06
T_0000030727,C:\Users\walia\Downloads\flac_T_aa\flac_T\T_0000030727.flac,bonafide,bonafide
T_0000010939,C:\Users\walia\Downloads\flac_T_aa\flac_T\T_0000010939.flac,spoof,A08
T_0000034933,C:\Users\walia\Downloads\flac_T_aa\flac_T\T_0000034933.flac,spoof,A07
T_0000011462,C:\Users\walia\Downloads\flac_T_aa\flac_T\T_0000011462.flac,spoof,A01
T_0000001767,C:\Users\walia\Downloads\flac_T_aa\flac_T\T_0000001767.flac,bonafide,bonafide
T_0000021114,C:\Users\walia\Downloads\flac_T_aa\flac_T\T_0000021114.flac,spoof,A04
T_0000030567,C:\Users\walia\Downloads\flac_T_aa\flac_T\T_0000030567.flac,bonafide,bonafide
T_0000036163,C:\Users\walia\Downloads\flac_T_aa\flac_T\T_0000036163.flac,spoof,A03
T_0000030613,C:\Users\walia\Downloads\flac_T_aa\flac_T\T_0000030613.flac,spoof,A06
T_0000008820,C:\Users\walia\Downloads\flac_T_aa\flac_T\T_0000008820.flac,spoof,A05
T_0000018235,C:\Users\walia\Downloads\flac_T_aa\flac_T\T_0000018235.flac,spoof,A01
T_0000006337,C:\Users\walia\Downloads\flac_T_aa\flac_T\T_0000006337.flac,bonafide,bonafide
T_0000008922,C:\Users\walia\Downloads\flac_T_aa\flac_T\T_0000008922.flac,bonafide,bonafide
T_0000014834,C:\Users\walia\Downloads\flac_T_aa\flac_T\T_0000014834.flac,spoof,A06
T_0000026022,C:\Users\walia\Downloads\flac_T_aa\flac_T\T_0000026022.flac,bonafide,bonafide
T_0000001340,C:\Users\walia\Downloads\flac_T_aa\flac_T\T_0000001340.flac,bonafide,bonafide
T_0000021060,C:\Users\walia\Downloads\flac_T_aa\flac_T\T_0000021060.flac,spoof,A01
T_0000004135,C:\Users\walia\Downloads\flac_T_aa\flac_T\T_0000004135.flac,spoof,A01
T_0000014038,C:\Users\walia\Downloads\flac_T_aa\flac_T\T_0000014038.flac,spoof,A03
T_0000006361,C:\Users\walia\Downloads\flac_T_aa\flac_T\T_0000006361.flac,bonafide,bonafide
T_0000001505,C:\Users\walia\Downloads\flac_T_aa\flac_T\T_0000001505.flac,bonafide,bonafide
T_0000006219,C:\Users\walia\Downloads\flac_T_aa\flac_T\T_0000006219.flac,bonafide,bonafide
T_0000024535,C:\Users\walia\Downloads\flac_T_aa\flac_T\T_0000024535.flac,bonafide,bonafide
T_0000012295,C:\Users\walia\Downloads\flac_T_aa\flac_T\T_0000012295.flac,bonafide,bonafide
T_0000006183,C:\Users\walia\Downloads\flac_T_aa\flac_T\T_0000006183.flac,bonafide,bonafide
T_0000033225,C:\Users\walia\Downloads\flac_T_aa\flac_T\T_0000033225.flac,bonafide,bonafide
T_0000029657,C:\Users\walia\Downloads\flac_T_aa\flac_T\T_0000029657.flac,bonafide,bonafide
T_0000020233,C:\Users\walia\Downloads\flac_T_aa\flac_T\T_0000020233.flac,bonafide,bonafide
T_0000015619,C:\Users\walia\Downloads\flac_T_aa\flac_T\T_0000015619.flac,bonafide,bonafide
T_0000023340,C:\Users\walia\Downloads\flac_T_aa\flac_T\T_0000023340.flac,bonafide,bonafide
T_0000014600,C:\Users\walia\Downloads\flac_T_aa\flac_T\T_0000014600.flac,bonafide,bonafide
T_0000000471,C:\Users\walia\Downloads\flac_T_aa\flac_T\T_0000000471.flac,bonafide,bonafide
T_0000000130,C:\Users\walia\Downloads\flac_T_aa\flac_T\T_0000000130.flac,spoof,A05
T_0000003101,C:\Users\walia\Downloads\flac_T_aa\flac_T\T_0000003101.flac,spoof,A01
T_0000005699,C:\Users\walia\Downloads\flac_T_aa\flac_T\T_0000005699.flac,bonafide,bonafide
T_0000004077,C:\Users\walia\Downloads\flac_T_aa\flac_T\T_0000004077.flac,spoof,A01
T_0000025812,C:\Users\walia\Downloads\flac_T_aa\flac_T\T_0000025812.flac,bonafide,bonafide
T_0000015861,C:\Users\walia\Downloads\flac_T_aa\flac_T\T_0000015861.flac,spoof,A04
T_0000007391,C:\Users\walia\Downloads\flac_T_aa\flac_T\T_0000007391.flac,spoof,A02
T_0000006226,C:\Users\walia\Downloads\flac_T_aa\flac_T\T_0000006226.flac,bonafide,bonafide
T_0000002448,C:\Users\walia\Downloads\flac_T_aa\flac_T\T_0000002448.flac,bonafide,bonafide
T_0000027680,C:\Users\walia\Downloads\flac_T_aa\flac_T\T_0000027680.flac,bonafide,bonafide
T_0000010504,C:\Users\walia\Downloads\flac_T_aa\flac_T\T_0000010504.flac,bonafide,bonafide
T_0000025946,C:\Users\walia\Downloads\flac_T_aa\flac_T\T_0000025946.flac,bonafide,bonafide
T_0000036353,C:\Users\walia\Downloads\flac_T_aa\flac_T\T_0000036353.flac,bonafide,bonafide
T_0000031087,C:\Users\walia\Downloads\flac_T_aa\flac_T\T_0000031087.flac,bonafide,bonafide
T_0000017185,C:\Users\walia\Downloads\flac_T_aa\flac_T\T_0000017185.flac,spoof,A07
T_0000019883,C:\Users\walia\Downloads\flac_T_aa\flac_T\T_0000019883.flac,spoof,A03
T_0000002767,C:\Users\walia\Downloads\flac_T_aa\flac_T\T_0000002767.flac,spoof,A07
T_0000002005,C:\Users\walia\Downloads\flac_T_aa\flac_T\T_0000002005.flac,bonafide,bonafide
T_0000032653,C:\Users\walia\Downloads\flac_T_aa\flac_T\T_0000032653.flac,spoof,A06
T_0000012772,C:\Users\walia\Downloads\flac_T_aa\flac_T\T_0000012772.flac,spoof,A06
T_0000036343,C:\Users\walia\Downloads\flac_T_aa\flac_T\T_0000036343.flac,spoof,A08
T_0000025753,C:\Users\walia\Downloads\flac_T_aa\flac_T\T_0000025753.flac,bonafide,bonafide
T_0000023912,C:\Users\walia\Downloads\flac_T_aa\flac_T\T_0000023912.flac,bonafide,bonafide
T_0000024972,C:\Users\walia\Downloads\flac_T_aa\flac_T\T_0000024972.flac,bonafide,bonafide
T_0000005803,C:\Users\walia\Downloads\flac_T_aa\flac_T\T_0000005803.flac,bonafide,bonafide
T_0000006687,C:\Users\walia\Downloads\flac_T_aa\flac_T\T_0000006687.flac,spoof,A01
T_0000009963,C:\Users\walia\Downloads\flac_T_aa\flac_T\T_0000009963.flac,bonafide,bonafide
T_0000013006,C:\Users\walia\Downloads\flac_T_aa\flac_T\T_0000013006.flac,spoof,A02
T_0000011439,C:\Users\walia\Downloads\flac_T_aa\flac_T\T_0000011439.flac,spoof,A08
T_0000001924,C:\Users\walia\Downloads\flac_T_aa\flac_T\T_0000001924.flac,spoof,A08
T_0000000383,C:\Users\walia\Downloads\flac_T_aa\flac_T\T_0000000383.flac,spoof,A01
T_0000023692,C:\Users\walia\Downloads\flac_T_aa\flac_T\T_0000023692.flac,spoof,A07
T_0000020815,C:\Users\walia\Downloads\flac_T_aa\flac_T\T_0000020815.flac,bonafide,bonafide
T_0000018635,C:\Users\walia\Downloads\flac_T_aa\flac_T\T_0000018635.flac,bonafide,bonafide
T_0000022105,C:\Users\walia\Downloads\flac_T_aa\flac_T\T_0000022105.flac,spoof,A06
T_0000015378,C:\Users\walia\Downloads\flac_T_aa\flac_T\T_0000015378.flac,bonafide,bonafide
T_0000032137,C:\Users\walia\Downloads\flac_T_aa\flac_T\T_0000032137.flac,spoof,A01
T_0000028316,C:\Users\walia\Downloads\flac_T_aa\flac_T\T_0000028316.flac,bonafide,bonafide
T_0000030983,C:\Users\walia\Downloads\flac_T_aa\flac_T\T_0000030983.flac,bonafide,bonafide
T_0000028077,C:\Users\walia\Downloads\flac_T_aa\flac_T\T_0000028077.flac,spoof,A06
T_0000025113,C:\Users\walia\Downloads\flac_T_aa\flac_T\T_0000025113.flac,spoof,A02
T_0000008393,C:\Users\walia\Downloads\flac_T_aa\flac_T\T_0000008393.flac,bonafide,bonafide
T_0000015474,C:\Users\walia\Downloads\flac_T_aa\flac_T\T_0000015474.flac,bonafide,bonafide
T_0000002888,C:\Users\walia\Downloads\flac_T_aa\flac_T\T_0000002888.flac,bonafide,bonafide
T_0000019724,C:\Users\walia\Downloads\flac_T_aa\flac_T\T_0000019724.flac,bonafide,bonafide
T_0000014283,C:\Users\walia\Downloads\flac_T_aa\flac_T\T_0000014283.flac,spoof,A05
T_0000030341,C:\Users\walia\Downloads\flac_T_aa\flac_T\T_0000030341.flac,bonafide,bonafide
T_0000018659,C:\Users\walia\Downloads\flac_T_aa\flac_T\T_0000018659.flac,bonafide,bonafide
T_0000023521,C:\Users\walia\Downloads\flac_T_aa\flac_T\T_0000023521.flac,bonafide,bonafide
T_0000024581,C:\Users\walia\Downloads\flac_T_aa\flac_T\T_0000024581.flac,bonafide,bonafide
T_0000020569,C:\Users\walia\Downloads\flac_T_aa\flac_T\T_0000020569.flac,spoof,A07
T_0000031503,C:\Users\walia\Downloads\flac_T_aa\flac_T\T_0000031503.flac,bonafide,bonafide
T_0000034880,C:\Users\walia\Downloads\flac_T_aa\flac_T\T_0000034880.flac,bonafide,bonafide
T_0000022558,C:\Users\walia\Downloads\flac_T_aa\flac_T\T_0000022558.flac,bonafide,bonafide
T_0000034867,C:\Users\walia\Downloads\flac_T_aa\flac_T\T_0000034867.flac,spoof,A06
T_0000015126,C:\Users\walia\Downloads\flac_T_aa\flac_T\T_0000015126.flac,bonafide,bonafide
T_0000002024,C:\Users\walia\Downloads\flac_T_aa\flac_T\T_0000002024.flac,spoof,A05
T_0000014910,C:\Users\walia\Downloads\flac_T_aa\flac_T\T_0000014910.flac,bonafide,bonafide
T_0000026839,C:\Users\walia\Downloads\flac_T_aa\flac_T\T_0000026839.flac,spoof,A07
T_0000026650,C:\Users\walia\Downloads\flac_T_aa\flac_T\T_0000026650.flac,bonafide,bonafide
T_0000015334,C:\Users\walia\Downloads\flac_T_aa\flac_T\T_0000015334.flac,bonafide,bonafide
T_0000024868,C:\Users\walia\Downloads\flac_T_aa\flac_T\T_0000024868.flac,spoof,A03
T_0000022127,C:\Users\walia\Downloads\flac_T_aa\flac_T\T_0000022127.flac,spoof,A04
T_0000014049,C:\Users\walia\Downloads\flac_T_aa\flac_T\T_0000014049.flac,spoof,A08
T_0000023260,C:\Users\walia\Downloads\flac_T_aa\flac_T\T_0000023260.flac,bonafide,bonafide
T_0000025573,C:\Users\walia\Downloads\flac_T_aa\flac_T\T_0000025573.flac,bonafide,bonafide
T_0000005354,C:\Users\walia\Downloads\flac_T_aa\flac_T\T_0000005354.flac,spoof,A03
T_0000028459,C:\Users\walia\Downloads\flac_T_aa\flac_T\T_0000028459.flac,bonafide,bonafide
T_0000004746,C:\Users\walia\Downloads\flac_T_aa\flac_T\T_0000004746.flac,bonafide,bonafide
T_0000015250,C:\Users\walia\Downloads\flac_T_aa\flac_T\T_0000015250.flac,spoof,A02
T_0000005780,C:\Users\walia\Downloads\flac_T_aa\flac_T\T_0000005780.flac,spoof,A04
T_0000012979,C:\Users\walia\Downloads\flac_T_aa\flac_T\T_0000012979.flac,spoof,A04
T_0000033380,C:\Users\walia\Downloads\flac_T_aa\flac_T\T_0000033380.flac,spoof,A03
T_0000003198,C:\Users\walia\Downloads\flac_T_aa\flac_T\T_0000003198.flac,bonafide,bonafide
T_0000002188,C:\Users\walia\Downloads\flac_T_aa\flac_T\T_0000002188.flac,bonafide,bonafide
T_0000011059,C:\Users\walia\Downloads\flac_T_aa\flac_T\T_0000011059.flac,spoof,A06
T_0000023328,C:\Users\walia\Downloads\flac_T_aa\flac_T\T_0000023328.flac,bonafide,bonafide
T_0000016045,C:\Users\walia\Downloads\flac_T_aa\flac_T\T_0000016045.flac,bonafide,bonafide
T_0000012606,C:\Users\walia\Downloads\flac_T_aa\flac_T\T_0000012606.flac,spoof,A04
T_0000023413,C:\Users\walia\Downloads\flac_T_aa\flac_T\T_0000023413.flac,spoof,A03
T_0000004222,C:\Users\walia\Downloads\flac_T_aa\flac_T\T_0000004222.flac,bonafide,bonafide
T_0000014587,C:\Users\walia\Downloads\flac_T_aa\flac_T\T_0000014587.flac,bonafide,bonafide
T_0000000461,C:\Users\walia\Downloads\flac_T_aa\flac_T\T_0000000461.flac,spoof,A07
T_0000000028,C:\Users\walia\Downloads\flac_T_aa\flac_T\T_0000000028.flac,bonafide,bonafide
T_0000033366,C:\Users\walia\Downloads\flac_T_aa\flac_T\T_0000033366.flac,spoof,A03
T_0000020130,C:\Users\walia\Downloads\flac_T_aa\flac_T\T_0000020130.flac,spoof,A02
T_0000032121,C:\Users\walia\Downloads\flac_T_aa\flac_T\T_0000032121.flac,spoof,A02
T_0000023730,C:\Users\walia\Downloads\flac_T_aa\flac_T\T_0000023730.flac,spoof,A02
T_0000013365,C:\Users\walia\Downloads\flac_T_aa\flac_T\T_0000013365.flac,bonafide,bonafide
T_0000018065,C:\Users\walia\Downloads\flac_T_aa\flac_T\T_0000018065.flac,bonafide,bonafide
T_0000030494,C:\Users\walia\Downloads\flac_T_aa\flac_T\T_0000030494.flac,bonafide,bonafide
T_0000023306,C:\Users\walia\Downloads\flac_T_aa\flac_T\T_0000023306.flac,bonafide,bonafide
T_0000030145,C:\Users\walia\Downloads\flac_T_aa\flac_T\T_0000030145.flac,bonafide,bonafide
T_0000014292,C:\Users\walia\Downloads\flac_T_aa\flac_T\T_0000014292.flac,bonafide,bonafide
T_0000019496,C:\Users\walia\Downloads\flac_T_aa\flac_T\T_0000019496.flac,bonafide,bonafide
T_0000011327,C:\Users\walia\Downloads\flac_T_aa\flac_T\T_0000011327.flac,bonafide,bonafide
T_0000032295,C:\Users\walia\Downloads\flac_T_aa\flac_T\T_0000032295.flac,bonafide,bonafide
T_0000000586,C:\Users\walia\Downloads\flac_T_aa\flac_T\T_0000000586.flac,spoof,A07
T_0000010973,C:\Users\walia\Downloads\flac_T_aa\flac_T\T_0000010973.flac,bonafide,bonafide
T_0000001834,C:\Users\walia\Downloads\flac_T_aa\flac_T\T_0000001834.flac,bonafide,bonafide
T_0000026727,C:\Users\walia\Downloads\flac_T_aa\flac_T\T_0000026727.flac,spoof,A08
T_0000021910,C:\Users\walia\Downloads\flac_T_aa\flac_T\T_0000021910.flac,spoof,A05
T_0000004919,C:\Users\walia\Downloads\flac_T_aa\flac_T\T_0000004919.flac,bonafide,bonafide
T_0000015664,C:\Users\walia\Downloads\flac_T_aa\flac_T\T_0000015664.flac,bonafide,bonafide
T_0000029230,C:\Users\walia\Downloads\flac_T_aa\flac_T\T_0000029230.flac,bonafide,bonafide
T_0000027807,C:\Users\walia\Downloads\flac_T_aa\flac_T\T_0000027807.flac,spoof,A02
T_0000032837,C:\Users\walia\Downloads\flac_T_aa\flac_T\T_0000032837.flac,spoof,A06
T_0000014067,C:\Users\walia\Downloads\flac_T_aa\flac_T\T_0000014067.flac,bonafide,bonafide
T_0000013119,C:\Users\walia\Downloads\flac_T_aa\flac_T\T_0000013119.flac,bonafide,bonafide
T_0000025527,C:\Users\walia\Downloads\flac_T_aa\flac_T\T_0000025527.flac,spoof,A08
T_0000024052,C:\Users\walia\Downloads\flac_T_aa\flac_T\T_0000024052.flac,bonafide,bonafide
T_0000015677,C:\Users\walia\Downloads\flac_T_aa\flac_T\T_0000015677.flac,bonafide,bonafide
T_0000010678,C:\Users\walia\Downloads\flac_T_aa\flac_T\T_0000010678.flac,bonafide,bonafide
T_0000017362,C:\Users\walia\Downloads\flac_T_aa\flac_T\T_0000017362.flac,spoof,A01
T_0000030198,C:\Users\walia\Downloads\flac_T_aa\flac_T\T_0000030198.flac,bonafide,bonafide
T_0000035824,C:\Users\walia\Downloads\flac_T_aa\flac_T\T_0000035824.flac,bonafide,bonafide
T_0000022141,C:\Users\walia\Downloads\flac_T_aa\flac_T\T_0000022141.flac,bonafide,bonafide
T_0000015511,C:\Users\walia\Downloads\flac_T_aa\flac_T\T_0000015511.flac,spoof,A02
T_0000026180,C:\Users\walia\Downloads\flac_T_aa\flac_T\T_0000026180.flac,bonafide,bonafide
T_0000016512,C:\Users\walia\Downloads\flac_T_aa\flac_T\T_0000016512.flac,bonafide,bonafide
T_0000019598,C:\Users\walia\Downloads\flac_T_aa\flac_T\T_0000019598.flac,bonafide,bonafide
T_0000003702,C:\Users\walia\Downloads\flac_T_aa\flac_T\T_0000003702.flac,spoof,A03
T_0000024797,C:\Users\walia\Downloads\flac_T_aa\flac_T\T_0000024797.flac,spoof,A01
T_0000012941,C:\Users\walia\Downloads\flac_T_aa\flac_T\T_0000012941.flac,spoof,A04
T_0000033857,C:\Users\walia\Downloads\flac_T_aa\flac_T\T_0000033857.flac,spoof,A07
T_0000023241,C:\Users\walia\Downloads\flac_T_aa\flac_T\T_0000023241.flac,bonafide,bonafide
T_0000015661,C:\Users\walia\Downloads\flac_T_aa\flac_T\T_0000015661.flac,spoof,A01
T_0000002337,C:\Users\walia\Downloads\flac_T_aa\flac_T\T_0000002337.flac,bonafide,bonafide
T_0000034377,C:\Users\walia\Downloads\flac_T_aa\flac_T\T_0000034377.flac,spoof,A03
T_0000015934,C:\Users\walia\Downloads\flac_T_aa\flac_T\T_0000015934.flac,bonafide,bonafide
T_0000003994,C:\Users\walia\Downloads\flac_T_aa\flac_T\T_0000003994.flac,bonafide,bonafide
T_0000020446,C:\Users\walia\Downloads\flac_T_aa\flac_T\T_0000020446.flac,spoof,A04
T_0000019040,C:\Users\walia\Downloads\flac_T_aa\flac_T\T_0000019040.flac,spoof,A05
T_0000018665,C:\Users\walia\Downloads\flac_T_aa\flac_T\T_0000018665.flac,spoof,A03
T_0000021667,C:\Users\walia\Downloads\flac_T_aa\flac_T\T_0000021667.flac,bonafide,bonafide
T_0000026552,C:\Users\walia\Downloads\flac_T_aa\flac_T\T_0000026552.flac,bonafide,bonafide
T_0000025513,C:\Users\walia\Downloads\flac_T_aa\flac_T\T_0000025513.flac,spoof,A08
T_0000006508,C:\Users\walia\Downloads\flac_T_aa\flac_T\T_0000006508.flac,bonafide,bonafide
T_0000009675,C:\Users\walia\Downloads\flac_T_aa\flac_T\T_0000009675.flac,spoof,A08
T_0000008964,C:\Users\walia\Downloads\flac_T_aa\flac_T\T_0000008964.flac,bonafide,bonafide
T_0000024447,C:\Users\walia\Downloads\flac_T_aa\flac_T\T_0000024447.flac,spoof,A03
T_0000011165,C:\Users\walia\Downloads\flac_T_aa\flac_T\T_0000011165.flac,bonafide,bonafide
T_0000008250,C:\Users\walia\Downloads\flac_T_aa\flac_T\T_0000008250.flac,spoof,A07
T_0000029438,C:\Users\walia\Downloads\flac_T_aa\flac_T\T_0000029438.flac,bonafide,bonafide
T_0000014971,C:\Users\walia\Downloads\flac_T_aa\flac_T\T_0000014971.flac,spoof,A01
T_0000014951,C:\Users\walia\Downloads\flac_T_aa\flac_T\T_0000014951.flac,bonafide,bonafide
T_0000032132,C:\Users\walia\Downloads\flac_T_aa\flac_T\T_0000032132.flac,bonafide,bonafide
T_0000018966,C:\Users\walia\Downloads\flac_T_aa\flac_T\T_0000018966.flac,spoof,A08
T_0000010195,C:\Users\walia\Downloads\flac_T_aa\flac_T\T_0000010195.flac,spoof,A03
T_0000015247,C:\Users\walia\Downloads\flac_T_aa\flac_T\T_0000015247.flac,spoof,A01
T_0000015161,C:\Users\walia\Downloads\flac_T_aa\flac_T\T_0000015161.flac,spoof,A04
T_0000027936,C:\Users\walia\Downloads\flac_T_aa\flac_T\T_0000027936.flac,spoof,A08
T_0000035586,C:\Users\walia\Downloads\flac_T_aa\flac_T\T_0000035586.flac,spoof,A08
T_0000028812,C:\Users\walia\Downloads\flac_T_aa\flac_T\T_0000028812.flac,spoof,A01
T_0000027669,C:\Users\walia\Downloads\flac_T_aa\flac_T\T_0000027669.flac,bonafide,bonafide
T_0000011267,C:\Users\walia\Downloads\flac_T_aa\flac_T\T_0000011267.flac,spoof,A01
T_0000005653,C:\Users\walia\Downloads\flac_T_aa\flac_T\T_0000005653.flac,bonafide,bonafide
T_0000033357,C:\Users\walia\Downloads\flac_T_aa\flac_T\T_0000033357.flac,bonafide,bonafide
T_0000025231,C:\Users\walia\Downloads\flac_T_aa\flac_T\T_0000025231.flac,spoof,A02
T_0000004507,C:\Users\walia\Downloads\flac_T_aa\flac_T\T_0000004507.flac,bonafide,bonafide
T_0000027346,C:\Users\walia\Downloads\flac_T_aa\flac_T\T_0000027346.flac,bonafide,bonafide
T_0000030127,C:\Users\walia\Downloads\flac_T_aa\flac_T\T_0000030127.flac,spoof,A08
T_0000007944,C:\Users\walia\Downloads\flac_T_aa\flac_T\T_0000007944.flac,bonafide,bonafide
T_0000010560,C:\Users\walia\Downloads\flac_T_aa\flac_T\T_0000010560.flac,bonafide,bonafide
T_0000027387,C:\Users\walia\Downloads\flac_T_aa\flac_T\T_0000027387.flac,spoof,A01
T_0000004730,C:\Users\walia\Downloads\flac_T_aa\flac_T\T_0000004730.flac,bonafide,bonafide
T_0000010080,C:\Users\walia\Downloads\flac_T_aa\flac_T\T_0000010080.flac,bonafide,bonafide
T_0000003038,C:\Users\walia\Downloads\flac_T_aa\flac_T\T_0000003038.flac,bonafide,bonafide
T_0000019127,C:\Users\walia\Downloads\flac_T_aa\flac_T\T_0000019127.flac,bonafide,bonafide
T_0000008702,C:\Users\walia\Downloads\flac_T_aa\flac_T\T_0000008702.flac,spoof,A05
T_0000011859,C:\Users\walia\Downloads\flac_T_aa\flac_T\T_0000011859.flac,bonafide,bonafide
T_0000019214,C:\Users\walia\Downloads\flac_T_aa\flac_T\T_0000019214.flac,spoof,A01
T_0000008144,C:\Users\walia\Downloads\flac_T_aa\flac_T\T_0000008144.flac,spoof,A01
T_0000033965,C:\Users\walia\Downloads\flac_T_aa\flac_T\T_0000033965.flac,bonafide,bonafide
T_0000029598,C:\Users\walia\Downloads\flac_T_aa\flac_T\T_0000029598.flac,spoof,A08
T_0000012186,C:\Users\walia\Downloads\flac_T_aa\flac_T\T_0000012186.flac,bonafide,bonafide
T_0000029359,C:\Users\walia\Downloads\flac_T_aa\flac_T\T_0000029359.flac,bonafide,bonafide
T_0000012097,C:\Users\walia\Downloads\flac_T_aa\flac_T\T_0000012097.flac,spoof,A07
T_0000017254,C:\Users\walia\Downloads\flac_T_aa\flac_T\T_0000017254.flac,spoof,A05
T_0000000437,C:\Users\walia\Downloads\flac_T_aa\flac_T\T_0000000437.flac,bonafide,bonafide
T_0000026062,C:\Users\walia\Downloads\flac_T_aa\flac_T\T_0000026062.flac,spoof,A01
T_0000001026,C:\Users\walia\Downloads\flac_T_aa\flac_T\T_0000001026.flac,spoof,A03
T_0000007697,C:\Users\walia\Downloads\flac_T_aa\flac_T\T_0000007697.flac,spoof,A08
T_0000010300,C:\Users\walia\Downloads\flac_T_aa\flac_T\T_0000010300.flac,bonafide,bonafide
T_0000007691,C:\Users\walia\Downloads\flac_T_aa\flac_T\T_0000007691.flac,bonafide,bonafide
T_0000009859,C:\Users\walia\Downloads\flac_T_aa\flac_T\T_0000009859.flac,spoof,A02
T_0000029111,C:\Users\walia\Downloads\flac_T_aa\flac_T\T_0000029111.flac,bonafide,bonafide
T_0000002937,C:\Users\walia\Downloads\flac_T_aa\flac_T\T_0000002937.flac,bonafide,bonafide
T_0000032422,C:\Users\walia\Downloads\flac_T_aa\flac_T\T_0000032422.flac,spoof,A08
T_0000009377,C:\Users\walia\Downloads\flac_T_aa\flac_T\T_0000009377.flac,bonafide,bonafide
T_0000027697,C:\Users\walia\Downloads\flac_T_aa\flac_T\T_0000027697.flac,bonafide,bonafide
T_0000036226,C:\Users\walia\Downloads\flac_T_aa\flac_T\T_0000036226.flac,spoof,A05
T_0000028576,C:\Users\walia\Downloads\flac_T_aa\flac_T\T_0000028576.flac,bonafide,bonafide
T_0000035312,C:\Users\walia\Downloads\flac_T_aa\flac_T\T_0000035312.flac,bonafide,bonafide
T_0000015192,C:\Users\walia\Downloads\flac_T_aa\flac_T\T_0000015192.flac,spoof,A07
T_0000002663,C:\Users\walia\Downloads\flac_T_aa\flac_T\T_0000002663.flac,spoof,A04
T_0000007370,C:\Users\walia\Downloads\flac_T_aa\flac_T\T_0000007370.flac,spoof,A03
T_0000020954,C:\Users\walia\Downloads\flac_T_aa\flac_T\T_0000020954.flac,bonafide,bonafide
T_0000033782,C:\Users\walia\Downloads\flac_T_aa\flac_T\T_0000033782.flac,bonafide,bonafide
T_0000033781,C:\Users\walia\Downloads\flac_T_aa\flac_T\T_0000033781.flac,bonafide,bonafide
T_0000035589,C:\Users\walia\Downloads\flac_T_aa\flac_T\T_0000035589.flac,bonafide,bonafide
T_0000018806,C:\Users\walia\Downloads\flac_T_aa\flac_T\T_0000018806.flac,bonafide,bonafide
T_0000007000,C:\Users\walia\Downloads\flac_T_aa\flac_T\T_0000007000.flac,spoof,A07
T_0000006442,C:\Users\walia\Downloads\flac_T_aa\flac_T\T_0000006442.flac,bonafide,bonafide
T_0000020729,C:\Users\walia\Downloads\flac_T_aa\flac_T\T_0000020729.flac,bonafide,bonafide
T_0000032330,C:\Users\walia\Downloads\flac_T_aa\flac_T\T_0000032330.flac,spoof,A07
T_0000011382,C:\Users\walia\Downloads\flac_T_aa\flac_T\T_0000011382.flac,bonafide,bonafide
T_0000014388,C:\Users\walia\Downloads\flac_T_aa\flac_T\T_0000014388.flac,bonafide,bonafide
T_0000024001,C:\Users\walia\Downloads\flac_T_aa\flac_T\T_0000024001.flac,bonafide,bonafide
T_0000023265,C:\Users\walia\Downloads\flac_T_aa\flac_T\T_0000023265.flac,bonafide,bonafide
T_0000027748,C:\Users\walia\Downloads\flac_T_aa\flac_T\T_0000027748.flac,bonafide,bonafide
T_0000015807,C:\Users\walia\Downloads\flac_T_aa\flac_T\T_0000015807.flac,spoof,A04
T_0000025279,C:\Users\walia\Downloads\flac_T_aa\flac_T\T_0000025279.flac,bonafide,bonafide
T_0000016983,C:\Users\walia\Downloads\flac_T_aa\flac_T\T_0000016983.flac,spoof,A05
T_0000033837,C:\Users\walia\Downloads\flac_T_aa\flac_T\T_0000033837.flac,bonafide,bonafide
T_0000032746,C:\Users\walia\Downloads\flac_T_aa\flac_T\T_0000032746.flac,spoof,A05
T_0000035511,C:\Users\walia\Downloads\flac_T_aa\flac_T\T_0000035511.flac,spoof,A01
T_0000011601,C:\Users\walia\Downloads\flac_T_aa\flac_T\T_0000011601.flac,bonafide,bonafide
T_0000003974,C:\Users\walia\Downloads\flac_T_aa\flac_T\T_0000003974.flac,bonafide,bonafide
T_0000024024,C:\Users\walia\Downloads\flac_T_aa\flac_T\T_0000024024.flac,bonafide,bonafide
T_0000003723,C:\Users\walia\Downloads\flac_T_aa\flac_T\T_0000003723.flac,spoof,A07
T_0000022771,C:\Users\walia\Downloads\flac_T_aa\flac_T\T_0000022771.flac,bonafide,bonafide
T_0000023760,C:\Users\walia\Downloads\flac_T_aa\flac_T\T_0000023760.flac,spoof,A08
T_0000012147,C:\Users\walia\Downloads\flac_T_aa\flac_T\T_0000012147.flac,spoof,A02
T_0000015884,C:\Users\walia\Downloads\flac_T_aa\flac_T\T_0000015884.flac,bonafide,bonafide
T_0000008129,C:\Users\walia\Downloads\flac_T_aa\flac_T\T_0000008129.flac,spoof,A03
T_0000035224,C:\Users\walia\Downloads\flac_T_aa\flac_T\T_0000035224.flac,spoof,A07
T_0000009093,C:\Users\walia\Downloads\flac_T_aa\flac_T\T_0000009093.flac,spoof,A06
T_0000017682,C:\Users\walia\Downloads\flac_T_aa\flac_T\T_0000017682.flac,spoof,A01
T_0000027353,C:\Users\walia\Downloads\flac_T_aa\flac_T\T_0000027353.flac,spoof,A07
T_0000012303,C:\Users\walia\Downloads\flac_T_aa\flac_T\T_0000012303.flac,bonafide,bonafide
T_0000031161,C:\Users\walia\Downloads\flac_T_aa\flac_T\T_0000031161.flac,spoof,A06
T_0000015852,C:\Users\walia\Downloads\flac_T_aa\flac_T\T_0000015852.flac,spoof,A01
T_0000013120,C:\Users\walia\Downloads\flac_T_aa\flac_T\T_0000013120.flac,spoof,A01
T_0000022414,C:\Users\walia\Downloads\flac_T_aa\flac_T\T_0000022414.flac,spoof,A04
T_0000029982,C:\Users\walia\Downloads\flac_T_aa\flac_T\T_0000029982.flac,spoof,A01
T_0000014534,C:\Users\walia\Downloads\flac_T_aa\flac_T\T_0000014534.flac,bonafide,bonafide
T_0000022566,C:\Users\walia\Downloads\flac_T_aa\flac_T\T_0000022566.flac,spoof,A04
T_0000013230,C:\Users\walia\Downloads\flac_T_aa\flac_T\T_0000013230.flac,spoof,A08
T_0000014047,C:\Users\walia\Downloads\flac_T_aa\flac_T\T_0000014047.flac,spoof,A05
T_0000026726,C:\Users\walia\Downloads\flac_T_aa\flac_T\T_0000026726.flac,bonafide,bonafide
T_0000013272,C:\Users\walia\Downloads\flac_T_aa\flac_T\T_0000013272.flac,spoof,A08
T_0000028589,C:\Users\walia\Downloads\flac_T_aa\flac_T\T_0000028589.flac,spoof,A02
T_0000004196,C:\Users\walia\Downloads\flac_T_aa\flac_T\T_0000004196.flac,spoof,A02
T_0000002336,C:\Users\walia\Downloads\flac_T_aa\flac_T\T_0000002336.flac,bonafide,bonafide
T_0000001337,C:\Users\walia\Downloads\flac_T_aa\flac_T\T_0000001337.flac,bonafide,bonafide
T_0000013606,C:\Users\walia\Downloads\flac_T_aa\flac_T\T_0000013606.flac,bonafide,bonafide
T_0000002833,C:\Users\walia\Downloads\flac_T_aa\flac_T\T_0000002833.flac,bonafide,bonafide
T_0000034631,C:\Users\walia\Downloads\flac_T_aa\flac_T\T_0000034631.flac,bonafide,bonafide
T_0000030166,C:\Users\walia\Downloads\flac_T_aa\flac_T\T_0000030166.flac,bonafide,bonafide
T_0000024349,C:\Users\walia\Downloads\flac_T_aa\flac_T\T_0000024349.flac,bonafide,bonafide
T_0000010872,C:\Users\walia\Downloads\flac_T_aa\flac_T\T_0000010872.flac,bonafide,bonafide
T_0000031816,C:\Users\walia\Downloads\flac_T_aa\flac_T\T_0000031816.flac,spoof,A06
T_0000019814,C:\Users\walia\Downloads\flac_T_aa\flac_T\T_0000019814.flac,bonafide,bonafide
T_0000025077,C:\Users\walia\Downloads\flac_T_aa\flac_T\T_0000025077.flac,spoof,A08
T_0000022260,C:\Users\walia\Downloads\flac_T_aa\flac_T\T_0000022260.flac,bonafide,bonafide
T_0000015270,C:\Users\walia\Downloads\flac_T_aa\flac_T\T_0000015270.flac,bonafide,bonafide
T_0000019380,C:\Users\walia\Downloads\flac_T_aa\flac_T\T_0000019380.flac,spoof,A05
T_0000012054,C:\Users\walia\Downloads\flac_T_aa\flac_T\T_0000012054.flac,bonafide,bonafide
T_0000024035,C:\Users\walia\Downloads\flac_T_aa\flac_T\T_0000024035.flac,bonafide,bonafide
T_0000031163,C:\Users\walia\Downloads\flac_T_aa\flac_T\T_0000031163.flac,bonafide,bonafide
T_0000020959,C:\Users\walia\Downloads\flac_T_aa\flac_T\T_0000020959.flac,bonafide,bonafide
T_0000028022,C:\Users\walia\Downloads\flac_T_aa\flac_T\T_0000028022.flac,bonafide,bonafide
T_0000000575,C:\Users\walia\Downloads\flac_T_aa\flac_T\T_0000000575.flac,bonafide,bonafide
T_0000021452,C:\Users\walia\Downloads\flac_T_aa\flac_T\T_0000021452.flac,bonafide,bonafide
T_0000033906,C:\Users\walia\Downloads\flac_T_aa\flac_T\T_0000033906.flac,bonafide,bonafide
T_0000023334,C:\Users\walia\Downloads\flac_T_aa\flac_T\T_0000023334.flac,spoof,A01
T_0000006491,C:\Users\walia\Downloads\flac_T_aa\flac_T\T_0000006491.flac,spoof,A02
T_0000008930,C:\Users\walia\Downloads\flac_T_aa\flac_T\T_0000008930.flac,spoof,A06
T_0000024953,C:\Users\walia\Downloads\flac_T_aa\flac_T\T_0000024953.flac,spoof,A04
T_0000010151,C:\Users\walia\Downloads\flac_T_aa\flac_T\T_0000010151.flac,bonafide,bonafide
T_0000036189,C:\Users\walia\Downloads\flac_T_aa\flac_T\T_0000036189.flac,bonafide,bonafide
T_0000009108,C:\Users\walia\Downloads\flac_T_aa\flac_T\T_0000009108.flac,bonafide,bonafide
T_0000011750,C:\Users\walia\Downloads\flac_T_aa\flac_T\T_0000011750.flac,spoof,A04
T_0000013944,C:\Users\walia\Downloads\flac_T_aa\flac_T\T_0000013944.flac,bonafide,bonafide
T_0000013491,C:\Users\walia\Downloads\flac_T_aa\flac_T\T_0000013491.flac,spoof,A07
T_0000033897,C:\Users\walia\Downloads\flac_T_aa\flac_T\T_0000033897.flac,bonafide,bonafide
T_0000026858,C:\Users\walia\Downloads\flac_T_aa\flac_T\T_0000026858.flac,bonafide,bonafide
T_0000008529,C:\Users\walia\Downloads\flac_T_aa\flac_T\T_0000008529.flac,spoof,A02
T_0000020322,C:\Users\walia\Downloads\flac_T_aa\flac_T\T_0000020322.flac,bonafide,bonafide
T_0000019844,C:\Users\walia\Downloads\flac_T_aa\flac_T\T_0000019844.flac,spoof,A01
T_0000002944,C:\Users\walia\Downloads\flac_T_aa\flac_T\T_0000002944.flac,bonafide,bonafide
T_0000006310,C:\Users\walia\Downloads\flac_T_aa\flac_T\T_0000006310.flac,bonafide,bonafide
T_0000020879,C:\Users\walia\Downloads\flac_T_aa\flac_T\T_0000020879.flac,bonafide,bonafide
T_0000029994,C:\Users\walia\Downloads\flac_T_aa\flac_T\T_0000029994.flac,spoof,A08
T_0000006216,C:\Users\walia\Downloads\flac_T_aa\flac_T\T_0000006216.flac,bonafide,bonafide
T_0000001443,C:\Users\walia\Downloads\flac_T_aa\flac_T\T_0000001443.flac,bonafide,bonafide
T_0000030319,C:\Users\walia\Downloads\flac_T_aa\flac_T\T_0000030319.flac,spoof,A01
T_0000008369,C:\Users\walia\Downloads\flac_T_aa\flac_T\T_0000008369.flac,spoof,A03
T_0000002963,C:\Users\walia\Downloads\flac_T_aa\flac_T\T_0000002963.flac,spoof,A07
T_0000016763,C:\Users\walia\Downloads\flac_T_aa\flac_T\T_0000016763.flac,spoof,A02
T_0000013945,C:\Users\walia\Downloads\flac_T_aa\flac_T\T_0000013945.flac,bonafide,bonafide
T_0000033863,C:\Users\walia\Downloads\flac_T_aa\flac_T\T_0000033863.flac,bonafide,bonafide
T_0000020000,C:\Users\walia\Downloads\flac_T_aa\flac_T\T_0000020000.flac,spoof,A01
T_0000017644,C:\Users\walia\Downloads\flac_T_aa\flac_T\T_0000017644.flac,spoof,A05
T_0000003388,C:\Users\walia\Downloads\flac_T_aa\flac_T\T_0000003388.flac,bonafide,bonafide
T_0000011863,C:\Users\walia\Downloads\flac_T_aa\flac_T\T_0000011863.flac,bonafide,bonafide
T_0000003859,C:\Users\walia\Downloads\flac_T_aa\flac_T\T_0000003859.flac,bonafide,bonafide
T_0000009664,C:\Users\walia\Downloads\flac_T_aa\flac_T\T_0000009664.flac,bonafide,bonafide
T_0000029000,C:\Users\walia\Downloads\flac_T_aa\flac_T\T_0000029000.flac,spoof,A04
T_0000000998,C:\Users\walia\Downloads\flac_T_aa\flac_T\T_0000000998.flac,spoof,A02
T_0000000311,C:\Users\walia\Downloads\flac_T_aa\flac_T\T_0000000311.flac,bonafide,bonafide
T_0000003949,C:\Users\walia\Downloads\flac_T_aa\flac_T\T_0000003949.flac,bonafide,bonafide
T_0000001718,C:\Users\walia\Downloads\flac_T_aa\flac_T\T_0000001718.flac,bonafide,bonafide
T_0000015525,C:\Users\walia\Downloads\flac_T_aa\flac_T\T_0000015525.flac,spoof,A04
T_0000008257,C:\Users\walia\Downloads\flac_T_aa\flac_T\T_0000008257.flac,bonafide,bonafide
T_0000031416,C:\Users\walia\Downloads\flac_T_aa\flac_T\T_0000031416.flac,spoof,A02
T_0000004260,C:\Users\walia\Downloads\flac_T_aa\flac_T\T_0000004260.flac,spoof,A04
T_0000020371,C:\Users\walia\Downloads\flac_T_aa\flac_T\T_0000020371.flac,spoof,A08
T_0000030876,C:\Users\walia\Downloads\flac_T_aa\flac_T\T_0000030876.flac,spoof,A04
T_0000013782,C:\Users\walia\Downloads\flac_T_aa\flac_T\T_0000013782.flac,spoof,A03
T_0000007692,C:\Users\walia\Downloads\flac_T_aa\flac_T\T_0000007692.flac,spoof,A07
T_0000013924,C:\Users\walia\Downloads\flac_T_aa\flac_T\T_0000013924.flac,bonafide,bonafide
T_0000020907,C:\Users\walia\Downloads\flac_T_aa\flac_T\T_0000020907.flac,spoof,A03
T_0000023249,C:\Users\walia\Downloads\flac_T_aa\flac_T\T_0000023249.flac,spoof,A04
T_0000006954,C:\Users\walia\Downloads\flac_T_aa\flac_T\T_0000006954.flac,bonafide,bonafide
T_0000007196,C:\Users\walia\Downloads\flac_T_aa\flac_T\T_0000007196.flac,bonafide,bonafide
T_0000031409,C:\Users\walia\Downloads\flac_T_aa\flac_T\T_0000031409.flac,bonafide,bonafide
T_0000035765,C:\Users\walia\Downloads\flac_T_aa\flac_T\T_0000035765.flac,spoof,A05
T_0000006432,C:\Users\walia\Downloads\flac_T_aa\flac_T\T_0000006432.flac,bonafide,bonafide
T_0000032855,C:\Users\walia\Downloads\flac_T_aa\flac_T\T_0000032855.flac,spoof,A07
T_0000017478,C:\Users\walia\Downloads\flac_T_aa\flac_T\T_0000017478.flac,spoof,A07
T_0000032799,C:\Users\walia\Downloads\flac_T_aa\flac_T\T_0000032799.flac,spoof,A07
T_0000014281,C:\Users\walia\Downloads\flac_T_aa\flac_T\T_0000014281.flac,bonafide,bonafide
T_0000033769,C:\Users\walia\Downloads\flac_T_aa\flac_T\T_0000033769.flac,spoof,A05
T_0000016895,C:\Users\walia\Downloads\flac_T_aa\flac_T\T_0000016895.flac,spoof,A02
T_0000024275,C:\Users\walia\Downloads\flac_T_aa\flac_T\T_0000024275.flac,spoof,A02
T_0000000874,C:\Users\walia\Downloads\flac_T_aa\flac_T\T_0000000874.flac,spoof,A04
T_0000008579,C:\Users\walia\Downloads\flac_T_aa\flac_T\T_0000008579.flac,spoof,A07
T_0000034306,C:\Users\walia\Downloads\flac_T_aa\flac_T\T_0000034306.flac,spoof,A05
T_0000031725,C:\Users\walia\Downloads\flac_T_aa\flac_T\T_0000031725.flac,spoof,A07
T_0000016267,C:\Users\walia\Downloads\flac_T_aa\flac_T\T_0000016267.flac,bonafide,bonafide
T_0000031212,C:\Users\walia\Downloads\flac_T_aa\flac_T\T_0000031212.flac,spoof,A01
T_0000014626,C:\Users\walia\Downloads\flac_T_aa\flac_T\T_0000014626.flac,bonafide,bonafide
T_0000010852,C:\Users\walia\Downloads\flac_T_aa\flac_T\T_0000010852.flac,bonafide,bonafide
T_0000013038,C:\Users\walia\Downloads\flac_T_aa\flac_T\T_0000013038.flac,bonafide,bonafide
T_0000007351,C:\Users\walia\Downloads\flac_T_aa\flac_T\T_0000007351.flac,spoof,A04
T_0000020084,C:\Users\walia\Downloads\flac_T_aa\flac_T\T_0000020084.flac,bonafide,bonafide
T_0000009251,C:\Users\walia\Downloads\flac_T_aa\flac_T\T_0000009251.flac,spoof,A06
T_0000032915,C:\Users\walia\Downloads\flac_T_aa\flac_T\T_0000032915.flac,bonafide,bonafide
T_0000019227,C:\Users\walia\Downloads\flac_T_aa\flac_T\T_0000019227.flac,bonafide,bonafide
T_0000016849,C:\Users\walia\Downloads\flac_T_aa\flac_T\T_0000016849.flac,spoof,A02
T_0000005364,C:\Users\walia\Downloads\flac_T_aa\flac_T\T_0000005364.flac,spoof,A05
T_0000021897,C:\Users\walia\Downloads\flac_T_aa\flac_T\T_0000021897.flac,bonafide,bonafide
T_0000035904,C:\Users\walia\Downloads\flac_T_aa\flac_T\T_0000035904.flac,spoof,A05
T_0000014958,C:\Users\walia\Downloads\flac_T_aa\flac_T\T_0000014958.flac,bonafide,bonafide
T_0000000715,C:\Users\walia\Downloads\flac_T_aa\flac_T\T_0000000715.flac,spoof,A05
T_0000028445,C:\Users\walia\Downloads\flac_T_aa\flac_T\T_0000028445.flac,spoof,A04
T_0000025207,C:\Users\walia\Downloads\flac_T_aa\flac_T\T_0000025207.flac,bonafide,bonafide
T_0000001671,C:\Users\walia\Downloads\flac_T_aa\flac_T\T_0000001671.flac,bonafide,bonafide
T_0000013814,C:\Users\walia\Downloads\flac_T_aa\flac_T\T_0000013814.flac,spoof,A04
T_0000019374,C:\Users\walia\Downloads\flac_T_aa\flac_T\T_0000019374.flac,spoof,A01
T_0000005902,C:\Users\walia\Downloads\flac_T_aa\flac_T\T_0000005902.flac,spoof,A08
T_0000007526,C:\Users\walia\Downloads\flac_T_aa\flac_T\T_0000007526.flac,spoof,A02
T_0000024238,C:\Users\walia\Downloads\flac_T_aa\flac_T\T_0000024238.flac,bonafide,bonafide
T_0000015544,C:\Users\walia\Downloads\flac_T_aa\flac_T\T_0000015544.flac,bonafide,bonafide
T_0000018617,C:\Users\walia\Downloads\flac_T_aa\flac_T\T_0000018617.flac,spoof,A04
T_0000024819,C:\Users\walia\Downloads\flac_T_aa\flac_T\T_0000024819.flac,bonafide,bonafide
T_0000028030,C:\Users\walia\Downloads\flac_T_aa\flac_T\T_0000028030.flac,bonafide,bonafide
T_0000036176,C:\Users\walia\Downloads\flac_T_aa\flac_T\T_0000036176.flac,spoof,A06
T_0000018285,C:\Users\walia\Downloads\flac_T_aa\flac_T\T_0000018285.flac,bonafide,bonafide
T_0000034598,C:\Users\walia\Downloads\flac_T_aa\flac_T\T_0000034598.flac,spoof,A06
T_0000019711,C:\Users\walia\Downloads\flac_T_aa\flac_T\T_0000019711.flac,bonafide,bonafide
T_0000004989,C:\Users\walia\Downloads\flac_T_aa\flac_T\T_0000004989.flac,spoof,A01
T_0000019825,C:\Users\walia\Downloads\flac_T_aa\flac_T\T_0000019825.flac,spoof,A05
T_0000019630,C:\Users\walia\Downloads\flac_T_aa\flac_T\T_0000019630.flac,bonafide,bonafide
T_0000019583,C:\Users\walia\Downloads\flac_T_aa\flac_T\T_0000019583.flac,bonafide,bonafide
T_0000003139,C:\Users\walia\Downloads\flac_T_aa\flac_T\T_0000003139.flac,bonafide,bonafide
T_0000018303,C:\Users\walia\Downloads\flac_T_aa\flac_T\T_0000018303.flac,spoof,A02
T_0000035763,C:\Users\walia\Downloads\flac_T_aa\flac_T\T_0000035763.flac,spoof,A07
T_0000021655,C:\Users\walia\Downloads\flac_T_aa\flac_T\T_0000021655.flac,spoof,A06
T_0000016043,C:\Users\walia\Downloads\flac_T_aa\flac_T\T_0000016043.flac,bonafide,bonafide
T_0000006480,C:\Users\walia\Downloads\flac_T_aa\flac_T\T_0000006480.flac,spoof,A07
T_0000034538,C:\Users\walia\Downloads\flac_T_aa\flac_T\T_0000034538.flac,spoof,A07
T_0000004038,C:\Users\walia\Downloads\flac_T_aa\flac_T\T_0000004038.flac,spoof,A03
T_0000021133,C:\Users\walia\Downloads\flac_T_aa\flac_T\T_0000021133.flac,bonafide,bonafide
T_0000006318,C:\Users\walia\Downloads\flac_T_aa\flac_T\T_0000006318.flac,spoof,A05
T_0000019837,C:\Users\walia\Downloads\flac_T_aa\flac_T\T_0000019837.flac,bonafide,bonafide
T_0000025548,C:\Users\walia\Downloads\flac_T_aa\flac_T\T_0000025548.flac,bonafide,bonafide
T_0000035465,C:\Users\walia\Downloads\flac_T_aa\flac_T\T_0000035465.flac,spoof,A04
T_0000001135,C:\Users\walia\Downloads\flac_T_aa\flac_T\T_0000001135.flac,spoof,A06
T_0000024816,C:\Users\walia\Downloads\flac_T_aa\flac_T\T_0000024816.flac,spoof,A06
T_0000018648,C:\Users\walia\Downloads\flac_T_aa\flac_T\T_0000018648.flac,spoof,A05
T_0000011344,C:\Users\walia\Downloads\flac_T_aa\flac_T\T_0000011344.flac,bonafide,bonafide
T_0000013421,C:\Users\walia\Downloads\flac_T_aa\flac_T\T_0000013421.flac,spoof,A08
T_0000009231,C:\Users\walia\Downloads\flac_T_aa\flac_T\T_0000009231.flac,bonafide,bonafide
T_0000020905,C:\Users\walia\Downloads\flac_T_aa\flac_T\T_0000020905.flac,spoof,A06
T_0000002864,C:\Users\walia\Downloads\flac_T_aa\flac_T\T_0000002864.flac,spoof,A04
T_0000015675,C:\Users\walia\Downloads\flac_T_aa\flac_T\T_0000015675.flac,bonafide,bonafide
T_0000007626,C:\Users\walia\Downloads\flac_T_aa\flac_T\T_0000007626.flac,spoof,A01
T_0000033703,C:\Users\walia\Downloads\flac_T_aa\flac_T\T_0000033703.flac,spoof,A05
T_0000031432,C:\Users\walia\Downloads\flac_T_aa\flac_T\T_0000031432.flac,spoof,A07
T_0000008353,C:\Users\walia\Downloads\flac_T_aa\flac_T\T_0000008353.flac,bonafide,bonafide
T_0000011918,C:\Users\walia\Downloads\flac_T_aa\flac_T\T_0000011918.flac,spoof,A01
T_0000027141,C:\Users\walia\Downloads\flac_T_aa\flac_T\T_0000027141.flac,bonafide,bonafide
T_0000017266,C:\Users\walia\Downloads\flac_T_aa\flac_T\T_0000017266.flac,spoof,A02
T_0000025479,C:\Users\walia\Downloads\flac_T_aa\flac_T\T_0000025479.flac,spoof,A07
T_0000025309,C:\Users\walia\Downloads\flac_T_aa\flac_T\T_0000025309.flac,spoof,A05
T_0000026884,C:\Users\walia\Downloads\flac_T_aa\flac_T\T_0000026884.flac,bonafide,bonafide
T_0000035128,C:\Users\walia\Downloads\flac_T_aa\flac_T\T_0000035128.flac,bonafide,bonafide
T_0000002936,C:\Users\walia\Downloads\flac_T_aa\flac_T\T_0000002936.flac,spoof,A04
T_0000007945,C:\Users\walia\Downloads\flac_T_aa\flac_T\T_0000007945.flac,spoof,A04
T_0000014159,C:\Users\walia\Downloads\flac_T_aa\flac_T\T_0000014159.flac,bonafide,bonafide
T_0000002129,C:\Users\walia\Downloads\flac_T_aa\flac_T\T_0000002129.flac,bonafide,bonafide
T_0000015208,C:\Users\walia\Downloads\flac_T_aa\flac_T\T_0000015208.flac,bonafide,bonafide
T_0000001001,C:\Users\walia\Downloads\flac_T_aa\flac_T\T_0000001001.flac,bonafide,bonafide
T_0000010125,C:\Users\walia\Downloads\flac_T_aa\flac_T\T_0000010125.flac,bonafide,bonafide
T_0000013024,C:\Users\walia\Downloads\flac_T_aa\flac_T\T_0000013024.flac,bonafide,bonafide
T_0000030458,C:\Users\walia\Downloads\flac_T_aa\flac_T\T_0000030458.flac,spoof,A06
T_0000025921,C:\Users\walia\Downloads\flac_T_aa\flac_T\T_0000025921.flac,bonafide,bonafide
T_0000026816,C:\Users\walia\Downloads\flac_T_aa\flac_T\T_0000026816.flac,spoof,A02
T_0000015322,C:\Users\walia\Downloads\flac_T_aa\flac_T\T_0000015322.flac,spoof,A08
T_0000016007,C:\Users\walia\Downloads\flac_T_aa\flac_T\T_0000016007.flac,spoof,A05
T_0000008731,C:\Users\walia\Downloads\flac_T_aa\flac_T\T_0000008731.flac,spoof,A03
T_0000021625,C:\Users\walia\Downloads\flac_T_aa\flac_T\T_0000021625.flac,bonafide,bonafide
T_0000020722,C:\Users\walia\Downloads\flac_T_aa\flac_T\T_0000020722.flac,spoof,A02
T_0000019308,C:\Users\walia\Downloads\flac_T_aa\flac_T\T_0000019308.flac,bonafide,bonafide
T_0000002482,C:\Users\walia\Downloads\flac_T_aa\flac_T\T_0000002482.flac,spoof,A07
T_0000002935,C:\Users\walia\Downloads\flac_T_aa\flac_T\T_0000002935.flac,bonafide,bonafide
T_0000020105,C:\Users\walia\Downloads\flac_T_aa\flac_T\T_0000020105.flac,bonafide,bonafide
T_0000011868,C:\Users\walia\Downloads\flac_T_aa\flac_T\T_0000011868.flac,bonafide,bonafide
T_0000004130,C:\Users\walia\Downloads\flac_T_aa\flac_T\T_0000004130.flac,bonafide,bonafide
T_0000030548,C:\Users\walia\Downloads\flac_T_aa\flac_T\T_0000030548.flac,spoof,A01
T_0000020240,C:\Users\walia\Downloads\flac_T_aa\flac_T\T_0000020240.flac,spoof,A02
T_0000013629,C:\Users\walia\Downloads\flac_T_aa\flac_T\T_0000013629.flac,bonafide,bonafide
T_0000033493,C:\Users\walia\Downloads\flac_T_aa\flac_T\T_0000033493.flac,spoof,A05
T_0000008114,C:\Users\walia\Downloads\flac_T_aa\flac_T\T_0000008114.flac,spoof,A07
T_0000028509,C:\Users\walia\Downloads\flac_T_aa\flac_T\T_0000028509.flac,bonafide,bonafide
T_0000031819,C:\Users\walia\Downloads\flac_T_aa\flac_T\T_0000031819.flac,spoof,A04
T_0000030413,C:\Users\walia\Downloads\flac_T_aa\flac_T\T_0000030413.flac,spoof,A05
T_0000030133,C:\Users\walia\Downloads\flac_T_aa\flac_T\T_0000030133.flac,bonafide,bonafide
T_0000013553,C:\Users\walia\Downloads\flac_T_aa\flac_T\T_0000013553.flac,spoof,A08
T_0000034071,C:\Users\walia\Downloads\flac_T_aa\flac_T\T_0000034071.flac,bonafide,bonafide
T_0000036332,C:\Users\walia\Downloads\flac_T_aa\flac_T\T_0000036332.flac,bonafide,bonafide
T_0000018231,C:\Users\walia\Downloads\flac_T_aa\flac_T\T_0000018231.flac,bonafide,bonafide
T_0000021622,C:\Users\walia\Downloads\flac_T_aa\flac_T\T_0000021622.flac,spoof,A06
T_0000000496,C:\Users\walia\Downloads\flac_T_aa\flac_T\T_0000000496.flac,spoof,A01
T_0000018393,C:\Users\walia\Downloads\flac_T_aa\flac_T\T_0000018393.flac,spoof,A03
T_0000017899,C:\Users\walia\Downloads\flac_T_aa\flac_T\T_0000017899.flac,spoof,A03
T_0000001805,C:\Users\walia\Downloads\flac_T_aa\flac_T\T_0000001805.flac,spoof,A08
T_0000012320,C:\Users\walia\Downloads\flac_T_aa\flac_T\T_0000012320.flac,bonafide,bonafide
T_0000010294,C:\Users\walia\Downloads\flac_T_aa\flac_T\T_0000010294.flac,bonafide,bonafide
T_0000006744,C:\Users\walia\Downloads\flac_T_aa\flac_T\T_0000006744.flac,spoof,A01
T_0000014872,C:\Users\walia\Downloads\flac_T_aa\flac_T\T_0000014872.flac,spoof,A05
T_0000035021,C:\Users\walia\Downloads\flac_T_aa\flac_T\T_0000035021.flac,spoof,A05
T_0000023226,C:\Users\walia\Downloads\flac_T_aa\flac_T\T_0000023226.flac,bonafide,bonafide
T_0000020214,C:\Users\walia\Downloads\flac_T_aa\flac_T\T_0000020214.flac,bonafide,bonafide
T_0000033369,C:\Users\walia\Downloads\flac_T_aa\flac_T\T_0000033369.flac,bonafide,bonafide
T_0000003667,C:\Users\walia\Downloads\flac_T_aa\flac_T\T_0000003667.flac,spoof,A02
T_0000020088,C:\Users\walia\Downloads\flac_T_aa\flac_T\T_0000020088.flac,bonafide,bonafide
T_0000003228,C:\Users\walia\Downloads\flac_T_aa\flac_T\T_0000003228.flac,spoof,A04
T_0000005282,C:\Users\walia\Downloads\flac_T_aa\flac_T\T_0000005282.flac,bonafide,bonafide
T_0000008051,C:\Users\walia\Downloads\flac_T_aa\flac_T\T_0000008051.flac,bonafide,bonafide
T_0000006971,C:\Users\walia\Downloads\flac_T_aa\flac_T\T_0000006971.flac,bonafide,bonafide
T_0000030618,C:\Users\walia\Downloads\flac_T_aa\flac_T\T_0000030618.flac,spoof,A04
T_0000001168,C:\Users\walia\Downloads\flac_T_aa\flac_T\T_0000001168.flac,spoof,A08
T_0000013891,C:\Users\walia\Downloads\flac_T_aa\flac_T\T_0000013891.flac,bonafide,bonafide
T_0000015947,C:\Users\walia\Downloads\flac_T_aa\flac_T\T_0000015947.flac,bonafide,bonafide
T_0000030691,C:\Users\walia\Downloads\flac_T_aa\flac_T\T_0000030691.flac,spoof,A07
T_0000019286,C:\Users\walia\Downloads\flac_T_aa\flac_T\T_0000019286.flac,spoof,A01
T_0000008312,C:\Users\walia\Downloads\flac_T_aa\flac_T\T_0000008312.flac,bonafide,bonafide
T_0000024043,C:\Users\walia\Downloads\flac_T_aa\flac_T\T_0000024043.flac,spoof,A07
T_0000010044,C:\Users\walia\Downloads\flac_T_aa\flac_T\T_0000010044.flac,bonafide,bonafide
T_0000033628,C:\Users\walia\Downloads\flac_T_aa\flac_T\T_0000033628.flac,bonafide,bonafide
T_0000004912,C:\Users\walia\Downloads\flac_T_aa\flac_T\T_0000004912.flac,spoof,A08
T_0000018379,C:\Users\walia\Downloads\flac_T_aa\flac_T\T_0000018379.flac,spoof,A06
T_0000027617,C:\Users\walia\Downloads\flac_T_aa\flac_T\T_0000027617.flac,spoof,A02
T_0000027466,C:\Users\walia\Downloads\flac_T_aa\flac_T\T_0000027466.flac,spoof,A03
T_0000004678,C:\Users\walia\Downloads\flac_T_aa\flac_T\T_0000004678.flac,bonafide,bonafide
T_0000034855,C:\Users\walia\Downloads\flac_T_aa\flac_T\T_0000034855.flac,spoof,A06
T_0000011999,C:\Users\walia\Downloads\flac_T_aa\flac_T\T_0000011999.flac,bonafide,bonafide
T_0000018586,C:\Users\walia\Downloads\flac_T_aa\flac_T\T_0000018586.flac,spoof,A06
T_0000035265,C:\Users\walia\Downloads\flac_T_aa\flac_T\T_0000035265.flac,bonafide,bonafide
T_0000028346,C:\Users\walia\Downloads\flac_T_aa\flac_T\T_0000028346.flac,bonafide,bonafide
T_0000019410,C:\Users\walia\Downloads\flac_T_aa\flac_T\T_0000019410.flac,spoof,A08
T_0000012084,C:\Users\walia\Downloads\flac_T_aa\flac_T\T_0000012084.flac,bonafide,bonafide
T_0000036243,C:\Users\walia\Downloads\flac_T_aa\flac_T\T_0000036243.flac,bonafide,bonafide
T_0000033546,C:\Users\walia\Downloads\flac_T_aa\flac_T\T_0000033546.flac,spoof,A05
T_0000006324,C:\Users\walia\Downloads\flac_T_aa\flac_T\T_0000006324.flac,spoof,A06
T_0000006794,C:\Users\walia\Downloads\flac_T_aa\flac_T\T_0000006794.flac,bonafide,bonafide
T_0000010179,C:\Users\walia\Downloads\flac_T_aa\flac_T\T_0000010179.flac,bonafide,bonafide
T_0000024587,C:\Users\walia\Downloads\flac_T_aa\flac_T\T_0000024587.flac,bonafide,bonafide
T_0000017669,C:\Users\walia\Downloads\flac_T_aa\flac_T\T_0000017669.flac,spoof,A04
T_0000032494,C:\Users\walia\Downloads\flac_T_aa\flac_T\T_0000032494.flac,bonafide,bonafide
T_0000014275,C:\Users\walia\Downloads\flac_T_aa\flac_T\T_0000014275.flac,bonafide,bonafide
T_0000023218,C:\Users\walia\Downloads\flac_T_aa\flac_T\T_0000023218.flac,spoof,A08
T_0000017325,C:\Users\walia\Downloads\flac_T_aa\flac_T\T_0000017325.flac,spoof,A08
T_0000025876,C:\Users\walia\Downloads\flac_T_aa\flac_T\T_0000025876.flac,bonafide,bonafide
T_0000025833,C:\Users\walia\Downloads\flac_T_aa\flac_T\T_0000025833.flac,bonafide,bonafide
T_0000003626,C:\Users\walia\Downloads\flac_T_aa\flac_T\T_0000003626.flac,bonafide,bonafide
T_0000020902,C:\Users\walia\Downloads\flac_T_aa\flac_T\T_0000020902.flac,spoof,A06
T_0000021746,C:\Users\walia\Downloads\flac_T_aa\flac_T\T_0000021746.flac,bonafide,bonafide
T_0000021497,C:\Users\walia\Downloads\flac_T_aa\flac_T\T_0000021497.flac,spoof,A08
T_0000026662,C:\Users\walia\Downloads\flac_T_aa\flac_T\T_0000026662.flac,spoof,A07
T_0000008516,C:\Users\walia\Downloads\flac_T_aa\flac_T\T_0000008516.flac,spoof,A03
T_0000028058,C:\Users\walia\Downloads\flac_T_aa\flac_T\T_0000028058.flac,bonafide,bonafide
T_0000035547,C:\Users\walia\Downloads\flac_T_aa\flac_T\T_0000035547.flac,bonafide,bonafide
T_0000015495,C:\Users\walia\Downloads\flac_T_aa\flac_T\T_0000015495.flac,bonafide,bonafide
T_0000020329,C:\Users\walia\Downloads\flac_T_aa\flac_T\T_0000020329.flac,bonafide,bonafide
T_0000019355,C:\Users\walia\Downloads\flac_T_aa\flac_T\T_0000019355.flac,spoof,A01
T_0000025265,C:\Users\walia\Downloads\flac_T_aa\flac_T\T_0000025265.flac,bonafide,bonafide
T_0000005187,C:\Users\walia\Downloads\flac_T_aa\flac_T\T_0000005187.flac,spoof,A01
T_0000016992,C:\Users\walia\Downloads\flac_T_aa\flac_T\T_0000016992.flac,spoof,A04
T_0000021013,C:\Users\walia\Downloads\flac_T_aa\flac_T\T_0000021013.flac,bonafide,bonafide
T_0000017466,C:\Users\walia\Downloads\flac_T_aa\flac_T\T_0000017466.flac,spoof,A05
T_0000007503,C:\Users\walia\Downloads\flac_T_aa\flac_T\T_0000007503.flac,spoof,A03
T_0000008752,C:\Users\walia\Downloads\flac_T_aa\flac_T\T_0000008752.flac,bonafide,bonafide
T_0000021482,C:\Users\walia\Downloads\flac_T_aa\flac_T\T_0000021482.flac,bonafide,bonafide
T_0000017967,C:\Users\walia\Downloads\flac_T_aa\flac_T\T_0000017967.flac,spoof,A03
T_0000005386,C:\Users\walia\Downloads\flac_T_aa\flac_T\T_0000005386.flac,bonafide,bonafide
T_0000011648,C:\Users\walia\Downloads\flac_T_aa\flac_T\T_0000011648.flac,spoof,A01
T_0000008903,C:\Users\walia\Downloads\flac_T_aa\flac_T\T_0000008903.flac,spoof,A07
T_0000013788,C:\Users\walia\Downloads\flac_T_aa\flac_T\T_0000013788.flac,bonafide,bonafide
T_0000007695,C:\Users\walia\Downloads\flac_T_aa\flac_T\T_0000007695.flac,bonafide,bonafide
T_0000005804,C:\Users\walia\Downloads\flac_T_aa\flac_T\T_0000005804.flac,bonafide,bonafide
T_0000010571,C:\Users\walia\Downloads\flac_T_aa\flac_T\T_0000010571.flac,bonafide,bonafide
T_0000003473,C:\Users\walia\Downloads\flac_T_aa\flac_T\T_0000003473.flac,spoof,A08
T_0000016355,C:\Users\walia\Downloads\flac_T_aa\flac_T\T_0000016355.flac,spoof,A06
T_0000033711,C:\Users\walia\Downloads\flac_T_aa\flac_T\T_0000033711.flac,spoof,A07
T_0000023447,C:\Users\walia\Downloads\flac_T_aa\flac_T\T_0000023447.flac,bonafide,bonafide
T_0000033200,C:\Users\walia\Downloads\flac_T_aa\flac_T\T_0000033200.flac,bonafide,bonafide
T_0000003441,C:\Users\walia\Downloads\flac_T_aa\flac_T\T_0000003441.flac,bonafide,bonafide
T_0000006281,C:\Users\walia\Downloads\flac_T_aa\flac_T\T_0000006281.flac,spoof,A08
T_0000019123,C:\Users\walia\Downloads\flac_T_aa\flac_T\T_0000019123.flac,bonafide,bonafide
T_0000005427,C:\Users\walia\Downloads\flac_T_aa\flac_T\T_0000005427.flac,bonafide,bonafide
T_0000002596,C:\Users\walia\Downloads\flac_T_aa\flac_T\T_0000002596.flac,bonafide,bonafide
T_0000016285,C:\Users\walia\Downloads\flac_T_aa\flac_T\T_0000016285.flac,bonafide,bonafide
T_0000008570,C:\Users\walia\Downloads\flac_T_aa\flac_T\T_0000008570.flac,spoof,A01
T_0000016268,C:\Users\walia\Downloads\flac_T_aa\flac_T\T_0000016268.flac,spoof,A04
T_0000011458,C:\Users\walia\Downloads\flac_T_aa\flac_T\T_0000011458.flac,spoof,A05
T_0000009918,C:\Users\walia\Downloads\flac_T_aa\flac_T\T_0000009918.flac,spoof,A02
T_0000031890,C:\Users\walia\Downloads\flac_T_aa\flac_T\T_0000031890.flac,spoof,A08
T_0000022037,C:\Users\walia\Downloads\flac_T_aa\flac_T\T_0000022037.flac,spoof,A03
T_0000031789,C:\Users\walia\Downloads\flac_T_aa\flac_T\T_0000031789.flac,spoof,A03
T_0000016158,C:\Users\walia\Downloads\flac_T_aa\flac_T\T_0000016158.flac,spoof,A01
T_0000025630,C:\Users\walia\Downloads\flac_T_aa\flac_T\T_0000025630.flac,bonafide,bonafide
T_0000023524,C:\Users\walia\Downloads\flac_T_aa\flac_T\T_0000023524.flac,spoof,A06
T_0000010986,C:\Users\walia\Downloads\flac_T_aa\flac_T\T_0000010986.flac,spoof,A07
T_0000030523,C:\Users\walia\Downloads\flac_T_aa\flac_T\T_0000030523.flac,spoof,A07
T_0000022444,C:\Users\walia\Downloads\flac_T_aa\flac_T\T_0000022444.flac,bonafide,bonafide
T_0000025455,C:\Users\walia\Downloads\flac_T_aa\flac_T\T_0000025455.flac,spoof,A06
T_0000010636,C:\Users\walia\Downloads\flac_T_aa\flac_T\T_0000010636.flac,spoof,A05
T_0000029494,C:\Users\walia\Downloads\flac_T_aa\flac_T\T_0000029494.flac,spoof,A05
T_0000034311,C:\Users\walia\Downloads\flac_T_aa\flac_T\T_0000034311.flac,bonafide,bonafide
T_0000025894,C:\Users\walia\Downloads\flac_T_aa\flac_T\T_0000025894.flac,spoof,A07
T_0000006135,C:\Users\walia\Downloads\flac_T_aa\flac_T\T_0000006135.flac,bonafide,bonafide
T_0000029816,C:\Users\walia\Downloads\flac_T_aa\flac_T\T_0000029816.flac,bonafide,bonafide
T_0000013847,C:\Users\walia\Downloads\flac_T_aa\flac_T\T_0000013847.flac,spoof,A05
T_0000033920,C:\Users\walia\Downloads\flac_T_aa\flac_T\T_0000033920.flac,bonafide,bonafide
T_0000028002,C:\Users\walia\Downloads\flac_T_aa\flac_T\T_0000028002.flac,bonafide,bonafide
T_0000029246,C:\Users\walia\Downloads\flac_T_aa\flac_T\T_0000029246.flac,bonafide,bonafide
T_0000034825,C:\Users\walia\Downloads\flac_T_aa\flac_T\T_0000034825.flac,spoof,A04
T_0000018370,C:\Users\walia\Downloads\flac_T_aa\flac_T\T_0000018370.flac,bonafide,bonafide
T_0000021457,C:\Users\walia\Downloads\flac_T_aa\flac_T\T_0000021457.flac,spoof,A06
T_0000020800,C:\Users\walia\Downloads\flac_T_aa\flac_T\T_0000020800.flac,bonafide,bonafide
T_0000009425,C:\Users\walia\Downloads\flac_T_aa\flac_T\T_0000009425.flac,spoof,A03
T_0000012935,C:\Users\walia\Downloads\flac_T_aa\flac_T\T_0000012935.flac,bonafide,bonafide
T_0000036026,C:\Users\walia\Downloads\flac_T_aa\flac_T\T_0000036026.flac,spoof,A07
T_0000001862,C:\Users\walia\Downloads\flac_T_aa\flac_T\T_0000001862.flac,spoof,A06
T_0000016170,C:\Users\walia\Downloads\flac_T_aa\flac_T\T_0000016170.flac,bonafide,bonafide
T_0000032016,C:\Users\walia\Downloads\flac_T_aa\flac_T\T_0000032016.flac,bonafide,bonafide
T_0000001868,C:\Users\walia\Downloads\flac_T_aa\flac_T\T_0000001868.flac,bonafide,bonafide
T_0000035086,C:\Users\walia\Downloads\flac_T_aa\flac_T\T_0000035086.flac,bonafide,bonafide
T_0000003993,C:\Users\walia\Downloads\flac_T_aa\flac_T\T_0000003993.flac,spoof,A08
T_0000017243,C:\Users\walia\Downloads\flac_T_aa\flac_T\T_0000017243.flac,spoof,A08
T_0000031868,C:\Users\walia\Downloads\flac_T_aa\flac_T\T_0000031868.flac,spoof,A01
T_0000019323,C:\Users\walia\Downloads\flac_T_aa\flac_T\T_0000019323.flac,bonafide,bonafide
T_0000010575,C:\Users\walia\Downloads\flac_T_aa\flac_T\T_0000010575.flac,spoof,A02
T_0000023528,C:\Users\walia\Downloads\flac_T_aa\flac_T\T_0000023528.flac,spoof,A05
T_0000020763,C:\Users\walia\Downloads\flac_T_aa\flac_T\T_0000020763.flac,spoof,A04
T_0000028109,C:\Users\walia\Downloads\flac_T_aa\flac_T\T_0000028109.flac,bonafide,bonafide
T_0000000031,C:\Users\walia\Downloads\flac_T_aa\flac_T\T_0000000031.flac,spoof,A01
T_0000020872,C:\Users\walia\Downloads\flac_T_aa\flac_T\T_0000020872.flac,spoof,A08
T_0000001172,C:\Users\walia\Downloads\flac_T_aa\flac_T\T_0000001172.flac,spoof,A05
T_0000005952,C:\Users\walia\Downloads\flac_T_aa\flac_T\T_0000005952.flac,bonafide,bonafide
T_0000006017,C:\Users\walia\Downloads\flac_T_aa\flac_T\T_0000006017.flac,spoof,A06
T_0000029471,C:\Users\walia\Downloads\flac_T_aa\flac_T\T_0000029471.flac,bonafide,bonafide
T_0000004350,C:\Users\walia\Downloads\flac_T_aa\flac_T\T_0000004350.flac,spoof,A02
T_0000003749,C:\Users\walia\Downloads\flac_T_aa\flac_T\T_0000003749.flac,spoof,A07
T_0000010712,C:\Users\walia\Downloads\flac_T_aa\flac_T\T_0000010712.flac,spoof,A06
T_0000033399,C:\Users\walia\Downloads\flac_T_aa\flac_T\T_0000033399.flac,spoof,A02
T_0000004736,C:\Users\walia\Downloads\flac_T_aa\flac_T\T_0000004736.flac,bonafide,bonafide
T_0000009323,C:\Users\walia\Downloads\flac_T_aa\flac_T\T_0000009323.flac,spoof,A08
T_0000007310,C:\Users\walia\Downloads\flac_T_aa\flac_T\T_0000007310.flac,spoof,A08
T_0000023474,C:\Users\walia\Downloads\flac_T_aa\flac_T\T_0000023474.flac,spoof,A06
T_0000018251,C:\Users\walia\Downloads\flac_T_aa\flac_T\T_0000018251.flac,spoof,A01
T_0000004113,C:\Users\walia\Downloads\flac_T_aa\flac_T\T_0000004113.flac,bonafide,bonafide
T_0000033966,C:\Users\walia\Downloads\flac_T_aa\flac_T\T_0000033966.flac,bonafide,bonafide
T_0000021395,C:\Users\walia\Downloads\flac_T_aa\flac_T\T_0000021395.flac,bonafide,bonafide
T_0000014646,C:\Users\walia\Downloads\flac_T_aa\flac_T\T_0000014646.flac,bonafide,bonafide
T_0000004241,C:\Users\walia\Downloads\flac_T_aa\flac_T\T_0000004241.flac,spoof,A05
T_0000012748,C:\Users\walia\Downloads\flac_T_aa\flac_T\T_0000012748.flac,bonafide,bonafide
T_0000007172,C:\Users\walia\Downloads\flac_T_aa\flac_T\T_0000007172.flac,bonafide,bonafide
T_0000005913,C:\Users\walia\Downloads\flac_T_aa\flac_T\T_0000005913.flac,bonafide,bonafide
T_0000029558,C:\Users\walia\Downloads\flac_T_aa\flac_T\T_0000029558.flac,bonafide,bonafide
T_0000010227,C:\Users\walia\Downloads\flac_T_aa\flac_T\T_0000010227.flac,bonafide,bonafide
T_0000006644,C:\Users\walia\Downloads\flac_T_aa\flac_T\T_0000006644.flac,bonafide,bonafide
T_0000027980,C:\Users\walia\Downloads\flac_T_aa\flac_T\T_0000027980.flac,spoof,A05
T_0000013245,C:\Users\walia\Downloads\flac_T_aa\flac_T\T_0000013245.flac,bonafide,bonafide
T_0000019494,C:\Users\walia\Downloads\flac_T_aa\flac_T\T_0000019494.flac,spoof,A02
T_0000003681,C:\Users\walia\Downloads\flac_T_aa\flac_T\T_0000003681.flac,spoof,A02
T_0000015368,C:\Users\walia\Downloads\flac_T_aa\flac_T\T_0000015368.flac,spoof,A04
T_0000023808,C:\Users\walia\Downloads\flac_T_aa\flac_T\T_0000023808.flac,spoof,A01
T_0000023451,C:\Users\walia\Downloads\flac_T_aa\flac_T\T_0000023451.flac,bonafide,bonafide
T_0000016110,C:\Users\walia\Downloads\flac_T_aa\flac_T\T_0000016110.flac,spoof,A03
T_0000023332,C:\Users\walia\Downloads\flac_T_aa\flac_T\T_0000023332.flac,bonafide,bonafide
T_0000030525,C:\Users\walia\Downloads\flac_T_aa\flac_T\T_0000030525.flac,bonafide,bonafide
T_0000007978,C:\Users\walia\Downloads\flac_T_aa\flac_T\T_0000007978.flac,bonafide,bonafide
T_0000024946,C:\Users\walia\Downloads\flac_T_aa\flac_T\T_0000024946.flac,bonafide,bonafide
T_0000005223,C:\Users\walia\Downloads\flac_T_aa\flac_T\T_0000005223.flac,bonafide,bonafide
T_0000035461,C:\Users\walia\Downloads\flac_T_aa\flac_T\T_0000035461.flac,bonafide,bonafide
T_0000000085,C:\Users\walia\Downloads\flac_T_aa\flac_T\T_0000000085.flac,bonafide,bonafide
T_0000016601,C:\Users\walia\Downloads\flac_T_aa\flac_T\T_0000016601.flac,spoof,A04
T_0000007792,C:\Users\walia\Downloads\flac_T_aa\flac_T\T_0000007792.flac,spoof,A01
T_0000028801,C:\Users\walia\Downloads\flac_T_aa\flac_T\T_0000028801.flac,bonafide,bonafide
T_0000022951,C:\Users\walia\Downloads\flac_T_aa\flac_T\T_0000022951.flac,bonafide,bonafide
T_0000028015,C:\Users\walia\Downloads\flac_T_aa\flac_T\T_0000028015.flac,bonafide,bonafide
T_0000017500,C:\Users\walia\Downloads\flac_T_aa\flac_T\T_0000017500.flac,bonafide,bonafide
T_0000008436,C:\Users\walia\Downloads\flac_T_aa\flac_T\T_0000008436.flac,bonafide,bonafide
T_0000006091,C:\Users\walia\Downloads\flac_T_aa\flac_T\T_0000006091.flac,spoof,A06
T_0000021101,C:\Users\walia\Downloads\flac_T_aa\flac_T\T_0000021101.flac,spoof,A08
T_0000023211,C:\Users\walia\Downloads\flac_T_aa\flac_T\T_0000023211.flac,spoof,A01
T_0000017397,C:\Users\walia\Downloads\flac_T_aa\flac_T\T_0000017397.flac,bonafide,bonafide
T_0000026057,C:\Users\walia\Downloads\flac_T_aa\flac_T\T_0000026057.flac,bonafide,bonafide
T_0000010190,C:\Users\walia\Downloads\flac_T_aa\flac_T\T_0000010190.flac,spoof,A08
T_0000014120,C:\Users\walia\Downloads\flac_T_aa\flac_T\T_0000014120.flac,bonafide,bonafide
T_0000021663,C:\Users\walia\Downloads\flac_T_aa\flac_T\T_0000021663.flac,spoof,A01
T_0000031865,C:\Users\walia\Downloads\flac_T_aa\flac_T\T_0000031865.flac,bonafide,bonafide
T_0000025691,C:\Users\walia\Downloads\flac_T_aa\flac_T\T_0000025691.flac,bonafide,bonafide
T_0000021210,C:\Users\walia\Downloads\flac_T_aa\flac_T\T_0000021210.flac,spoof,A04
T_0000022438,C:\Users\walia\Downloads\flac_T_aa\flac_T\T_0000022438.flac,bonafide,bonafide
T_0000026636,C:\Users\walia\Downloads\flac_T_aa\flac_T\T_0000026636.flac,bonafide,bonafide
T_0000020604,C:\Users\walia\Downloads\flac_T_aa\flac_T\T_0000020604.flac,spoof,A06
T_0000010615,C:\Users\walia\Downloads\flac_T_aa\flac_T\T_0000010615.flac,spoof,A08
T_0000023462,C:\Users\walia\Downloads\flac_T_aa\flac_T\T_0000023462.flac,spoof,A04
T_0000029421,C:\Users\walia\Downloads\flac_T_aa\flac_T\T_0000029421.flac,bonafide,bonafide
T_0000007467,C:\Users\walia\Downloads\flac_T_aa\flac_T\T_0000007467.flac,bonafide,bonafide
T_0000021468,C:\Users\walia\Downloads\flac_T_aa\flac_T\T_0000021468.flac,bonafide,bonafide
T_0000024231,C:\Users\walia\Downloads\flac_T_aa\flac_T\T_0000024231.flac,spoof,A04
T_0000016120,C:\Users\walia\Downloads\flac_T_aa\flac_T\T_0000016120.flac,bonafide,bonafide
T_0000010574,C:\Users\walia\Downloads\flac_T_aa\flac_T\T_0000010574.flac,spoof,A06
T_0000026796,C:\Users\walia\Downloads\flac_T_aa\flac_T\T_0000026796.flac,bonafide,bonafide
T_0000024417,C:\Users\walia\Downloads\flac_T_aa\flac_T\T_0000024417.flac,spoof,A03
T_0000009360,C:\Users\walia\Downloads\flac_T_aa\flac_T\T_0000009360.flac,bonafide,bonafide
T_0000013851,C:\Users\walia\Downloads\flac_T_aa\flac_T\T_0000013851.flac,spoof,A07
T_0000008662,C:\Users\walia\Downloads\flac_T_aa\flac_T\T_0000008662.flac,bonafide,bonafide
T_0000022952,C:\Users\walia\Downloads\flac_T_aa\flac_T\T_0000022952.flac,spoof,A05
T_0000004726,C:\Users\walia\Downloads\flac_T_aa\flac_T\T_0000004726.flac,spoof,A05
T_0000016085,C:\Users\walia\Downloads\flac_T_aa\flac_T\T_0000016085.flac,spoof,A05
T_0000007876,C:\Users\walia\Downloads\flac_T_aa\flac_T\T_0000007876.flac,bonafide,bonafide
T_0000029241,C:\Users\walia\Downloads\flac_T_aa\flac_T\T_0000029241.flac,bonafide,bonafide
T_0000031091,C:\Users\walia\Downloads\flac_T_aa\flac_T\T_0000031091.flac,bonafide,bonafide
T_0000020492,C:\Users\walia\Downloads\flac_T_aa\flac_T\T_0000020492.flac,spoof,A06
T_0000022418,C:\Users\walia\Downloads\flac_T_aa\flac_T\T_0000022418.flac,bonafide,bonafide
T_0000016130,C:\Users\walia\Downloads\flac_T_aa\flac_T\T_0000016130.flac,spoof,A07
T_0000023875,C:\Users\walia\Downloads\flac_T_aa\flac_T\T_0000023875.flac,bonafide,bonafide
T_0000010501,C:\Users\walia\Downloads\flac_T_aa\flac_T\T_0000010501.flac,spoof,A03
T_0000026513,C:\Users\walia\Downloads\flac_T_aa\flac_T\T_0000026513.flac,spoof,A03
T_0000030919,C:\Users\walia\Downloads\flac_T_aa\flac_T\T_0000030919.flac,bonafide,bonafide
T_0000027590,C:\Users\walia\Downloads\flac_T_aa\flac_T\T_0000027590.flac,bonafide,bonafide
T_0000026574,C:\Users\walia\Downloads\flac_T_aa\flac_T\T_0000026574.flac,spoof,A03
T_0000032758,C:\Users\walia\Downloads\flac_T_aa\flac_T\T_0000032758.flac,bonafide,bonafide
T_0000026592,C:\Users\walia\Downloads\flac_T_aa\flac_T\T_0000026592.flac,bonafide,bonafide
T_0000016205,C:\Users\walia\Downloads\flac_T_aa\flac_T\T_0000016205.flac,bonafide,bonafide
T_0000025254,C:\Users\walia\Downloads\flac_T_aa\flac_T\T_0000025254.flac,bonafide,bonafide
T_0000007988,C:\Users\walia\Downloads\flac_T_aa\flac_T\T_0000007988.flac,bonafide,bonafide
T_0000014012,C:\Users\walia\Downloads\flac_T_aa\flac_T\T_0000014012.flac,spoof,A08
T_0000006287,C:\Users\walia\Downloads\flac_T_aa\flac_T\T_0000006287.flac,spoof,A06
T_0000009584,C:\Users\walia\Downloads\flac_T_aa\flac_T\T_0000009584.flac,spoof,A04
T_0000024280,C:\Users\walia\Downloads\flac_T_aa\flac_T\T_0000024280.flac,spoof,A04
T_0000007615,C:\Users\walia\Downloads\flac_T_aa\flac_T\T_0000007615.flac,bonafide,bonafide
T_0000030529,C:\Users\walia\Downloads\flac_T_aa\flac_T\T_0000030529.flac,spoof,A01
T_0000025306,C:\Users\walia\Downloads\flac_T_aa\flac_T\T_0000025306.flac,spoof,A06
T_0000000129,C:\Users\walia\Downloads\flac_T_aa\flac_T\T_0000000129.flac,bonafide,bonafide
T_0000021123,C:\Users\walia\Downloads\flac_T_aa\flac_T\T_0000021123.flac,spoof,A06
T_0000020807,C:\Users\walia\Downloads\flac_T_aa\flac_T\T_0000020807.flac,spoof,A06
T_0000030374,C:\Users\walia\Downloads\flac_T_aa\flac_T\T_0000030374.flac,spoof,A04
T_0000004446,C:\Users\walia\Downloads\flac_T_aa\flac_T\T_0000004446.flac,bonafide,bonafide
T_0000028618,C:\Users\walia\Downloads\flac_T_aa\flac_T\T_0000028618.flac,spoof,A06
T_0000025632,C:\Users\walia\Downloads\flac_T_aa\flac_T\T_0000025632.flac,bonafide,bonafide
T_0000028948,C:\Users\walia\Downloads\flac_T_aa\flac_T\T_0000028948.flac,bonafide,bonafide
T_0000015613,C:\Users\walia\Downloads\flac_T_aa\flac_T\T_0000015613.flac,spoof,A07
T_0000034753,C:\Users\walia\Downloads\flac_T_aa\flac_T\T_0000034753.flac,bonafide,bonafide
T_0000001700,C:\Users\walia\Downloads\flac_T_aa\flac_T\T_0000001700.flac,spoof,A07
T_0000023837,C:\Users\walia\Downloads\flac_T_aa\flac_T\T_0000023837.flac,spoof,A03
T_0000031831,C:\Users\walia\Downloads\flac_T_aa\flac_T\T_0000031831.flac,spoof,A02
T_0000019272,C:\Users\walia\Downloads\flac_T_aa\flac_T\T_0000019272.flac,spoof,A05
T_0000026411,C:\Users\walia\Downloads\flac_T_aa\flac_T\T_0000026411.flac,spoof,A06
T_0000005930,C:\Users\walia\Downloads\flac_T_aa\flac_T\T_0000005930.flac,spoof,A06
T_0000007254,C:\Users\walia\Downloads\flac_T_aa\flac_T\T_0000007254.flac,spoof,A04
T_0000024516,C:\Users\walia\Downloads\flac_T_aa\flac_T\T_0000024516.flac,spoof,A01
T_0000017565,C:\Users\walia\Downloads\flac_T_aa\flac_T\T_0000017565.flac,bonafide,bonafide
T_0000005473,C:\Users\walia\Downloads\flac_T_aa\flac_T\T_0000005473.flac,bonafide,bonafide
T_0000002712,C:\Users\walia\Downloads\flac_T_aa\flac_T\T_0000002712.flac,spoof,A04
T_0000033316,C:\Users\walia\Downloads\flac_T_aa\flac_T\T_0000033316.flac,bonafide,bonafide
T_0000025277,C:\Users\walia\Downloads\flac_T_aa\flac_T\T_0000025277.flac,spoof,A03
T_0000005868,C:\Users\walia\Downloads\flac_T_aa\flac_T\T_0000005868.flac,bonafide,bonafide
T_0000016767,C:\Users\walia\Downloads\flac_T_aa\flac_T\T_0000016767.flac,spoof,A02
T_0000026527,C:\Users\walia\Downloads\flac_T_aa\flac_T\T_0000026527.flac,spoof,A04
T_0000002302,C:\Users\walia\Downloads\flac_T_aa\flac_T\T_0000002302.flac,spoof,A07
T_0000011621,C:\Users\walia\Downloads\flac_T_aa\flac_T\T_0000011621.flac,bonafide,bonafide
T_0000034431,C:\Users\walia\Downloads\flac_T_aa\flac_T\T_0000034431.flac,spoof,A08
T_0000001520,C:\Users\walia\Downloads\flac_T_aa\flac_T\T_0000001520.flac,bonafide,bonafide
T_0000025497,C:\Users\walia\Downloads\flac_T_aa\flac_T\T_0000025497.flac,spoof,A06
T_0000014672,C:\Users\walia\Downloads\flac_T_aa\flac_T\T_0000014672.flac,spoof,A05
T_0000007629,C:\Users\walia\Downloads\flac_T_aa\flac_T\T_0000007629.flac,bonafide,bonafide
T_0000016677,C:\Users\walia\Downloads\flac_T_aa\flac_T\T_0000016677.flac,bonafide,bonafide
T_0000004812,C:\Users\walia\Downloads\flac_T_aa\flac_T\T_0000004812.flac,spoof,A06
T_0000022115,C:\Users\walia\Downloads\flac_T_aa\flac_T\T_0000022115.flac,spoof,A07
T_0000007145,C:\Users\walia\Downloads\flac_T_aa\flac_T\T_0000007145.flac,spoof,A06
T_0000027879,C:\Users\walia\Downloads\flac_T_aa\flac_T\T_0000027879.flac,spoof,A07
T_0000028403,C:\Users\walia\Downloads\flac_T_aa\flac_T\T_0000028403.flac,bonafide,bonafide
T_0000035812,C:\Users\walia\Downloads\flac_T_aa\flac_T\T_0000035812.flac,spoof,A02
T_0000024172,C:\Users\walia\Downloads\flac_T_aa\flac_T\T_0000024172.flac,spoof,A02
T_0000002716,C:\Users\walia\Downloads\flac_T_aa\flac_T\T_0000002716.flac,spoof,A05
T_0000010683,C:\Users\walia\Downloads\flac_T_aa\flac_T\T_0000010683.flac,bonafide,bonafide
T_0000027495,C:\Users\walia\Downloads\flac_T_aa\flac_T\T_0000027495.flac,spoof,A02
T_0000020226,C:\Users\walia\Downloads\flac_T_aa\flac_T\T_0000020226.flac,spoof,A04
T_0000020281,C:\Users\walia\Downloads\flac_T_aa\flac_T\T_0000020281.flac,spoof,A01
T_0000032488,C:\Users\walia\Downloads\flac_T_aa\flac_T\T_0000032488.flac,spoof,A02
T_0000011567,C:\Users\walia\Downloads\flac_T_aa\flac_T\T_0000011567.flac,spoof,A07
T_0000020890,C:\Users\walia\Downloads\flac_T_aa\flac_T\T_0000020890.flac,spoof,A02
T_0000011199,C:\Users\walia\Downloads\flac_T_aa\flac_T\T_0000011199.flac,bonafide,bonafide
T_0000010139,C:\Users\walia\Downloads\flac_T_aa\flac_T\T_0000010139.flac,bonafide,bonafide
T_0000000345,C:\Users\walia\Downloads\flac_T_aa\flac_T\T_0000000345.flac,spoof,A08
T_0000020419,C:\Users\walia\Downloads\flac_T_aa\flac_T\T_0000020419.flac,bonafide,bonafide
T_0000035357,C:\Users\walia\Downloads\flac_T_aa\flac_T\T_0000035357.flac,spoof,A03
T_0000020068,C:\Users\walia\Downloads\flac_T_aa\flac_T\T_0000020068.flac,spoof,A03
T_0000033643,C:\Users\walia\Downloads\flac_T_aa\flac_T\T_0000033643.flac,spoof,A02
T_0000024842,C:\Users\walia\Downloads\flac_T_aa\flac_T\T_0000024842.flac,bonafide,bonafide
T_0000030427,C:\Users\walia\Downloads\flac_T_aa\flac_T\T_0000030427.flac,spoof,A04
T_0000014816,C:\Users\walia\Downloads\flac_T_aa\flac_T\T_0000014816.flac,spoof,A03
T_0000000054,C:\Users\walia\Downloads\flac_T_aa\flac_T\T_0000000054.flac,bonafide,bonafide
T_0000030012,C:\Users\walia\Downloads\flac_T_aa\flac_T\T_0000030012.flac,spoof,A03
T_0000022871,C:\Users\walia\Downloads\flac_T_aa\flac_T\T_0000022871.flac,spoof,A06
T_0000008494,C:\Users\walia\Downloads\flac_T_aa\flac_T\T_0000008494.flac,bonafide,bonafide
T_0000011613,C:\Users\walia\Downloads\flac_T_aa\flac_T\T_0000011613.flac,spoof,A01
T_0000009701,C:\Users\walia\Downloads\flac_T_aa\flac_T\T_0000009701.flac,spoof,A06
T_0000018029,C:\Users\walia\Downloads\flac_T_aa\flac_T\T_0000018029.flac,bonafide,bonafide
T_0000015195,C:\Users\walia\Downloads\flac_T_aa\flac_T\T_0000015195.flac,bonafide,bonafide
T_0000014849,C:\Users\walia\Downloads\flac_T_aa\flac_T\T_0000014849.flac,bonafide,bonafide
T_0000034169,C:\Users\walia\Downloads\flac_T_aa\flac_T\T_0000034169.flac,bonafide,bonafide
T_0000017818,C:\Users\walia\Downloads\flac_T_aa\flac_T\T_0000017818.flac,spoof,A06
T_0000031061,C:\Users\walia\Downloads\flac_T_aa\flac_T\T_0000031061.flac,spoof,A01
T_0000011501,C:\Users\walia\Downloads\flac_T_aa\flac_T\T_0000011501.flac,spoof,A02
T_0000015767,C:\Users\walia\Downloads\flac_T_aa\flac_T\T_0000015767.flac,bonafide,bonafide
T_0000005507,C:\Users\walia\Downloads\flac_T_aa\flac_T\T_0000005507.flac,bonafide,bonafide
T_0000009969,C:\Users\walia\Downloads\flac_T_aa\flac_T\T_0000009969.flac,spoof,A08
T_0000035315,C:\Users\walia\Downloads\flac_T_aa\flac_T\T_0000035315.flac,spoof,A05
T_0000014288,C:\Users\walia\Downloads\flac_T_aa\flac_T\T_0000014288.flac,spoof,A03
T_0000011699,C:\Users\walia\Downloads\flac_T_aa\flac_T\T_0000011699.flac,bonafide,bonafide
T_0000016137,C:\Users\walia\Downloads\flac_T_aa\flac_T\T_0000016137.flac,bonafide,bonafide
T_0000034304,C:\Users\walia\Downloads\flac_T_aa\flac_T\T_0000034304.flac,bonafide,bonafide
T_0000010766,C:\Users\walia\Downloads\flac_T_aa\flac_T\T_0000010766.flac,spoof,A05
T_0000007813,C:\Users\walia\Downloads\flac_T_aa\flac_T\T_0000007813.flac,spoof,A05
T_0000006076,C:\Users\walia\Downloads\flac_T_aa\flac_T\T_0000006076.flac,bonafide,bonafide
T_0000001734,C:\Users\walia\Downloads\flac_T_aa\flac_T\T_0000001734.flac,bonafide,bonafide
T_0000017186,C:\Users\walia\Downloads\flac_T_aa\flac_T\T_0000017186.flac,bonafide,bonafide
T_0000025891,C:\Users\walia\Downloads\flac_T_aa\flac_T\T_0000025891.flac,spoof,A04
T_0000014358,C:\Users\walia\Downloads\flac_T_aa\flac_T\T_0000014358.flac,spoof,A02
T_0000012326,C:\Users\walia\Downloads\flac_T_aa\flac_T\T_0000012326.flac,spoof,A08
T_0000008936,C:\Users\walia\Downloads\flac_T_aa\flac_T\T_0000008936.flac,bonafide,bonafide
T_0000014613,C:\Users\walia\Downloads\flac_T_aa\flac_T\T_0000014613.flac,spoof,A02
T_0000008319,C:\Users\walia\Downloads\flac_T_aa\flac_T\T_0000008319.flac,bonafide,bonafide
T_0000035241,C:\Users\walia\Downloads\flac_T_aa\flac_T\T_0000035241.flac,bonafide,bonafide
T_0000011590,C:\Users\walia\Downloads\flac_T_aa\flac_T\T_0000011590.flac,bonafide,bonafide
T_0000035024,C:\Users\walia\Downloads\flac_T_aa\flac_T\T_0000035024.flac,bonafide,bonafide
T_0000026959,C:\Users\walia\Downloads\flac_T_aa\flac_T\T_0000026959.flac,spoof,A05
T_0000010792,C:\Users\walia\Downloads\flac_T_aa\flac_T\T_0000010792.flac,spoof,A03
T_0000007022,C:\Users\walia\Downloads\flac_T_aa\flac_T\T_0000007022.flac,bonafide,bonafide
T_0000009886,C:\Users\walia\Downloads\flac_T_aa\flac_T\T_0000009886.flac,bonafide,bonafide
T_0000009390,C:\Users\walia\Downloads\flac_T_aa\flac_T\T_0000009390.flac,bonafide,bonafide
T_0000006212,C:\Users\walia\Downloads\flac_T_aa\flac_T\T_0000006212.flac,bonafide,bonafide
T_0000019084,C:\Users\walia\Downloads\flac_T_aa\flac_T\T_0000019084.flac,spoof,A08
T_0000003394,C:\Users\walia\Downloads\flac_T_aa\flac_T\T_0000003394.flac,bonafide,bonafide
T_0000025126,C:\Users\walia\Downloads\flac_T_aa\flac_T\T_0000025126.flac,spoof,A07
T_0000009177,C:\Users\walia\Downloads\flac_T_aa\flac_T\T_0000009177.flac,spoof,A03
T_0000010676,C:\Users\walia\Downloads\flac_T_aa\flac_T\T_0000010676.flac,bonafide,bonafide
T_0000010716,C:\Users\walia\Downloads\flac_T_aa\flac_T\T_0000010716.flac,spoof,A01
T_0000033295,C:\Users\walia\Downloads\flac_T_aa\flac_T\T_0000033295.flac,bonafide,bonafide
T_0000022205,C:\Users\walia\Downloads\flac_T_aa\flac_T\T_0000022205.flac,bonafide,bonafide
T_0000019274,C:\Users\walia\Downloads\flac_T_aa\flac_T\T_0000019274.flac,spoof,A05
T_0000013654,C:\Users\walia\Downloads\flac_T_aa\flac_T\T_0000013654.flac,spoof,A03
T_0000022695,C:\Users\walia\Downloads\flac_T_aa\flac_T\T_0000022695.flac,spoof,A07
T_0000033334,C:\Users\walia\Downloads\flac_T_aa\flac_T\T_0000033334.flac,bonafide,bonafide
T_0000013633,C:\Users\walia\Downloads\flac_T_aa\flac_T\T_0000013633.flac,bonafide,bonafide
T_0000018696,C:\Users\walia\Downloads\flac_T_aa\flac_T\T_0000018696.flac,spoof,A06
T_0000033167,C:\Users\walia\Downloads\flac_T_aa\flac_T\T_0000033167.flac,spoof,A01
T_0000005895,C:\Users\walia\Downloads\flac_T_aa\flac_T\T_0000005895.flac,spoof,A08
T_0000018986,C:\Users\walia\Downloads\flac_T_aa\flac_T\T_0000018986.flac,spoof,A07
T_0000032967,C:\Users\walia\Downloads\flac_T_aa\flac_T\T_0000032967.flac,spoof,A07
T_0000010966,C:\Users\walia\Downloads\flac_T_aa\flac_T\T_0000010966.flac,bonafide,bonafide
T_0000007936,C:\Users\walia\Downloads\flac_T_aa\flac_T\T_0000007936.flac,bonafide,bonafide
T_0000035958,C:\Users\walia\Downloads\flac_T_aa\flac_T\T_0000035958.flac,spoof,A04
T_0000003582,C:\Users\walia\Downloads\flac_T_aa\flac_T\T_0000003582.flac,bonafide,bonafide
T_0000004403,C:\Users\walia\Downloads\flac_T_aa\flac_T\T_0000004403.flac,spoof,A06
T_0000028206,C:\Users\walia\Downloads\flac_T_aa\flac_T\T_0000028206.flac,bonafide,bonafide
T_0000001323,C:\Users\walia\Downloads\flac_T_aa\flac_T\T_0000001323.flac,bonafide,bonafide
T_0000006809,C:\Users\walia\Downloads\flac_T_aa\flac_T\T_0000006809.flac,spoof,A08
T_0000009711,C:\Users\walia\Downloads\flac_T_aa\flac_T\T_0000009711.flac,bonafide,bonafide
T_0000021285,C:\Users\walia\Downloads\flac_T_aa\flac_T\T_0000021285.flac,bonafide,bonafide
T_0000010508,C:\Users\walia\Downloads\flac_T_aa\flac_T\T_0000010508.flac,bonafide,bonafide
T_0000005945,C:\Users\walia\Downloads\flac_T_aa\flac_T\T_0000005945.flac,spoof,A06
T_0000008512,C:\Users\walia\Downloads\flac_T_aa\flac_T\T_0000008512.flac,bonafide,bonafide
T_0000012808,C:\Users\walia\Downloads\flac_T_aa\flac_T\T_0000012808.flac,bonafide,bonafide
T_0000005980,C:\Users\walia\Downloads\flac_T_aa\flac_T\T_0000005980.flac,spoof,A07
T_0000030840,C:\Users\walia\Downloads\flac_T_aa\flac_T\T_0000030840.flac,spoof,A03
T_0000034696,C:\Users\walia\Downloads\flac_T_aa\flac_T\T_0000034696.flac,spoof,A03
T_0000017326,C:\Users\walia\Downloads\flac_T_aa\flac_T\T_0000017326.flac,bonafide,bonafide
T_0000008521,C:\Users\walia\Downloads\flac_T_aa\flac_T\T_0000008521.flac,bonafide,bonafide
T_0000017903,C:\Users\walia\Downloads\flac_T_aa\flac_T\T_0000017903.flac,bonafide,bonafide
T_0000021353,C:\Users\walia\Downloads\flac_T_aa\flac_T\T_0000021353.flac,bonafide,bonafide
T_0000035624,C:\Users\walia\Downloads\flac_T_aa\flac_T\T_0000035624.flac,spoof,A08
T_0000035098,C:\Users\walia\Downloads\flac_T_aa\flac_T\T_0000035098.flac,bonafide,bonafide
T_0000007534,C:\Users\walia\Downloads\flac_T_aa\flac_T\T_0000007534.flac,bonafide,bonafide
T_0000031045,C:\Users\walia\Downloads\flac_T_aa\flac_T\T_0000031045.flac,spoof,A08
T_0000000977,C:\Users\walia\Downloads\flac_T_aa\flac_T\T_0000000977.flac,bonafide,bonafide
T_0000027362,C:\Users\walia\Downloads\flac_T_aa\flac_T\T_0000027362.flac,spoof,A02
T_0000021732,C:\Users\walia\Downloads\flac_T_aa\flac_T\T_0000021732.flac,bonafide,bonafide
T_0000014705,C:\Users\walia\Downloads\flac_T_aa\flac_T\T_0000014705.flac,bonafide,bonafide
T_0000021168,C:\Users\walia\Downloads\flac_T_aa\flac_T\T_0000021168.flac,bonafide,bonafide
T_0000023731,C:\Users\walia\Downloads\flac_T_aa\flac_T\T_0000023731.flac,spoof,A08
T_0000022568,C:\Users\walia\Downloads\flac_T_aa\flac_T\T_0000022568.flac,bonafide,bonafide
T_0000016461,C:\Users\walia\Downloads\flac_T_aa\flac_T\T_0000016461.flac,spoof,A05
T_0000025191,C:\Users\walia\Downloads\flac_T_aa\flac_T\T_0000025191.flac,spoof,A03
T_0000023616,C:\Users\walia\Downloads\flac_T_aa\flac_T\T_0000023616.flac,bonafide,bonafide
T_0000025017,C:\Users\walia\Downloads\flac_T_aa\flac_T\T_0000025017.flac,spoof,A03
T_0000027822,C:\Users\walia\Downloads\flac_T_aa\flac_T\T_0000027822.flac,spoof,A04
T_0000011754,C:\Users\walia\Downloads\flac_T_aa\flac_T\T_0000011754.flac,spoof,A06
T_0000009616,C:\Users\walia\Downloads\flac_T_aa\flac_T\T_0000009616.flac,spoof,A01
T_0000007884,C:\Users\walia\Downloads\flac_T_aa\flac_T\T_0000007884.flac,spoof,A02
T_0000005802,C:\Users\walia\Downloads\flac_T_aa\flac_T\T_0000005802.flac,spoof,A02
T_0000008915,C:\Users\walia\Downloads\flac_T_aa\flac_T\T_0000008915.flac,bonafide,bonafide
T_0000015773,C:\Users\walia\Downloads\flac_T_aa\flac_T\T_0000015773.flac,bonafide,bonafide
T_0000012924,C:\Users\walia\Downloads\flac_T_aa\flac_T\T_0000012924.flac,spoof,A03
T_0000009953,C:\Users\walia\Downloads\flac_T_aa\flac_T\T_0000009953.flac,bonafide,bonafide
T_0000017533,C:\Users\walia\Downloads\flac_T_aa\flac_T\T_0000017533.flac,spoof,A03
T_0000030255,C:\Users\walia\Downloads\flac_T_aa\flac_T\T_0000030255.flac,bonafide,bonafide
T_0000012210,C:\Users\walia\Downloads\flac_T_aa\flac_T\T_0000012210.flac,bonafide,bonafide
T_0000031464,C:\Users\walia\Downloads\flac_T_aa\flac_T\T_0000031464.flac,spoof,A03
T_0000022153,C:\Users\walia\Downloads\flac_T_aa\flac_T\T_0000022153.flac,spoof,A03
T_0000000537,C:\Users\walia\Downloads\flac_T_aa\flac_T\T_0000000537.flac,spoof,A08
T_0000000597,C:\Users\walia\Downloads\flac_T_aa\flac_T\T_0000000597.flac,spoof,A04
T_0000023398,C:\Users\walia\Downloads\flac_T_aa\flac_T\T_0000023398.flac,bonafide,bonafide
T_0000021783,C:\Users\walia\Downloads\flac_T_aa\flac_T\T_0000021783.flac,bonafide,bonafide
T_0000026080,C:\Users\walia\Downloads\flac_T_aa\flac_T\T_0000026080.flac,spoof,A01
T_0000024014,C:\Users\walia\Downloads\flac_T_aa\flac_T\T_0000024014.flac,bonafide,bonafide
T_0000007997,C:\Users\walia\Downloads\flac_T_aa\flac_T\T_0000007997.flac,spoof,A07
T_0000004910,C:\Users\walia\Downloads\flac_T_aa\flac_T\T_0000004910.flac,bonafide,bonafide
T_0000025081,C:\Users\walia\Downloads\flac_T_aa\flac_T\T_0000025081.flac,bonafide,bonafide
T_0000013864,C:\Users\walia\Downloads\flac_T_aa\flac_T\T_0000013864.flac,bonafide,bonafide
T_0000019205,C:\Users\walia\Downloads\flac_T_aa\flac_T\T_0000019205.flac,spoof,A04
T_0000028661,C:\Users\walia\Downloads\flac_T_aa\flac_T\T_0000028661.flac,spoof,A07
T_0000031057,C:\Users\walia\Downloads\flac_T_aa\flac_T\T_0000031057.flac,spoof,A08
T_0000032236,C:\Users\walia\Downloads\flac_T_aa\flac_T\T_0000032236.flac,bonafide,bonafide
T_0000012861,C:\Users\walia\Downloads\flac_T_aa\flac_T\T_0000012861.flac,bonafide,bonafide
T_0000006593,C:\Users\walia\Downloads\flac_T_aa\flac_T\T_0000006593.flac,spoof,A07
T_0000027829,C:\Users\walia\Downloads\flac_T_aa\flac_T\T_0000027829.flac,bonafide,bonafide
T_0000006601,C:\Users\walia\Downloads\flac_T_aa\flac_T\T_0000006601.flac,bonafide,bonafide
T_0000002053,C:\Users\walia\Downloads\flac_T_aa\flac_T\T_0000002053.flac,spoof,A01
T_0000018421,C:\Users\walia\Downloads\flac_T_aa\flac_T\T_0000018421.flac,spoof,A06
T_0000025064,C:\Users\walia\Downloads\flac_T_aa\flac_T\T_0000025064.flac,bonafide,bonafide
T_0000033154,C:\Users\walia\Downloads\flac_T_aa\flac_T\T_0000033154.flac,spoof,A04
T_0000022036,C:\Users\walia\Downloads\flac_T_aa\flac_T\T_0000022036.flac,spoof,A01
T_0000019475,C:\Users\walia\Downloads\flac_T_aa\flac_T\T_0000019475.flac,spoof,A01
T_0000014588,C:\Users\walia\Downloads\flac_T_aa\flac_T\T_0000014588.flac,bonafide,bonafide
T_0000011728,C:\Users\walia\Downloads\flac_T_aa\flac_T\T_0000011728.flac,spoof,A08
T_0000020139,C:\Users\walia\Downloads\flac_T_aa\flac_T\T_0000020139.flac,spoof,A06
T_0000012414,C:\Users\walia\Downloads\flac_T_aa\flac_T\T_0000012414.flac,bonafide,bonafide
T_0000008774,C:\Users\walia\Downloads\flac_T_aa\flac_T\T_0000008774.flac,spoof,A04
T_0000013711,C:\Users\walia\Downloads\flac_T_aa\flac_T\T_0000013711.flac,spoof,A03
T_0000001524,C:\Users\walia\Downloads\flac_T_aa\flac_T\T_0000001524.flac,spoof,A02
T_0000008821,C:\Users\walia\Downloads\flac_T_aa\flac_T\T_0000008821.flac,bonafide,bonafide
T_0000022549,C:\Users\walia\Downloads\flac_T_aa\flac_T\T_0000022549.flac,spoof,A06
T_0000016889,C:\Users\walia\Downloads\flac_T_aa\flac_T\T_0000016889.flac,spoof,A07
T_0000000331,C:\Users\walia\Downloads\flac_T_aa\flac_T\T_0000000331.flac,bonafide,bonafide
T_0000028038,C:\Users\walia\Downloads\flac_T_aa\flac_T\T_0000028038.flac,spoof,A04
T_0000011509,C:\Users\walia\Downloads\flac_T_aa\flac_T\T_0000011509.flac,bonafide,bonafide
T_0000030425,C:\Users\walia\Downloads\flac_T_aa\flac_T\T_0000030425.flac,bonafide,bonafide
T_0000011391,C:\Users\walia\Downloads\flac_T_aa\flac_T\T_0000011391.flac,spoof,A06
T_0000027832,C:\Users\walia\Downloads\flac_T_aa\flac_T\T_0000027832.flac,spoof,A08
T_0000004941,C:\Users\walia\Downloads\flac_T_aa\flac_T\T_0000004941.flac,spoof,A03
T_0000009130,C:\Users\walia\Downloads\flac_T_aa\flac_T\T_0000009130.flac,spoof,A07
T_0000024702,C:\Users\walia\Downloads\flac_T_aa\flac_T\T_0000024702.flac,spoof,A02
T_0000003690,C:\Users\walia\Downloads\flac_T_aa\flac_T\T_0000003690.flac,bonafide,bonafide
T_0000007642,C:\Users\walia\Downloads\flac_T_aa\flac_T\T_0000007642.flac,bonafide,bonafide
T_0000007544,C:\Users\walia\Downloads\flac_T_aa\flac_T\T_0000007544.flac,spoof,A05
T_0000024090,C:\Users\walia\Downloads\flac_T_aa\flac_T\T_0000024090.flac,spoof,A03
T_0000019568,C:\Users\walia\Downloads\flac_T_aa\flac_T\T_0000019568.flac,bonafide,bonafide
T_0000011429,C:\Users\walia\Downloads\flac_T_aa\flac_T\T_0000011429.flac,spoof,A05
T_0000034451,C:\Users\walia\Downloads\flac_T_aa\flac_T\T_0000034451.flac,bonafide,bonafide
T_0000031571,C:\Users\walia\Downloads\flac_T_aa\flac_T\T_0000031571.flac,bonafide,bonafide
T_0000003368,C:\Users\walia\Downloads\flac_T_aa\flac_T\T_0000003368.flac,spoof,A05
T_0000005935,C:\Users\walia\Downloads\flac_T_aa\flac_T\T_0000005935.flac,bonafide,bonafide
T_0000000514,C:\Users\walia\Downloads\flac_T_aa\flac_T\T_0000000514.flac,spoof,A08
T_0000006090,C:\Users\walia\Downloads\flac_T_aa\flac_T\T_0000006090.flac,bonafide,bonafide
T_0000014258,C:\Users\walia\Downloads\flac_T_aa\flac_T\T_0000014258.flac,bonafide,bonafide
T_0000000728,C:\Users\walia\Downloads\flac_T_aa\flac_T\T_0000000728.flac,spoof,A08
T_0000032254,C:\Users\walia\Downloads\flac_T_aa\flac_T\T_0000032254.flac,bonafide,bonafide
T_0000028616,C:\Users\walia\Downloads\flac_T_aa\flac_T\T_0000028616.flac,spoof,A01
T_0000019444,C:\Users\walia\Downloads\flac_T_aa\flac_T\T_0000019444.flac,spoof,A02
T_0000007347,C:\Users\walia\Downloads\flac_T_aa\flac_T\T_0000007347.flac,bonafide,bonafide
T_0000025675,C:\Users\walia\Downloads\flac_T_aa\flac_T\T_0000025675.flac,bonafide,bonafide
T_0000017839,C:\Users\walia\Downloads\flac_T_aa\flac_T\T_0000017839.flac,bonafide,bonafide
T_0000034423,C:\Users\walia\Downloads\flac_T_aa\flac_T\T_0000034423.flac,spoof,A07
T_0000018607,C:\Users\walia\Downloads\flac_T_aa\flac_T\T_0000018607.flac,bonafide,bonafide
T_0000030300,C:\Users\walia\Downloads\flac_T_aa\flac_T\T_0000030300.flac,spoof,A07
T_0000031691,C:\Users\walia\Downloads\flac_T_aa\flac_T\T_0000031691.flac,spoof,A05
T_0000036042,C:\Users\walia\Downloads\flac_T_aa\flac_T\T_0000036042.flac,bonafide,bonafide
T_0000004417,C:\Users\walia\Downloads\flac_T_aa\flac_T\T_0000004417.flac,bonafide,bonafide
T_0000015097,C:\Users\walia\Downloads\flac_T_aa\flac_T\T_0000015097.flac,spoof,A02
T_0000011192,C:\Users\walia\Downloads\flac_T_aa\flac_T\T_0000011192.flac,bonafide,bonafide
T_0000006014,C:\Users\walia\Downloads\flac_T_aa\flac_T\T_0000006014.flac,bonafide,bonafide
T_0000022393,C:\Users\walia\Downloads\flac_T_aa\flac_T\T_0000022393.flac,bonafide,bonafide
T_0000009928,C:\Users\walia\Downloads\flac_T_aa\flac_T\T_0000009928.flac,bonafide,bonafide
T_0000027584,C:\Users\walia\Downloads\flac_T_aa\flac_T\T_0000027584.flac,spoof,A08
T_0000031600,C:\Users\walia\Downloads\flac_T_aa\flac_T\T_0000031600.flac,spoof,A05
T_0000016273,C:\Users\walia\Downloads\flac_T_aa\flac_T\T_0000016273.flac,bonafide,bonafide
T_0000019312,C:\Users\walia\Downloads\flac_T_aa\flac_T\T_0000019312.flac,bonafide,bonafide
T_0000004765,C:\Users\walia\Downloads\flac_T_aa\flac_T\T_0000004765.flac,spoof,A03
T_0000036315,C:\Users\walia\Downloads\flac_T_aa\flac_T\T_0000036315.flac,bonafide,bonafide
T_0000000203,C:\Users\walia\Downloads\flac_T_aa\flac_T\T_0000000203.flac,bonafide,bonafide
T_0000013247,C:\Users\walia\Downloads\flac_T_aa\flac_T\T_0000013247.flac,bonafide,bonafide
T_0000019253,C:\Users\walia\Downloads\flac_T_aa\flac_T\T_0000019253.flac,spoof,A08
T_0000015429,C:\Users\walia\Downloads\flac_T_aa\flac_T\T_0000015429.flac,spoof,A01
T_0000018416,C:\Users\walia\Downloads\flac_T_aa\flac_T\T_0000018416.flac,bonafide,bonafide
T_0000026903,C:\Users\walia\Downloads\flac_T_aa\flac_T\T_0000026903.flac,spoof,A02
T_0000005007,C:\Users\walia\Downloads\flac_T_aa\flac_T\T_0000005007.flac,bonafide,bonafide
T_0000016744,C:\Users\walia\Downloads\flac_T_aa\flac_T\T_0000016744.flac,bonafide,bonafide
T_0000010984,C:\Users\walia\Downloads\flac_T_aa\flac_T\T_0000010984.flac,spoof,A05
T_0000009934,C:\Users\walia\Downloads\flac_T_aa\flac_T\T_0000009934.flac,spoof,A07
T_0000028912,C:\Users\walia\Downloads\flac_T_aa\flac_T\T_0000028912.flac,bonafide,bonafide
T_0000003146,C:\Users\walia\Downloads\flac_T_aa\flac_T\T_0000003146.flac,bonafide,bonafide
T_0000009669,C:\Users\walia\Downloads\flac_T_aa\flac_T\T_0000009669.flac,bonafide,bonafide
T_0000022382,C:\Users\walia\Downloads\flac_T_aa\flac_T\T_0000022382.flac,bonafide,bonafide
T_0000003929,C:\Users\walia\Downloads\flac_T_aa\flac_T\T_0000003929.flac,bonafide,bonafide
T_0000012707,C:\Users\walia\Downloads\flac_T_aa\flac_T\T_0000012707.flac,bonafide,bonafide
T_0000014760,C:\Users\walia\Downloads\flac_T_aa\flac_T\T_0000014760.flac,spoof,A04
T_0000020508,C:\Users\walia\Downloads\flac_T_aa\flac_T\T_0000020508.flac,bonafide,bonafide
T_0000006645,C:\Users\walia\Downloads\flac_T_aa\flac_T\T_0000006645.flac,spoof,A07
T_0000027966,C:\Users\walia\Downloads\flac_T_aa\flac_T\T_0000027966.flac,bonafide,bonafide
T_0000000347,C:\Users\walia\Downloads\flac_T_aa\flac_T\T_0000000347.flac,bonafide,bonafide
T_0000017860,C:\Users\walia\Downloads\flac_T_aa\flac_T\T_0000017860.flac,spoof,A02
T_0000006654,C:\Users\walia\Downloads\flac_T_aa\flac_T\T_0000006654.flac,spoof,A04
T_0000033527,C:\Users\walia\Downloads\flac_T_aa\flac_T\T_0000033527.flac,spoof,A07
T_0000002363,C:\Users\walia\Downloads\flac_T_aa\flac_T\T_0000002363.flac,bonafide,bonafide
T_0000034179,C:\Users\walia\Downloads\flac_T_aa\flac_T\T_0000034179.flac,bonafide,bonafide
T_0000022763,C:\Users\walia\Downloads\flac_T_aa\flac_T\T_0000022763.flac,bonafide,bonafide
T_0000033046,C:\Users\walia\Downloads\flac_T_aa\flac_T\T_0000033046.flac,bonafide,bonafide
T_0000008940,C:\Users\walia\Downloads\flac_T_aa\flac_T\T_0000008940.flac,bonafide,bonafide
T_0000010303,C:\Users\walia\Downloads\flac_T_aa\flac_T\T_0000010303.flac,spoof,A03
T_0000031955,C:\Users\walia\Downloads\flac_T_aa\flac_T\T_0000031955.flac,spoof,A04
T_0000021871,C:\Users\walia\Downloads\flac_T_aa\flac_T\T_0000021871.flac,bonafide,bonafide
T_0000022353,C:\Users\walia\Downloads\flac_T_aa\flac_T\T_0000022353.flac,spoof,A01
T_0000030379,C:\Users\walia\Downloads\flac_T_aa\flac_T\T_0000030379.flac,bonafide,bonafide
T_0000001190,C:\Users\walia\Downloads\flac_T_aa\flac_T\T_0000001190.flac,spoof,A07
T_0000011072,C:\Users\walia\Downloads\flac_T_aa\flac_T\T_0000011072.flac,spoof,A02
T_0000003864,C:\Users\walia\Downloads\flac_T_aa\flac_T\T_0000003864.flac,spoof,A01
T_0000035318,C:\Users\walia\Downloads\flac_T_aa\flac_T\T_0000035318.flac,bonafide,bonafide
T_0000035152,C:\Users\walia\Downloads\flac_T_aa\flac_T\T_0000035152.flac,bonafide,bonafide
T_0000029503,C:\Users\walia\Downloads\flac_T_aa\flac_T\T_0000029503.flac,spoof,A01
T_0000023608,C:\Users\walia\Downloads\flac_T_aa\flac_T\T_0000023608.flac,bonafide,bonafide
T_0000014077,C:\Users\walia\Downloads\flac_T_aa\flac_T\T_0000014077.flac,bonafide,bonafide
T_0000010395,C:\Users\walia\Downloads\flac_T_aa\flac_T\T_0000010395.flac,spoof,A01
T_0000024254,C:\Users\walia\Downloads\flac_T_aa\flac_T\T_0000024254.flac,spoof,A04
T_0000011683,C:\Users\walia\Downloads\flac_T_aa\flac_T\T_0000011683.flac,bonafide,bonafide
T_0000005022,C:\Users\walia\Downloads\flac_T_aa\flac_T\T_0000005022.flac,spoof,A07
T_0000022095,C:\Users\walia\Downloads\flac_T_aa\flac_T\T_0000022095.flac,spoof,A02
T_0000019808,C:\Users\walia\Downloads\flac_T_aa\flac_T\T_0000019808.flac,spoof,A05
T_0000009707,C:\Users\walia\Downloads\flac_T_aa\flac_T\T_0000009707.flac,bonafide,bonafide
T_0000003661,C:\Users\walia\Downloads\flac_T_aa\flac_T\T_0000003661.flac,bonafide,bonafide
T_0000029447,C:\Users\walia\Downloads\flac_T_aa\flac_T\T_0000029447.flac,bonafide,bonafide
T_0000010494,C:\Users\walia\Downloads\flac_T_aa\flac_T\T_0000010494.flac,bonafide,bonafide
T_0000025002,C:\Users\walia\Downloads\flac_T_aa\flac_T\T_0000025002.flac,spoof,A08
T_0000014768,C:\Users\walia\Downloads\flac_T_aa\flac_T\T_0000014768.flac,bonafide,bonafide
T_0000023118,C:\Users\walia\Downloads\flac_T_aa\flac_T\T_0000023118.flac,spoof,A08
T_0000034777,C:\Users\walia\Downloads\flac_T_aa\flac_T\T_0000034777.flac,spoof,A02
T_0000012013,C:\Users\walia\Downloads\flac_T_aa\flac_T\T_0000012013.flac,spoof,A08
T_0000007598,C:\Users\walia\Downloads\flac_T_aa\flac_T\T_0000007598.flac,spoof,A01
T_0000003330,C:\Users\walia\Downloads\flac_T_aa\flac_T\T_0000003330.flac,bonafide,bonafide
T_0000002341,C:\Users\walia\Downloads\flac_T_aa\flac_T\T_0000002341.flac,bonafide,bonafide
T_0000000644,C:\Users\walia\Downloads\flac_T_aa\flac_T\T_0000000644.flac,spoof,A01
T_0000021196,C:\Users\walia\Downloads\flac_T_aa\flac_T\T_0000021196.flac,spoof,A07
T_0000004542,C:\Users\walia\Downloads\flac_T_aa\flac_T\T_0000004542.flac,spoof,A04
T_0000022163,C:\Users\walia\Downloads\flac_T_aa\flac_T\T_0000022163.flac,bonafide,bonafide
T_0000003179,C:\Users\walia\Downloads\flac_T_aa\flac_T\T_0000003179.flac,bonafide,bonafide
T_0000014033,C:\Users\walia\Downloads\flac_T_aa\flac_T\T_0000014033.flac,bonafide,bonafide
T_0000007409,C:\Users\walia\Downloads\flac_T_aa\flac_T\T_0000007409.flac,bonafide,bonafide
T_0000022473,C:\Users\walia\Downloads\flac_T_aa\flac_T\T_0000022473.flac,spoof,A07
T_0000030469,C:\Users\walia\Downloads\flac_T_aa\flac_T\T_0000030469.flac,spoof,A04
T_0000010771,C:\Users\walia\Downloads\flac_T_aa\flac_T\T_0000010771.flac,bonafide,bonafide
T_0000036179,C:\Users\walia\Downloads\flac_T_aa\flac_T\T_0000036179.flac,spoof,A04
T_0000028563,C:\Users\walia\Downloads\flac_T_aa\flac_T\T_0000028563.flac,spoof,A03
T_0000000393,C:\Users\walia\Downloads\flac_T_aa\flac_T\T_0000000393.flac,bonafide,bonafide
T_0000036038,C:\Users\walia\Downloads\flac_T_aa\flac_T\T_0000036038.flac,bonafide,bonafide
T_0000034828,C:\Users\walia\Downloads\flac_T_aa\flac_T\T_0000034828.flac,bonafide,bonafide
T_0000035123,C:\Users\walia\Downloads\flac_T_aa\flac_T\T_0000035123.flac,bonafide,bonafide
T_0000021120,C:\Users\walia\Downloads\flac_T_aa\flac_T\T_0000021120.flac,bonafide,bonafide
T_0000028424,C:\Users\walia\Downloads\flac_T_aa\flac_T\T_0000028424.flac,bonafide,bonafide
T_0000013671,C:\Users\walia\Downloads\flac_T_aa\flac_T\T_0000013671.flac,bonafide,bonafide
T_0000017168,C:\Users\walia\Downloads\flac_T_aa\flac_T\T_0000017168.flac,spoof,A08
T_0000003372,C:\Users\walia\Downloads\flac_T_aa\flac_T\T_0000003372.flac,bonafide,bonafide
T_0000003481,C:\Users\walia\Downloads\flac_T_aa\flac_T\T_0000003481.flac,bonafide,bonafide
T_0000028435,C:\Users\walia\Downloads\flac_T_aa\flac_T\T_0000028435.flac,spoof,A08
T_0000030903,C:\Users\walia\Downloads\flac_T_aa\flac_T\T_0000030903.flac,bonafide,bonafide
T_0000032156,C:\Users\walia\Downloads\flac_T_aa\flac_T\T_0000032156.flac,bonafide,bonafide
T_0000026297,C:\Users\walia\Downloads\flac_T_aa\flac_T\T_0000026297.flac,bonafide,bonafide
T_0000015983,C:\Users\walia\Downloads\flac_T_aa\flac_T\T_0000015983.flac,spoof,A07
T_0000017138,C:\Users\walia\Downloads\flac_T_aa\flac_T\T_0000017138.flac,bonafide,bonafide
T_0000029047,C:\Users\walia\Downloads\flac_T_aa\flac_T\T_0000029047.flac,spoof,A05
T_0000006506,C:\Users\walia\Downloads\flac_T_aa\flac_T\T_0000006506.flac,spoof,A04
T_0000017470,C:\Users\walia\Downloads\flac_T_aa\flac_T\T_0000017470.flac,bonafide,bonafide
T_0000016550,C:\Users\walia\Downloads\flac_T_aa\flac_T\T_0000016550.flac,spoof,A01
T_0000033401,C:\Users\walia\Downloads\flac_T_aa\flac_T\T_0000033401.flac,bonafide,bonafide
T_0000034514,C:\Users\walia\Downloads\flac_T_aa\flac_T\T_0000034514.flac,bonafide,bonafide
T_0000016119,C:\Users\walia\Downloads\flac_T_aa\flac_T\T_0000016119.flac,spoof,A04
T_0000003449,C:\Users\walia\Downloads\flac_T_aa\flac_T\T_0000003449.flac,bonafide,bonafide
T_0000034459,C:\Users\walia\Downloads\flac_T_aa\flac_T\T_0000034459.flac,spoof,A08
T_0000022030,C:\Users\walia\Downloads\flac_T_aa\flac_T\T_0000022030.flac,bonafide,bonafide
T_0000021637,C:\Users\walia\Downloads\flac_T_aa\flac_T\T_0000021637.flac,spoof,A08
T_0000029333,C:\Users\walia\Downloads\flac_T_aa\flac_T\T_0000029333.flac,spoof,A01
T_0000002403,C:\Users\walia\Downloads\flac_T_aa\flac_T\T_0000002403.flac,bonafide,bonafide
T_0000035781,C:\Users\walia\Downloads\flac_T_aa\flac_T\T_0000035781.flac,spoof,A04
T_0000027131,C:\Users\walia\Downloads\flac_T_aa\flac_T\T_0000027131.flac,spoof,A05
T_0000020284,C:\Users\walia\Downloads\flac_T_aa\flac_T\T_0000020284.flac,spoof,A01
T_0000026742,C:\Users\walia\Downloads\flac_T_aa\flac_T\T_0000026742.flac,spoof,A03
T_0000035251,C:\Users\walia\Downloads\flac_T_aa\flac_T\T_0000035251.flac,bonafide,bonafide
T_0000015718,C:\Users\walia\Downloads\flac_T_aa\flac_T\T_0000015718.flac,spoof,A02
T_0000005157,C:\Users\walia\Downloads\flac_T_aa\flac_T\T_0000005157.flac,bonafide,bonafide
T_0000036120,C:\Users\walia\Downloads\flac_T_aa\flac_T\T_0000036120.flac,spoof,A02
T_0000005745,C:\Users\walia\Downloads\flac_T_aa\flac_T\T_0000005745.flac,bonafide,bonafide
T_0000015107,C:\Users\walia\Downloads\flac_T_aa\flac_T\T_0000015107.flac,bonafide,bonafide
T_0000002416,C:\Users\walia\Downloads\flac_T_aa\flac_T\T_0000002416.flac,bonafide,bonafide
T_0000004585,C:\Users\walia\Downloads\flac_T_aa\flac_T\T_0000004585.flac,bonafide,bonafide
T_0000008162,C:\Users\walia\Downloads\flac_T_aa\flac_T\T_0000008162.flac,bonafide,bonafide
T_0000001097,C:\Users\walia\Downloads\flac_T_aa\flac_T\T_0000001097.flac,spoof,A06
T_0000021314,C:\Users\walia\Downloads\flac_T_aa\flac_T\T_0000021314.flac,spoof,A08
T_0000000975,C:\Users\walia\Downloads\flac_T_aa\flac_T\T_0000000975.flac,bonafide,bonafide
T_0000004694,C:\Users\walia\Downloads\flac_T_aa\flac_T\T_0000004694.flac,bonafide,bonafide
T_0000002729,C:\Users\walia\Downloads\flac_T_aa\flac_T\T_0000002729.flac,bonafide,bonafide
T_0000020050,C:\Users\walia\Downloads\flac_T_aa\flac_T\T_0000020050.flac,spoof,A07
T_0000022531,C:\Users\walia\Downloads\flac_T_aa\flac_T\T_0000022531.flac,spoof,A04
T_0000021800,C:\Users\walia\Downloads\flac_T_aa\flac_T\T_0000021800.flac,spoof,A07
T_0000003067,C:\Users\walia\Downloads\flac_T_aa\flac_T\T_0000003067.flac,bonafide,bonafide
T_0000015608,C:\Users\walia\Downloads\flac_T_aa\flac_T\T_0000015608.flac,spoof,A03
T_0000033933,C:\Users\walia\Downloads\flac_T_aa\flac_T\T_0000033933.flac,bonafide,bonafide
T_0000018039,C:\Users\walia\Downloads\flac_T_aa\flac_T\T_0000018039.flac,spoof,A01
T_0000003033,C:\Users\walia\Downloads\flac_T_aa\flac_T\T_0000003033.flac,spoof,A04
T_0000028267,C:\Users\walia\Downloads\flac_T_aa\flac_T\T_0000028267.flac,bonafide,bonafide
T_0000018438,C:\Users\walia\Downloads\flac_T_aa\flac_T\T_0000018438.flac,spoof,A03
T_0000019067,C:\Users\walia\Downloads\flac_T_aa\flac_T\T_0000019067.flac,bonafide,bonafide
T_0000034426,C:\Users\walia\Downloads\flac_T_aa\flac_T\T_0000034426.flac,spoof,A07
T_0000017249,C:\Users\walia\Downloads\flac_T_aa\flac_T\T_0000017249.flac,bonafide,bonafide
T_0000023496,C:\Users\walia\Downloads\flac_T_aa\flac_T\T_0000023496.flac,bonafide,bonafide
T_0000016497,C:\Users\walia\Downloads\flac_T_aa\flac_T\T_0000016497.flac,bonafide,bonafide
T_0000004026,C:\Users\walia\Downloads\flac_T_aa\flac_T\T_0000004026.flac,spoof,A03
T_0000035130,C:\Users\walia\Downloads\flac_T_aa\flac_T\T_0000035130.flac,spoof,A06
T_0000028326,C:\Users\walia\Downloads\flac_T_aa\flac_T\T_0000028326.flac,spoof,A05
T_0000007602,C:\Users\walia\Downloads\flac_T_aa\flac_T\T_0000007602.flac,bonafide,bonafide
T_0000003164,C:\Users\walia\Downloads\flac_T_aa\flac_T\T_0000003164.flac,bonafide,bonafide
T_0000007796,C:\Users\walia\Downloads\flac_T_aa\flac_T\T_0000007796.flac,bonafide,bonafide
T_0000004149,C:\Users\walia\Downloads\flac_T_aa\flac_T\T_0000004149.flac,spoof,A02
T_0000002600,C:\Users\walia\Downloads\flac_T_aa\flac_T\T_0000002600.flac,bonafide,bonafide
T_0000023165,C:\Users\walia\Downloads\flac_T_aa\flac_T\T_0000023165.flac,bonafide,bonafide
T_0000020579,C:\Users\walia\Downloads\flac_T_aa\flac_T\T_0000020579.flac,bonafide,bonafide
T_0000016578,C:\Users\walia\Downloads\flac_T_aa\flac_T\T_0000016578.flac,spoof,A07
T_0000021857,C:\Users\walia\Downloads\flac_T_aa\flac_T\T_0000021857.flac,spoof,A01
T_0000027280,C:\Users\walia\Downloads\flac_T_aa\flac_T\T_0000027280.flac,bonafide,bonafide
T_0000035359,C:\Users\walia\Downloads\flac_T_aa\flac_T\T_0000035359.flac,spoof,A06
T_0000033895,C:\Users\walia\Downloads\flac_T_aa\flac_T\T_0000033895.flac,spoof,A08
T_0000031903,C:\Users\walia\Downloads\flac_T_aa\flac_T\T_0000031903.flac,bonafide,bonafide
T_0000011409,C:\Users\walia\Downloads\flac_T_aa\flac_T\T_0000011409.flac,spoof,A06
T_0000028139,C:\Users\walia\Downloads\flac_T_aa\flac_T\T_0000028139.flac,bonafide,bonafide
T_0000019281,C:\Users\walia\Downloads\flac_T_aa\flac_T\T_0000019281.flac,spoof,A02
T_0000006392,C:\Users\walia\Downloads\flac_T_aa\flac_T\T_0000006392.flac,bonafide,bonafide
T_0000015834,C:\Users\walia\Downloads\flac_T_aa\flac_T\T_0000015834.flac,spoof,A04
T_0000026787,C:\Users\walia\Downloads\flac_T_aa\flac_T\T_0000026787.flac,spoof,A07
T_0000005301,C:\Users\walia\Downloads\flac_T_aa\flac_T\T_0000005301.flac,bonafide,bonafide
T_0000023598,C:\Users\walia\Downloads\flac_T_aa\flac_T\T_0000023598.flac,spoof,A07
T_0000009262,C:\Users\walia\Downloads\flac_T_aa\flac_T\T_0000009262.flac,spoof,A02
T_0000013538,C:\Users\walia\Downloads\flac_T_aa\flac_T\T_0000013538.flac,spoof,A06
T_0000028613,C:\Users\walia\Downloads\flac_T_aa\flac_T\T_0000028613.flac,bonafide,bonafide
T_0000012621,C:\Users\walia\Downloads\flac_T_aa\flac_T\T_0000012621.flac,spoof,A06
T_0000018418,C:\Users\walia\Downloads\flac_T_aa\flac_T\T_0000018418.flac,bonafide,bonafide
T_0000027453,C:\Users\walia\Downloads\flac_T_aa\flac_T\T_0000027453.flac,spoof,A02
T_0000027222,C:\Users\walia\Downloads\flac_T_aa\flac_T\T_0000027222.flac,spoof,A02
T_0000035079,C:\Users\walia\Downloads\flac_T_aa\flac_T\T_0000035079.flac,spoof,A06
T_0000007228,C:\Users\walia\Downloads\flac_T_aa\flac_T\T_0000007228.flac,spoof,A06
T_0000033935,C:\Users\walia\Downloads\flac_T_aa\flac_T\T_0000033935.flac,bonafide,bonafide
T_0000027501,C:\Users\walia\Downloads\flac_T_aa\flac_T\T_0000027501.flac,spoof,A01
T_0000023860,C:\Users\walia\Downloads\flac_T_aa\flac_T\T_0000023860.flac,spoof,A07
T_0000014428,C:\Users\walia\Downloads\flac_T_aa\flac_T\T_0000014428.flac,bonafide,bonafide
T_0000026720,C:\Users\walia\Downloads\flac_T_aa\flac_T\T_0000026720.flac,bonafide,bonafide
T_0000030388,C:\Users\walia\Downloads\flac_T_aa\flac_T\T_0000030388.flac,spoof,A02
T_0000018581,C:\Users\walia\Downloads\flac_T_aa\flac_T\T_0000018581.flac,bonafide,bonafide
T_0000023381,C:\Users\walia\Downloads\flac_T_aa\flac_T\T_0000023381.flac,spoof,A04
T_0000028303,C:\Users\walia\Downloads\flac_T_aa\flac_T\T_0000028303.flac,spoof,A03
T_0000009456,C:\Users\walia\Downloads\flac_T_aa\flac_T\T_0000009456.flac,bonafide,bonafide
T_0000009466,C:\Users\walia\Downloads\flac_T_aa\flac_T\T_0000009466.flac,bonafide,bonafide
T_0000023547,C:\Users\walia\Downloads\flac_T_aa\flac_T\T_0000023547.flac,spoof,A03
T_0000004881,C:\Users\walia\Downloads\flac_T_aa\flac_T\T_0000004881.flac,spoof,A07
T_0000021895,C:\Users\walia\Downloads\flac_T_aa\flac_T\T_0000021895.flac,bonafide,bonafide
T_0000010759,C:\Users\walia\Downloads\flac_T_aa\flac_T\T_0000010759.flac,spoof,A08
T_0000031887,C:\Users\walia\Downloads\flac_T_aa\flac_T\T_0000031887.flac,bonafide,bonafide
T_0000019739,C:\Users\walia\Downloads\flac_T_aa\flac_T\T_0000019739.flac,bonafide,bonafide
T_0000009973,C:\Users\walia\Downloads\flac_T_aa\flac_T\T_0000009973.flac,bonafide,bonafide
T_0000005677,C:\Users\walia\Downloads\flac_T_aa\flac_T\T_0000005677.flac,spoof,A01
T_0000031626,C:\Users\walia\Downloads\flac_T_aa\flac_T\T_0000031626.flac,bonafide,bonafide
T_0000026162,C:\Users\walia\Downloads\flac_T_aa\flac_T\T_0000026162.flac,spoof,A06
T_0000012532,C:\Users\walia\Downloads\flac_T_aa\flac_T\T_0000012532.flac,bonafide,bonafide
T_0000036147,C:\Users\walia\Downloads\flac_T_aa\flac_T\T_0000036147.flac,spoof,A03
T_0000020429,C:\Users\walia\Downloads\flac_T_aa\flac_T\T_0000020429.flac,bonafide,bonafide
T_0000015424,C:\Users\walia\Downloads\flac_T_aa\flac_T\T_0000015424.flac,bonafide,bonafide
T_0000018687,C:\Users\walia\Downloads\flac_T_aa\flac_T\T_0000018687.flac,bonafide,bonafide
T_0000031456,C:\Users\walia\Downloads\flac_T_aa\flac_T\T_0000031456.flac,bonafide,bonafide
T_0000024834,C:\Users\walia\Downloads\flac_T_aa\flac_T\T_0000024834.flac,spoof,A04
T_0000002332,C:\Users\walia\Downloads\flac_T_aa\flac_T\T_0000002332.flac,bonafide,bonafide
T_0000016945,C:\Users\walia\Downloads\flac_T_aa\flac_T\T_0000016945.flac,bonafide,bonafide
T_0000025114,C:\Users\walia\Downloads\flac_T_aa\flac_T\T_0000025114.flac,bonafide,bonafide
T_0000005478,C:\Users\walia\Downloads\flac_T_aa\flac_T\T_0000005478.flac,spoof,A06
T_0000035111,C:\Users\walia\Downloads\flac_T_aa\flac_T\T_0000035111.flac,bonafide,bonafide
T_0000015363,C:\Users\walia\Downloads\flac_T_aa\flac_T\T_0000015363.flac,spoof,A05
T_0000024760,C:\Users\walia\Downloads\flac_T_aa\flac_T\T_0000024760.flac,bonafide,bonafide
T_0000020867,C:\Users\walia\Downloads\flac_T_aa\flac_T\T_0000020867.flac,bonafide,bonafide
T_0000018603,C:\Users\walia\Downloads\flac_T_aa\flac_T\T_0000018603.flac,bonafide,bonafide
T_0000008887,C:\Users\walia\Downloads\flac_T_aa\flac_T\T_0000008887.flac,bonafide,bonafide
T_0000001480,C:\Users\walia\Downloads\flac_T_aa\flac_T\T_0000001480.flac,bonafide,bonafide
T_0000007555,C:\Users\walia\Downloads\flac_T_aa\flac_T\T_0000007555.flac,spoof,A06
T_0000015879,C:\Users\walia\Downloads\flac_T_aa\flac_T\T_0000015879.flac,bonafide,bonafide
T_0000010421,C:\Users\walia\Downloads\flac_T_aa\flac_T\T_0000010421.flac,spoof,A08
T_0000006807,C:\Users\walia\Downloads\flac_T_aa\flac_T\T_0000006807.flac,bonafide,bonafide
T_0000017188,C:\Users\walia\Downloads\flac_T_aa\flac_T\T_0000017188.flac,spoof,A08
T_0000034636,C:\Users\walia\Downloads\flac_T_aa\flac_T\T_0000034636.flac,bonafide,bonafide
T_0000029995,C:\Users\walia\Downloads\flac_T_aa\flac_T\T_0000029995.flac,bonafide,bonafide
T_0000003257,C:\Users\walia\Downloads\flac_T_aa\flac_T\T_0000003257.flac,spoof,A06
T_0000023574,C:\Users\walia\Downloads\flac_T_aa\flac_T\T_0000023574.flac,spoof,A08
T_0000021790,C:\Users\walia\Downloads\flac_T_aa\flac_T\T_0000021790.flac,spoof,A04
T_0000022344,C:\Users\walia\Downloads\flac_T_aa\flac_T\T_0000022344.flac,spoof,A05
T_0000009526,C:\Users\walia\Downloads\flac_T_aa\flac_T\T_0000009526.flac,bonafide,bonafide
T_0000014782,C:\Users\walia\Downloads\flac_T_aa\flac_T\T_0000014782.flac,spoof,A04
T_0000034494,C:\Users\walia\Downloads\flac_T_aa\flac_T\T_0000034494.flac,spoof,A03
T_0000023397,C:\Users\walia\Downloads\flac_T_aa\flac_T\T_0000023397.flac,spoof,A06
T_0000009192,C:\Users\walia\Downloads\flac_T_aa\flac_T\T_0000009192.flac,bonafide,bonafide
T_0000000313,C:\Users\walia\Downloads\flac_T_aa\flac_T\T_0000000313.flac,spoof,A04
T_0000001290,C:\Users\walia\Downloads\flac_T_aa\flac_T\T_0000001290.flac,spoof,A07
T_0000036019,C:\Users\walia\Downloads\flac_T_aa\flac_T\T_0000036019.flac,spoof,A08
T_0000016426,C:\Users\walia\Downloads\flac_T_aa\flac_T\T_0000016426.flac,bonafide,bonafide
T_0000006558,C:\Users\walia\Downloads\flac_T_aa\flac_T\T_0000006558.flac,spoof,A08
T_0000012596,C:\Users\walia\Downloads\flac_T_aa\flac_T\T_0000012596.flac,spoof,A06
T_0000008431,C:\Users\walia\Downloads\flac_T_aa\flac_T\T_0000008431.flac,spoof,A05
T_0000001873,C:\Users\walia\Downloads\flac_T_aa\flac_T\T_0000001873.flac,spoof,A05
T_0000013104,C:\Users\walia\Downloads\flac_T_aa\flac_T\T_0000013104.flac,spoof,A05
T_0000013019,C:\Users\walia\Downloads\flac_T_aa\flac_T\T_0000013019.flac,bonafide,bonafide
T_0000013326,C:\Users\walia\Downloads\flac_T_aa\flac_T\T_0000013326.flac,spoof,A06
T_0000027032,C:\Users\walia\Downloads\flac_T_aa\flac_T\T_0000027032.flac,bonafide,bonafide
T_0000011865,C:\Users\walia\Downloads\flac_T_aa\flac_T\T_0000011865.flac,spoof,A05
T_0000012036,C:\Users\walia\Downloads\flac_T_aa\flac_T\T_0000012036.flac,bonafide,bonafide
T_0000021748,C:\Users\walia\Downloads\flac_T_aa\flac_T\T_0000021748.flac,bonafide,bonafide
T_0000028375,C:\Users\walia\Downloads\flac_T_aa\flac_T\T_0000028375.flac,spoof,A03
T_0000022184,C:\Users\walia\Downloads\flac_T_aa\flac_T\T_0000022184.flac,spoof,A04
T_0000001553,C:\Users\walia\Downloads\flac_T_aa\flac_T\T_0000001553.flac,bonafide,bonafide
T_0000032040,C:\Users\walia\Downloads\flac_T_aa\flac_T\T_0000032040.flac,bonafide,bonafide
T_0000018485,C:\Users\walia\Downloads\flac_T_aa\flac_T\T_0000018485.flac,bonafide,bonafide
T_0000020039,C:\Users\walia\Downloads\flac_T_aa\flac_T\T_0000020039.flac,bonafide,bonafide
T_0000022406,C:\Users\walia\Downloads\flac_T_aa\flac_T\T_0000022406.flac,spoof,A04
T_0000028061,C:\Users\walia\Downloads\flac_T_aa\flac_T\T_0000028061.flac,bonafide,bonafide
T_0000022584,C:\Users\walia\Downloads\flac_T_aa\flac_T\T_0000022584.flac,spoof,A04
T_0000018991,C:\Users\walia\Downloads\flac_T_aa\flac_T\T_0000018991.flac,bonafide,bonafide
T_0000006940,C:\Users\walia\Downloads\flac_T_aa\flac_T\T_0000006940.flac,spoof,A02
T_0000027307,C:\Users\walia\Downloads\flac_T_aa\flac_T\T_0000027307.flac,bonafide,bonafide
T_0000034344,C:\Users\walia\Downloads\flac_T_aa\flac_T\T_0000034344.flac,spoof,A01
T_0000032032,C:\Users\walia\Downloads\flac_T_aa\flac_T\T_0000032032.flac,bonafide,bonafide
T_0000012494,C:\Users\walia\Downloads\flac_T_aa\flac_T\T_0000012494.flac,bonafide,bonafide
T_0000014709,C:\Users\walia\Downloads\flac_T_aa\flac_T\T_0000014709.flac,spoof,A06
T_0000021461,C:\Users\walia\Downloads\flac_T_aa\flac_T\T_0000021461.flac,bonafide,bonafide
T_0000028112,C:\Users\walia\Downloads\flac_T_aa\flac_T\T_0000028112.flac,spoof,A06
T_0000005578,C:\Users\walia\Downloads\flac_T_aa\flac_T\T_0000005578.flac,spoof,A06
T_0000027625,C:\Users\walia\Downloads\flac_T_aa\flac_T\T_0000027625.flac,spoof,A08
T_0000001817,C:\Users\walia\Downloads\flac_T_aa\flac_T\T_0000001817.flac,bonafide,bonafide
T_0000006763,C:\Users\walia\Downloads\flac_T_aa\flac_T\T_0000006763.flac,bonafide,bonafide
T_0000022706,C:\Users\walia\Downloads\flac_T_aa\flac_T\T_0000022706.flac,spoof,A08
T_0000015822,C:\Users\walia\Downloads\flac_T_aa\flac_T\T_0000015822.flac,bonafide,bonafide
T_0000033848,C:\Users\walia\Downloads\flac_T_aa\flac_T\T_0000033848.flac,bonafide,bonafide
T_0000030132,C:\Users\walia\Downloads\flac_T_aa\flac_T\T_0000030132.flac,spoof,A03
T_0000015472,C:\Users\walia\Downloads\flac_T_aa\flac_T\T_0000015472.flac,bonafide,bonafide
T_0000032698,C:\Users\walia\Downloads\flac_T_aa\flac_T\T_0000032698.flac,bonafide,bonafide
T_0000007447,C:\Users\walia\Downloads\flac_T_aa\flac_T\T_0000007447.flac,spoof,A01
T_0000033708,C:\Users\walia\Downloads\flac_T_aa\flac_T\T_0000033708.flac,bonafide,bonafide
T_0000014160,C:\Users\walia\Downloads\flac_T_aa\flac_T\T_0000014160.flac,spoof,A06
T_0000028094,C:\Users\walia\Downloads\flac_T_aa\flac_T\T_0000028094.flac,spoof,A05
T_0000020026,C:\Users\walia\Downloads\flac_T_aa\flac_T\T_0000020026.flac,spoof,A02
T_0000000462,C:\Users\walia\Downloads\flac_T_aa\flac_T\T_0000000462.flac,spoof,A02
T_0000017515,C:\Users\walia\Downloads\flac_T_aa\flac_T\T_0000017515.flac,spoof,A04
T_0000009242,C:\Users\walia\Downloads\flac_T_aa\flac_T\T_0000009242.flac,bonafide,bonafide
T_0000018026,C:\Users\walia\Downloads\flac_T_aa\flac_T\T_0000018026.flac,spoof,A02
T_0000022700,C:\Users\walia\Downloads\flac_T_aa\flac_T\T_0000022700.flac,spoof,A01
T_0000003063,C:\Users\walia\Downloads\flac_T_aa\flac_T\T_0000003063.flac,bonafide,bonafide
T_0000032267,C:\Users\walia\Downloads\flac_T_aa\flac_T\T_0000032267.flac,bonafide,bonafide
T_0000013482,C:\Users\walia\Downloads\flac_T_aa\flac_T\T_0000013482.flac,bonafide,bonafide
T_0000003666,C:\Users\walia\Downloads\flac_T_aa\flac_T\T_0000003666.flac,spoof,A03
T_0000010530,C:\Users\walia\Downloads\flac_T_aa\flac_T\T_0000010530.flac,bonafide,bonafide
T_0000022370,C:\Users\walia\Downloads\flac_T_aa\flac_T\T_0000022370.flac,spoof,A06
T_0000027903,C:\Users\walia\Downloads\flac_T_aa\flac_T\T_0000027903.flac,bonafide,bonafide
T_0000002162,C:\Users\walia\Downloads\flac_T_aa\flac_T\T_0000002162.flac,spoof,A08
T_0000001752,C:\Users\walia\Downloads\flac_T_aa\flac_T\T_0000001752.flac,bonafide,bonafide
T_0000031483,C:\Users\walia\Downloads\flac_T_aa\flac_T\T_0000031483.flac,spoof,A06
T_0000027708,C:\Users\walia\Downloads\flac_T_aa\flac_T\T_0000027708.flac,spoof,A05
T_0000033361,C:\Users\walia\Downloads\flac_T_aa\flac_T\T_0000033361.flac,bonafide,bonafide
T_0000001757,C:\Users\walia\Downloads\flac_T_aa\flac_T\T_0000001757.flac,bonafide,bonafide
T_0000035317,C:\Users\walia\Downloads\flac_T_aa\flac_T\T_0000035317.flac,spoof,A02
T_0000027685,C:\Users\walia\Downloads\flac_T_aa\flac_T\T_0000027685.flac,spoof,A06
T_0000006982,C:\Users\walia\Downloads\flac_T_aa\flac_T\T_0000006982.flac,bonafide,bonafide
T_0000003471,C:\Users\walia\Downloads\flac_T_aa\flac_T\T_0000003471.flac,spoof,A07
T_0000002496,C:\Users\walia\Downloads\flac_T_aa\flac_T\T_0000002496.flac,bonafide,bonafide
T_0000009006,C:\Users\walia\Downloads\flac_T_aa\flac_T\T_0000009006.flac,spoof,A02
T_0000012460,C:\Users\walia\Downloads\flac_T_aa\flac_T\T_0000012460.flac,spoof,A07
T_0000024425,C:\Users\walia\Downloads\flac_T_aa\flac_T\T_0000024425.flac,spoof,A04
T_0000011263,C:\Users\walia\Downloads\flac_T_aa\flac_T\T_0000011263.flac,bonafide,bonafide
T_0000001529,C:\Users\walia\Downloads\flac_T_aa\flac_T\T_0000001529.flac,spoof,A04
T_0000034763,C:\Users\walia\Downloads\flac_T_aa\flac_T\T_0000034763.flac,spoof,A03
T_0000018942,C:\Users\walia\Downloads\flac_T_aa\flac_T\T_0000018942.flac,spoof,A03
T_0000015987,C:\Users\walia\Downloads\flac_T_aa\flac_T\T_0000015987.flac,bonafide,bonafide
T_0000029566,C:\Users\walia\Downloads\flac_T_aa\flac_T\T_0000029566.flac,bonafide,bonafide
T_0000008285,C:\Users\walia\Downloads\flac_T_aa\flac_T\T_0000008285.flac,spoof,A02
T_0000020609,C:\Users\walia\Downloads\flac_T_aa\flac_T\T_0000020609.flac,spoof,A08
T_0000020090,C:\Users\walia\Downloads\flac_T_aa\flac_T\T_0000020090.flac,spoof,A02
T_0000019810,C:\Users\walia\Downloads\flac_T_aa\flac_T\T_0000019810.flac,bonafide,bonafide
T_0000008782,C:\Users\walia\Downloads\flac_T_aa\flac_T\T_0000008782.flac,spoof,A06
T_0000016447,C:\Users\walia\Downloads\flac_T_aa\flac_T\T_0000016447.flac,bonafide,bonafide
T_0000028007,C:\Users\walia\Downloads\flac_T_aa\flac_T\T_0000028007.flac,spoof,A07
T_0000011130,C:\Users\walia\Downloads\flac_T_aa\flac_T\T_0000011130.flac,spoof,A07
T_0000005834,C:\Users\walia\Downloads\flac_T_aa\flac_T\T_0000005834.flac,bonafide,bonafide
T_0000030263,C:\Users\walia\Downloads\flac_T_aa\flac_T\T_0000030263.flac,bonafide,bonafide
T_0000016690,C:\Users\walia\Downloads\flac_T_aa\flac_T\T_0000016690.flac,spoof,A02
T_0000030019,C:\Users\walia\Downloads\flac_T_aa\flac_T\T_0000030019.flac,bonafide,bonafide
T_0000015168,C:\Users\walia\Downloads\flac_T_aa\flac_T\T_0000015168.flac,bonafide,bonafide
T_0000024533,C:\Users\walia\Downloads\flac_T_aa\flac_T\T_0000024533.flac,bonafide,bonafide
T_0000013085,C:\Users\walia\Downloads\flac_T_aa\flac_T\T_0000013085.flac,spoof,A04
T_0000013366,C:\Users\walia\Downloads\flac_T_aa\flac_T\T_0000013366.flac,spoof,A06
T_0000012116,C:\Users\walia\Downloads\flac_T_aa\flac_T\T_0000012116.flac,bonafide,bonafide
T_0000005271,C:\Users\walia\Downloads\flac_T_aa\flac_T\T_0000005271.flac,bonafide,bonafide
T_0000032518,C:\Users\walia\Downloads\flac_T_aa\flac_T\T_0000032518.flac,bonafide,bonafide
T_0000030982,C:\Users\walia\Downloads\flac_T_aa\flac_T\T_0000030982.flac,bonafide,bonafide
T_0000003902,C:\Users\walia\Downloads\flac_T_aa\flac_T\T_0000003902.flac,bonafide,bonafide
T_0000033368,C:\Users\walia\Downloads\flac_T_aa\flac_T\T_0000033368.flac,bonafide,bonafide
T_0000007834,C:\Users\walia\Downloads\flac_T_aa\flac_T\T_0000007834.flac,bonafide,bonafide
T_0000015342,C:\Users\walia\Downloads\flac_T_aa\flac_T\T_0000015342.flac,spoof,A03
T_0000031343,C:\Users\walia\Downloads\flac_T_aa\flac_T\T_0000031343.flac,bonafide,bonafide
T_0000007400,C:\Users\walia\Downloads\flac_T_aa\flac_T\T_0000007400.flac,bonafide,bonafide
T_0000007139,C:\Users\walia\Downloads\flac_T_aa\flac_T\T_0000007139.flac,bonafide,bonafide
T_0000035605,C:\Users\walia\Downloads\flac_T_aa\flac_T\T_0000035605.flac,bonafide,bonafide
T_0000001870,C:\Users\walia\Downloads\flac_T_aa\flac_T\T_0000001870.flac,spoof,A06
T_0000011347,C:\Users\walia\Downloads\flac_T_aa\flac_T\T_0000011347.flac,bonafide,bonafide
T_0000014920,C:\Users\walia\Downloads\flac_T_aa\flac_T\T_0000014920.flac,bonafide,bonafide
T_0000010420,C:\Users\walia\Downloads\flac_T_aa\flac_T\T_0000010420.flac,bonafide,bonafide
T_0000025990,C:\Users\walia\Downloads\flac_T_aa\flac_T\T_0000025990.flac,bonafide,bonafide
T_0000001197,C:\Users\walia\Downloads\flac_T_aa\flac_T\T_0000001197.flac,bonafide,bonafide
T_0000017461,C:\Users\walia\Downloads\flac_T_aa\flac_T\T_0000017461.flac,spoof,A06
T_0000005251,C:\Users\walia\Downloads\flac_T_aa\flac_T\T_0000005251.flac,spoof,A06
T_0000027809,C:\Users\walia\Downloads\flac_T_aa\flac_T\T_0000027809.flac,spoof,A03
T_0000034845,C:\Users\walia\Downloads\flac_T_aa\flac_T\T_0000034845.flac,spoof,A08
T_0000010569,C:\Users\walia\Downloads\flac_T_aa\flac_T\T_0000010569.flac,spoof,A06
T_0000005293,C:\Users\walia\Downloads\flac_T_aa\flac_T\T_0000005293.flac,spoof,A02
T_0000012354,C:\Users\walia\Downloads\flac_T_aa\flac_T\T_0000012354.flac,bonafide,bonafide
T_0000021744,C:\Users\walia\Downloads\flac_T_aa\flac_T\T_0000021744.flac,spoof,A02
T_0000011094,C:\Users\walia\Downloads\flac_T_aa\flac_T\T_0000011094.flac,spoof,A02
T_0000014770,C:\Users\walia\Downloads\flac_T_aa\flac_T\T_0000014770.flac,bonafide,bonafide
T_0000026612,C:\Users\walia\Downloads\flac_T_aa\flac_T\T_0000026612.flac,spoof,A01
T_0000003156,C:\Users\walia\Downloads\flac_T_aa\flac_T\T_0000003156.flac,spoof,A02
T_0000024429,C:\Users\walia\Downloads\flac_T_aa\flac_T\T_0000024429.flac,bonafide,bonafide
T_0000011283,C:\Users\walia\Downloads\flac_T_aa\flac_T\T_0000011283.flac,bonafide,bonafide
T_0000020677,C:\Users\walia\Downloads\flac_T_aa\flac_T\T_0000020677.flac,bonafide,bonafide
T_0000003003,C:\Users\walia\Downloads\flac_T_aa\flac_T\T_0000003003.flac,bonafide,bonafide
T_0000028386,C:\Users\walia\Downloads\flac_T_aa\flac_T\T_0000028386.flac,bonafide,bonafide
T_0000005176,C:\Users\walia\Downloads\flac_T_aa\flac_T\T_0000005176.flac,spoof,A04
T_0000029543,C:\Users\walia\Downloads\flac_T_aa\flac_T\T_0000029543.flac,spoof,A06
T_0000015239,C:\Users\walia\Downloads\flac_T_aa\flac_T\T_0000015239.flac,spoof,A02
T_0000012683,C:\Users\walia\Downloads\flac_T_aa\flac_T\T_0000012683.flac,spoof,A04
T_0000012417,C:\Users\walia\Downloads\flac_T_aa\flac_T\T_0000012417.flac,spoof,A08
T_0000008646,C:\Users\walia\Downloads\flac_T_aa\flac_T\T_0000008646.flac,spoof,A07
T_0000015614,C:\Users\walia\Downloads\flac_T_aa\flac_T\T_0000015614.flac,bonafide,bonafide
T_0000029010,C:\Users\walia\Downloads\flac_T_aa\flac_T\T_0000029010.flac,spoof,A01
T_0000008526,C:\Users\walia\Downloads\flac_T_aa\flac_T\T_0000008526.flac,bonafide,bonafide
T_0000030574,C:\Users\walia\Downloads\flac_T_aa\flac_T\T_0000030574.flac,bonafide,bonafide
T_0000029033,C:\Users\walia\Downloads\flac_T_aa\flac_T\T_0000029033.flac,bonafide,bonafide
T_0000014198,C:\Users\walia\Downloads\flac_T_aa\flac_T\T_0000014198.flac,spoof,A02
T_0000004385,C:\Users\walia\Downloads\flac_T_aa\flac_T\T_0000004385.flac,spoof,A01
T_0000011878,C:\Users\walia\Downloads\flac_T_aa\flac_T\T_0000011878.flac,spoof,A04
T_0000036476,C:\Users\walia\Downloads\flac_T_aa\flac_T\T_0000036476.flac,spoof,A01
T_0000032002,C:\Users\walia\Downloads\flac_T_aa\flac_T\T_0000032002.flac,bonafide,bonafide
T_0000020559,C:\Users\walia\Downloads\flac_T_aa\flac_T\T_0000020559.flac,spoof,A06
T_0000014284,C:\Users\walia\Downloads\flac_T_aa\flac_T\T_0000014284.flac,spoof,A07
T_0000000981,C:\Users\walia\Downloads\flac_T_aa\flac_T\T_0000000981.flac,bonafide,bonafide
T_0000018245,C:\Users\walia\Downloads\flac_T_aa\flac_T\T_0000018245.flac,bonafide,bonafide
T_0000004634,C:\Users\walia\Downloads\flac_T_aa\flac_T\T_0000004634.flac,bonafide,bonafide
T_0000000346,C:\Users\walia\Downloads\flac_T_aa\flac_T\T_0000000346.flac,spoof,A07
T_0000010086,C:\Users\walia\Downloads\flac_T_aa\flac_T\T_0000010086.flac,spoof,A04
T_0000032299,C:\Users\walia\Downloads\flac_T_aa\flac_T\T_0000032299.flac,spoof,A04
T_0000011099,C:\Users\walia\Downloads\flac_T_aa\flac_T\T_0000011099.flac,bonafide,bonafide
T_0000004293,C:\Users\walia\Downloads\flac_T_aa\flac_T\T_0000004293.flac,bonafide,bonafide
T_0000033279,C:\Users\walia\Downloads\flac_T_aa\flac_T\T_0000033279.flac,bonafide,bonafide
T_0000029141,C:\Users\walia\Downloads\flac_T_aa\flac_T\T_0000029141.flac,spoof,A06
T_0000014553,C:\Users\walia\Downloads\flac_T_aa\flac_T\T_0000014553.flac,spoof,A02
T_0000017753,C:\Users\walia\Downloads\flac_T_aa\flac_T\T_0000017753.flac,bonafide,bonafide
T_0000016101,C:\Users\walia\Downloads\flac_T_aa\flac_T\T_0000016101.flac,spoof,A04
T_0000034713,C:\Users\walia\Downloads\flac_T_aa\flac_T\T_0000034713.flac,bonafide,bonafide
T_0000015204,C:\Users\walia\Downloads\flac_T_aa\flac_T\T_0000015204.flac,spoof,A01
T_0000018720,C:\Users\walia\Downloads\flac_T_aa\flac_T\T_0000018720.flac,bonafide,bonafide
T_0000032478,C:\Users\walia\Downloads\flac_T_aa\flac_T\T_0000032478.flac,bonafide,bonafide
T_0000024430,C:\Users\walia\Downloads\flac_T_aa\flac_T\T_0000024430.flac,spoof,A05
T_0000021135,C:\Users\walia\Downloads\flac_T_aa\flac_T\T_0000021135.flac,bonafide,bonafide
T_0000020228,C:\Users\walia\Downloads\flac_T_aa\flac_T\T_0000020228.flac,bonafide,bonafide
T_0000004137,C:\Users\walia\Downloads\flac_T_aa\flac_T\T_0000004137.flac,spoof,A02
T_0000011958,C:\Users\walia\Downloads\flac_T_aa\flac_T\T_0000011958.flac,spoof,A08
T_0000013575,C:\Users\walia\Downloads\flac_T_aa\flac_T\T_0000013575.flac,bonafide,bonafide
T_0000008744,C:\Users\walia\Downloads\flac_T_aa\flac_T\T_0000008744.flac,bonafide,bonafide
T_0000032310,C:\Users\walia\Downloads\flac_T_aa\flac_T\T_0000032310.flac,spoof,A07
T_0000013291,C:\Users\walia\Downloads\flac_T_aa\flac_T\T_0000013291.flac,spoof,A02
T_0000029693,C:\Users\walia\Downloads\flac_T_aa\flac_T\T_0000029693.flac,spoof,A05
T_0000005869,C:\Users\walia\Downloads\flac_T_aa\flac_T\T_0000005869.flac,spoof,A07
T_0000004775,C:\Users\walia\Downloads\flac_T_aa\flac_T\T_0000004775.flac,spoof,A01
T_0000001488,C:\Users\walia\Downloads\flac_T_aa\flac_T\T_0000001488.flac,spoof,A02
T_0000005621,C:\Users\walia\Downloads\flac_T_aa\flac_T\T_0000005621.flac,bonafide,bonafide
T_0000026666,C:\Users\walia\Downloads\flac_T_aa\flac_T\T_0000026666.flac,spoof,A03
T_0000001685,C:\Users\walia\Downloads\flac_T_aa\flac_T\T_0000001685.flac,spoof,A06
T_0000024490,C:\Users\walia\Downloads\flac_T_aa\flac_T\T_0000024490.flac,spoof,A05
T_0000008873,C:\Users\walia\Downloads\flac_T_aa\flac_T\T_0000008873.flac,bonafide,bonafide
T_0000031782,C:\Users\walia\Downloads\flac_T_aa\flac_T\T_0000031782.flac,spoof,A08
T_0000018163,C:\Users\walia\Downloads\flac_T_aa\flac_T\T_0000018163.flac,bonafide,bonafide
T_0000014369,C:\Users\walia\Downloads\flac_T_aa\flac_T\T_0000014369.flac,spoof,A01
T_0000020438,C:\Users\walia\Downloads\flac_T_aa\flac_T\T_0000020438.flac,bonafide,bonafide
T_0000011523,C:\Users\walia\Downloads\flac_T_aa\flac_T\T_0000011523.flac,spoof,A01
T_0000014769,C:\Users\walia\Downloads\flac_T_aa\flac_T\T_0000014769.flac,spoof,A02
T_0000012876,C:\Users\walia\Downloads\flac_T_aa\flac_T\T_0000012876.flac,spoof,A06
T_0000017165,C:\Users\walia\Downloads\flac_T_aa\flac_T\T_0000017165.flac,bonafide,bonafide
T_0000021089,C:\Users\walia\Downloads\flac_T_aa\flac_T\T_0000021089.flac,bonafide,bonafide
T_0000032903,C:\Users\walia\Downloads\flac_T_aa\flac_T\T_0000032903.flac,bonafide,bonafide
T_0000006526,C:\Users\walia\Downloads\flac_T_aa\flac_T\T_0000006526.flac,spoof,A08
T_0000011478,C:\Users\walia\Downloads\flac_T_aa\flac_T\T_0000011478.flac,spoof,A01
T_0000029153,C:\Users\walia\Downloads\flac_T_aa\flac_T\T_0000029153.flac,spoof,A06
T_0000001957,C:\Users\walia\Downloads\flac_T_aa\flac_T\T_0000001957.flac,bonafide,bonafide
T_0000016555,C:\Users\walia\Downloads\flac_T_aa\flac_T\T_0000016555.flac,bonafide,bonafide
T_0000029747,C:\Users\walia\Downloads\flac_T_aa\flac_T\T_0000029747.flac,spoof,A04
T_0000031101,C:\Users\walia\Downloads\flac_T_aa\flac_T\T_0000031101.flac,spoof,A05
T_0000002074,C:\Users\walia\Downloads\flac_T_aa\flac_T\T_0000002074.flac,bonafide,bonafide
T_0000025263,C:\Users\walia\Downloads\flac_T_aa\flac_T\T_0000025263.flac,spoof,A02
T_0000000710,C:\Users\walia\Downloads\flac_T_aa\flac_T\T_0000000710.flac,spoof,A04
T_0000006184,C:\Users\walia\Downloads\flac_T_aa\flac_T\T_0000006184.flac,spoof,A05
T_0000012801,C:\Users\walia\Downloads\flac_T_aa\flac_T\T_0000012801.flac,bonafide,bonafide
T_0000007434,C:\Users\walia\Downloads\flac_T_aa\flac_T\T_0000007434.flac,bonafide,bonafide
T_0000013056,C:\Users\walia\Downloads\flac_T_aa\flac_T\T_0000013056.flac,spoof,A05
T_0000008405,C:\Users\walia\Downloads\flac_T_aa\flac_T\T_0000008405.flac,bonafide,bonafide
T_0000008049,C:\Users\walia\Downloads\flac_T_aa\flac_T\T_0000008049.flac,spoof,A02
T_0000030083,C:\Users\walia\Downloads\flac_T_aa\flac_T\T_0000030083.flac,bonafide,bonafide
T_0000020903,C:\Users\walia\Downloads\flac_T_aa\flac_T\T_0000020903.flac,spoof,A02
T_0000025590,C:\Users\walia\Downloads\flac_T_aa\flac_T\T_0000025590.flac,spoof,A03
T_0000022877,C:\Users\walia\Downloads\flac_T_aa\flac_T\T_0000022877.flac,bonafide,bonafide
T_0000012835,C:\Users\walia\Downloads\flac_T_aa\flac_T\T_0000012835.flac,spoof,A05
T_0000009407,C:\Users\walia\Downloads\flac_T_aa\flac_T\T_0000009407.flac,bonafide,bonafide
T_0000001579,C:\Users\walia\Downloads\flac_T_aa\flac_T\T_0000001579.flac,bonafide,bonafide
T_0000007078,C:\Users\walia\Downloads\flac_T_aa\flac_T\T_0000007078.flac,bonafide,bonafide
T_0000004085,C:\Users\walia\Downloads\flac_T_aa\flac_T\T_0000004085.flac,bonafide,bonafide
T_0000009268,C:\Users\walia\Downloads\flac_T_aa\flac_T\T_0000009268.flac,bonafide,bonafide
T_0000010740,C:\Users\walia\Downloads\flac_T_aa\flac_T\T_0000010740.flac,spoof,A02
T_0000001571,C:\Users\walia\Downloads\flac_T_aa\flac_T\T_0000001571.flac,spoof,A05
T_0000032378,C:\Users\walia\Downloads\flac_T_aa\flac_T\T_0000032378.flac,spoof,A01
T_0000003792,C:\Users\walia\Downloads\flac_T_aa\flac_T\T_0000003792.flac,spoof,A04
T_0000021883,C:\Users\walia\Downloads\flac_T_aa\flac_T\T_0000021883.flac,spoof,A01
T_0000028755,C:\Users\walia\Downloads\flac_T_aa\flac_T\T_0000028755.flac,spoof,A07
T_0000031659,C:\Users\walia\Downloads\flac_T_aa\flac_T\T_0000031659.flac,spoof,A01
T_0000011825,C:\Users\walia\Downloads\flac_T_aa\flac_T\T_0000011825.flac,bonafide,bonafide
T_0000006254,C:\Users\walia\Downloads\flac_T_aa\flac_T\T_0000006254.flac,bonafide,bonafide
T_0000022581,C:\Users\walia\Downloads\flac_T_aa\flac_T\T_0000022581.flac,spoof,A05
T_0000007113,C:\Users\walia\Downloads\flac_T_aa\flac_T\T_0000007113.flac,bonafide,bonafide
T_0000034350,C:\Users\walia\Downloads\flac_T_aa\flac_T\T_0000034350.flac,spoof,A04
T_0000014598,C:\Users\walia\Downloads\flac_T_aa\flac_T\T_0000014598.flac,spoof,A02
T_0000011070,C:\Users\walia\Downloads\flac_T_aa\flac_T\T_0000011070.flac,spoof,A06
T_0000005971,C:\Users\walia\Downloads\flac_T_aa\flac_T\T_0000005971.flac,bonafide,bonafide
T_0000002883,C:\Users\walia\Downloads\flac_T_aa\flac_T\T_0000002883.flac,spoof,A01
T_0000025118,C:\Users\walia\Downloads\flac_T_aa\flac_T\T_0000025118.flac,bonafide,bonafide
T_0000001316,C:\Users\walia\Downloads\flac_T_aa\flac_T\T_0000001316.flac,bonafide,bonafide
T_0000031463,C:\Users\walia\Downloads\flac_T_aa\flac_T\T_0000031463.flac,spoof,A07
T_0000005088,C:\Users\walia\Downloads\flac_T_aa\flac_T\T_0000005088.flac,bonafide,bonafide
T_0000004823,C:\Users\walia\Downloads\flac_T_aa\flac_T\T_0000004823.flac,bonafide,bonafide
T_0000032572,C:\Users\walia\Downloads\flac_T_aa\flac_T\T_0000032572.flac,bonafide,bonafide
T_0000025851,C:\Users\walia\Downloads\flac_T_aa\flac_T\T_0000025851.flac,bonafide,bonafide
T_0000013116,C:\Users\walia\Downloads\flac_T_aa\flac_T\T_0000013116.flac,bonafide,bonafide
T_0000029221,C:\Users\walia\Downloads\flac_T_aa\flac_T\T_0000029221.flac,bonafide,bonafide
T_0000012067,C:\Users\walia\Downloads\flac_T_aa\flac_T\T_0000012067.flac,spoof,A04
T_0000007490,C:\Users\walia\Downloads\flac_T_aa\flac_T\T_0000007490.flac,bonafide,bonafide
T_0000035335,C:\Users\walia\Downloads\flac_T_aa\flac_T\T_0000035335.flac,spoof,A04
T_0000023761,C:\Users\walia\Downloads\flac_T_aa\flac_T\T_0000023761.flac,spoof,A02
T_0000025385,C:\Users\walia\Downloads\flac_T_aa\flac_T\T_0000025385.flac,bonafide,bonafide
T_0000001542,C:\Users\walia\Downloads\flac_T_aa\flac_T\T_0000001542.flac,spoof,A01
T_0000016266,C:\Users\walia\Downloads\flac_T_aa\flac_T\T_0000016266.flac,spoof,A08
T_0000023134,C:\Users\walia\Downloads\flac_T_aa\flac_T\T_0000023134.flac,bonafide,bonafide
T_0000034744,C:\Users\walia\Downloads\flac_T_aa\flac_T\T_0000034744.flac,bonafide,bonafide
T_0000030353,C:\Users\walia\Downloads\flac_T_aa\flac_T\T_0000030353.flac,spoof,A06
T_0000031620,C:\Users\walia\Downloads\flac_T_aa\flac_T\T_0000031620.flac,bonafide,bonafide
T_0000016794,C:\Users\walia\Downloads\flac_T_aa\flac_T\T_0000016794.flac,spoof,A05
T_0000027931,C:\Users\walia\Downloads\flac_T_aa\flac_T\T_0000027931.flac,spoof,A04
T_0000018788,C:\Users\walia\Downloads\flac_T_aa\flac_T\T_0000018788.flac,spoof,A06
T_0000006902,C:\Users\walia\Downloads\flac_T_aa\flac_T\T_0000006902.flac,bonafide,bonafide
T_0000021380,C:\Users\walia\Downloads\flac_T_aa\flac_T\T_0000021380.flac,spoof,A02
T_0000032151,C:\Users\walia\Downloads\flac_T_aa\flac_T\T_0000032151.flac,bonafide,bonafide
T_0000018957,C:\Users\walia\Downloads\flac_T_aa\flac_T\T_0000018957.flac,spoof,A04
T_0000029468,C:\Users\walia\Downloads\flac_T_aa\flac_T\T_0000029468.flac,bonafide,bonafide
T_0000032909,C:\Users\walia\Downloads\flac_T_aa\flac_T\T_0000032909.flac,bonafide,bonafide
T_0000029021,C:\Users\walia\Downloads\flac_T_aa\flac_T\T_0000029021.flac,bonafide,bonafide
T_0000034103,C:\Users\walia\Downloads\flac_T_aa\flac_T\T_0000034103.flac,spoof,A03
T_0000007910,C:\Users\walia\Downloads\flac_T_aa\flac_T\T_0000007910.flac,bonafide,bonafide
T_0000023686,C:\Users\walia\Downloads\flac_T_aa\flac_T\T_0000023686.flac,bonafide,bonafide
T_0000023724,C:\Users\walia\Downloads\flac_T_aa\flac_T\T_0000023724.flac,bonafide,bonafide
T_0000021484,C:\Users\walia\Downloads\flac_T_aa\flac_T\T_0000021484.flac,bonafide,bonafide
T_0000036298,C:\Users\walia\Downloads\flac_T_aa\flac_T\T_0000036298.flac,bonafide,bonafide
T_0000010842,C:\Users\walia\Downloads\flac_T_aa\flac_T\T_0000010842.flac,spoof,A02
T_0000033439,C:\Users\walia\Downloads\flac_T_aa\flac_T\T_0000033439.flac,spoof,A04
T_0000025369,C:\Users\walia\Downloads\flac_T_aa\flac_T\T_0000025369.flac,spoof,A07
T_0000017476,C:\Users\walia\Downloads\flac_T_aa\flac_T\T_0000017476.flac,spoof,A08
T_0000000976,C:\Users\walia\Downloads\flac_T_aa\flac_T\T_0000000976.flac,spoof,A06
T_0000005603,C:\Users\walia\Downloads\flac_T_aa\flac_T\T_0000005603.flac,spoof,A08
T_0000031791,C:\Users\walia\Downloads\flac_T_aa\flac_T\T_0000031791.flac,spoof,A04
T_0000025173,C:\Users\walia\Downloads\flac_T_aa\flac_T\T_0000025173.flac,bonafide,bonafide
T_0000011762,C:\Users\walia\Downloads\flac_T_aa\flac_T\T_0000011762.flac,bonafide,bonafide
T_0000014535,C:\Users\walia\Downloads\flac_T_aa\flac_T\T_0000014535.flac,bonafide,bonafide
T_0000017951,C:\Users\walia\Downloads\flac_T_aa\flac_T\T_0000017951.flac,spoof,A08
T_0000026326,C:\Users\walia\Downloads\flac_T_aa\flac_T\T_0000026326.flac,bonafide,bonafide
T_0000008572,C:\Users\walia\Downloads\flac_T_aa\flac_T\T_0000008572.flac,spoof,A03
T_0000003694,C:\Users\walia\Downloads\flac_T_aa\flac_T\T_0000003694.flac,bonafide,bonafide
T_0000009577,C:\Users\walia\Downloads\flac_T_aa\flac_T\T_0000009577.flac,bonafide,bonafide
T_0000008839,C:\Users\walia\Downloads\flac_T_aa\flac_T\T_0000008839.flac,bonafide,bonafide
T_0000036290,C:\Users\walia\Downloads\flac_T_aa\flac_T\T_0000036290.flac,bonafide,bonafide
T_0000009300,C:\Users\walia\Downloads\flac_T_aa\flac_T\T_0000009300.flac,bonafide,bonafide
T_0000007144,C:\Users\walia\Downloads\flac_T_aa\flac_T\T_0000007144.flac,bonafide,bonafide
T_0000003184,C:\Users\walia\Downloads\flac_T_aa\flac_T\T_0000003184.flac,spoof,A08
T_0000024284,C:\Users\walia\Downloads\flac_T_aa\flac_T\T_0000024284.flac,spoof,A07
T_0000024558,C:\Users\walia\Downloads\flac_T_aa\flac_T\T_0000024558.flac,spoof,A03
T_0000012079,C:\Users\walia\Downloads\flac_T_aa\flac_T\T_0000012079.flac,spoof,A04
T_0000035926,C:\Users\walia\Downloads\flac_T_aa\flac_T\T_0000035926.flac,spoof,A02
T_0000035995,C:\Users\walia\Downloads\flac_T_aa\flac_T\T_0000035995.flac,bonafide,bonafide
T_0000029721,C:\Users\walia\Downloads\flac_T_aa\flac_T\T_0000029721.flac,spoof,A03
T_0000003289,C:\Users\walia\Downloads\flac_T_aa\flac_T\T_0000003289.flac,spoof,A08
T_0000030221,C:\Users\walia\Downloads\flac_T_aa\flac_T\T_0000030221.flac,spoof,A05
T_0000026679,C:\Users\walia\Downloads\flac_T_aa\flac_T\T_0000026679.flac,bonafide,bonafide
T_0000016742,C:\Users\walia\Downloads\flac_T_aa\flac_T\T_0000016742.flac,bonafide,bonafide
T_0000004020,C:\Users\walia\Downloads\flac_T_aa\flac_T\T_0000004020.flac,spoof,A06
T_0000035718,C:\Users\walia\Downloads\flac_T_aa\flac_T\T_0000035718.flac,spoof,A04
T_0000021082,C:\Users\walia\Downloads\flac_T_aa\flac_T\T_0000021082.flac,spoof,A06
T_0000034613,C:\Users\walia\Downloads\flac_T_aa\flac_T\T_0000034613.flac,spoof,A06
T_0000015206,C:\Users\walia\Downloads\flac_T_aa\flac_T\T_0000015206.flac,spoof,A05
T_0000010024,C:\Users\walia\Downloads\flac_T_aa\flac_T\T_0000010024.flac,spoof,A02
T_0000023909,C:\Users\walia\Downloads\flac_T_aa\flac_T\T_0000023909.flac,spoof,A01
T_0000013086,C:\Users\walia\Downloads\flac_T_aa\flac_T\T_0000013086.flac,spoof,A05
T_0000014922,C:\Users\walia\Downloads\flac_T_aa\flac_T\T_0000014922.flac,spoof,A06
T_0000015345,C:\Users\walia\Downloads\flac_T_aa\flac_T\T_0000015345.flac,spoof,A08
T_0000019278,C:\Users\walia\Downloads\flac_T_aa\flac_T\T_0000019278.flac,spoof,A04
T_0000020411,C:\Users\walia\Downloads\flac_T_aa\flac_T\T_0000020411.flac,spoof,A05
T_0000028770,C:\Users\walia\Downloads\flac_T_aa\flac_T\T_0000028770.flac,spoof,A01
T_0000006594,C:\Users\walia\Downloads\flac_T_aa\flac_T\T_0000006594.flac,bonafide,bonafide
T_0000021047,C:\Users\walia\Downloads\flac_T_aa\flac_T\T_0000021047.flac,bonafide,bonafide
T_0000002377,C:\Users\walia\Downloads\flac_T_aa\flac_T\T_0000002377.flac,spoof,A08
T_0000032264,C:\Users\walia\Downloads\flac_T_aa\flac_T\T_0000032264.flac,bonafide,bonafide
T_0000019360,C:\Users\walia\Downloads\flac_T_aa\flac_T\T_0000019360.flac,bonafide,bonafide
T_0000019862,C:\Users\walia\Downloads\flac_T_aa\flac_T\T_0000019862.flac,spoof,A06
T_0000015129,C:\Users\walia\Downloads\flac_T_aa\flac_T\T_0000015129.flac,spoof,A07
T_0000036311,C:\Users\walia\Downloads\flac_T_aa\flac_T\T_0000036311.flac,spoof,A02
T_0000034009,C:\Users\walia\Downloads\flac_T_aa\flac_T\T_0000034009.flac,bonafide,bonafide
T_0000017300,C:\Users\walia\Downloads\flac_T_aa\flac_T\T_0000017300.flac,bonafide,bonafide
T_0000014977,C:\Users\walia\Downloads\flac_T_aa\flac_T\T_0000014977.flac,bonafide,bonafide
T_0000010030,C:\Users\walia\Downloads\flac_T_aa\flac_T\T_0000010030.flac,spoof,A07
T_0000034323,C:\Users\walia\Downloads\flac_T_aa\flac_T\T_0000034323.flac,bonafide,bonafide
T_0000015685,C:\Users\walia\Downloads\flac_T_aa\flac_T\T_0000015685.flac,spoof,A08
T_0000016952,C:\Users\walia\Downloads\flac_T_aa\flac_T\T_0000016952.flac,spoof,A06
T_0000001412,C:\Users\walia\Downloads\flac_T_aa\flac_T\T_0000001412.flac,spoof,A06
T_0000003977,C:\Users\walia\Downloads\flac_T_aa\flac_T\T_0000003977.flac,spoof,A01
T_0000008338,C:\Users\walia\Downloads\flac_T_aa\flac_T\T_0000008338.flac,bonafide,bonafide
T_0000004255,C:\Users\walia\Downloads\flac_T_aa\flac_T\T_0000004255.flac,bonafide,bonafide
T_0000027552,C:\Users\walia\Downloads\flac_T_aa\flac_T\T_0000027552.flac,bonafide,bonafide
T_0000025649,C:\Users\walia\Downloads\flac_T_aa\flac_T\T_0000025649.flac,spoof,A06
T_0000025740,C:\Users\walia\Downloads\flac_T_aa\flac_T\T_0000025740.flac,spoof,A03
T_0000021618,C:\Users\walia\Downloads\flac_T_aa\flac_T\T_0000021618.flac,bonafide,bonafide
T_0000013586,C:\Users\walia\Downloads\flac_T_aa\flac_T\T_0000013586.flac,bonafide,bonafide
T_0000013718,C:\Users\walia\Downloads\flac_T_aa\flac_T\T_0000013718.flac,bonafide,bonafide
T_0000021124,C:\Users\walia\Downloads\flac_T_aa\flac_T\T_0000021124.flac,bonafide,bonafide
T_0000016972,C:\Users\walia\Downloads\flac_T_aa\flac_T\T_0000016972.flac,bonafide,bonafide
T_0000022040,C:\Users\walia\Downloads\flac_T_aa\flac_T\T_0000022040.flac,bonafide,bonafide
T_0000002918,C:\Users\walia\Downloads\flac_T_aa\flac_T\T_0000002918.flac,spoof,A01
T_0000014680,C:\Users\walia\Downloads\flac_T_aa\flac_T\T_0000014680.flac,bonafide,bonafide
T_0000002322,C:\Users\walia\Downloads\flac_T_aa\flac_T\T_0000002322.flac,bonafide,bonafide
T_0000016693,C:\Users\walia\Downloads\flac_T_aa\flac_T\T_0000016693.flac,spoof,A01
T_0000012291,C:\Users\walia\Downloads\flac_T_aa\flac_T\T_0000012291.flac,bonafide,bonafide
T_0000001064,C:\Users\walia\Downloads\flac_T_aa\flac_T\T_0000001064.flac,bonafide,bonafide
T_0000017487,C:\Users\walia\Downloads\flac_T_aa\flac_T\T_0000017487.flac,spoof,A01
T_0000013290,C:\Users\walia\Downloads\flac_T_aa\flac_T\T_0000013290.flac,bonafide,bonafide
T_0000006843,C:\Users\walia\Downloads\flac_T_aa\flac_T\T_0000006843.flac,spoof,A05
T_0000013409,C:\Users\walia\Downloads\flac_T_aa\flac_T\T_0000013409.flac,bonafide,bonafide
T_0000031860,C:\Users\walia\Downloads\flac_T_aa\flac_T\T_0000031860.flac,spoof,A01
T_0000010899,C:\Users\walia\Downloads\flac_T_aa\flac_T\T_0000010899.flac,bonafide,bonafide
T_0000025360,C:\Users\walia\Downloads\flac_T_aa\flac_T\T_0000025360.flac,bonafide,bonafide
T_0000022050,C:\Users\walia\Downloads\flac_T_aa\flac_T\T_0000022050.flac,bonafide,bonafide
T_0000019966,C:\Users\walia\Downloads\flac_T_aa\flac_T\T_0000019966.flac,spoof,A07
T_0000027382,C:\Users\walia\Downloads\flac_T_aa\flac_T\T_0000027382.flac,bonafide,bonafide
T_0000021471,C:\Users\walia\Downloads\flac_T_aa\flac_T\T_0000021471.flac,bonafide,bonafide
T_0000022773,C:\Users\walia\Downloads\flac_T_aa\flac_T\T_0000022773.flac,bonafide,bonafide
T_0000025246,C:\Users\walia\Downloads\flac_T_aa\flac_T\T_0000025246.flac,bonafide,bonafide
T_0000012730,C:\Users\walia\Downloads\flac_T_aa\flac_T\T_0000012730.flac,bonafide,bonafide
T_0000006052,C:\Users\walia\Downloads\flac_T_aa\flac_T\T_0000006052.flac,bonafide,bonafide
T_0000016262,C:\Users\walia\Downloads\flac_T_aa\flac_T\T_0000016262.flac,bonafide,bonafide
T_0000031649,C:\Users\walia\Downloads\flac_T_aa\flac_T\T_0000031649.flac,spoof,A04
T_0000034086,C:\Users\walia\Downloads\flac_T_aa\flac_T\T_0000034086.flac,spoof,A01
T_0000027889,C:\Users\walia\Downloads\flac_T_aa\flac_T\T_0000027889.flac,spoof,A07
T_0000006679,C:\Users\walia\Downloads\flac_T_aa\flac_T\T_0000006679.flac,bonafide,bonafide
T_0000014628,C:\Users\walia\Downloads\flac_T_aa\flac_T\T_0000014628.flac,bonafide,bonafide
T_0000010953,C:\Users\walia\Downloads\flac_T_aa\flac_T\T_0000010953.flac,spoof,A04
T_0000009007,C:\Users\walia\Downloads\flac_T_aa\flac_T\T_0000009007.flac,bonafide,bonafide
T_0000008490,C:\Users\walia\Downloads\flac_T_aa\flac_T\T_0000008490.flac,bonafide,bonafide
T_0000027684,C:\Users\walia\Downloads\flac_T_aa\flac_T\T_0000027684.flac,bonafide,bonafide
T_0000030212,C:\Users\walia\Downloads\flac_T_aa\flac_T\T_0000030212.flac,spoof,A07
T_0000020414,C:\Users\walia\Downloads\flac_T_aa\flac_T\T_0000020414.flac,bonafide,bonafide
T_0000022505,C:\Users\walia\Downloads\flac_T_aa\flac_T\T_0000022505.flac,spoof,A02
T_0000027841,C:\Users\walia\Downloads\flac_T_aa\flac_T\T_0000027841.flac,bonafide,bonafide
T_0000036240,C:\Users\walia\Downloads\flac_T_aa\flac_T\T_0000036240.flac,bonafide,bonafide
T_0000014072,C:\Users\walia\Downloads\flac_T_aa\flac_T\T_0000014072.flac,spoof,A04
T_0000030572,C:\Users\walia\Downloads\flac_T_aa\flac_T\T_0000030572.flac,bonafide,bonafide
T_0000009756,C:\Users\walia\Downloads\flac_T_aa\flac_T\T_0000009756.flac,bonafide,bonafide
T_0000014025,C:\Users\walia\Downloads\flac_T_aa\flac_T\T_0000014025.flac,spoof,A01
T_0000013398,C:\Users\walia\Downloads\flac_T_aa\flac_T\T_0000013398.flac,bonafide,bonafide
T_0000013992,C:\Users\walia\Downloads\flac_T_aa\flac_T\T_0000013992.flac,spoof,A05
T_0000035622,C:\Users\walia\Downloads\flac_T_aa\flac_T\T_0000035622.flac,bonafide,bonafide
T_0000025840,C:\Users\walia\Downloads\flac_T_aa\flac_T\T_0000025840.flac,bonafide,bonafide
T_0000023693,C:\Users\walia\Downloads\flac_T_aa\flac_T\T_0000023693.flac,bonafide,bonafide
T_0000030252,C:\Users\walia\Downloads\flac_T_aa\flac_T\T_0000030252.flac,spoof,A02
T_0000036030,C:\Users\walia\Downloads\flac_T_aa\flac_T\T_0000036030.flac,bonafide,bonafide
T_0000035946,C:\Users\walia\Downloads\flac_T_aa\flac_T\T_0000035946.flac,spoof,A03
T_0000008536,C:\Users\walia\Downloads\flac_T_aa\flac_T\T_0000008536.flac,spoof,A04
T_0000003728,C:\Users\walia\Downloads\flac_T_aa\flac_T\T_0000003728.flac,spoof,A02
T_0000024287,C:\Users\walia\Downloads\flac_T_aa\flac_T\T_0000024287.flac,bonafide,bonafide
T_0000017154,C:\Users\walia\Downloads\flac_T_aa\flac_T\T_0000017154.flac,spoof,A06
T_0000031795,C:\Users\walia\Downloads\flac_T_aa\flac_T\T_0000031795.flac,bonafide,bonafide
T_0000032818,C:\Users\walia\Downloads\flac_T_aa\flac_T\T_0000032818.flac,spoof,A01
T_0000003578,C:\Users\walia\Downloads\flac_T_aa\flac_T\T_0000003578.flac,bonafide,bonafide
T_0000001807,C:\Users\walia\Downloads\flac_T_aa\flac_T\T_0000001807.flac,bonafide,bonafide
T_0000016626,C:\Users\walia\Downloads\flac_T_aa\flac_T\T_0000016626.flac,bonafide,bonafide
T_0000025143,C:\Users\walia\Downloads\flac_T_aa\flac_T\T_0000025143.flac,bonafide,bonafide
T_0000023741,C:\Users\walia\Downloads\flac_T_aa\flac_T\T_0000023741.flac,spoof,A08
T_0000027920,C:\Users\walia\Downloads\flac_T_aa\flac_T\T_0000027920.flac,spoof,A06
T_0000008314,C:\Users\walia\Downloads\flac_T_aa\flac_T\T_0000008314.flac,bonafide,bonafide
T_0000027775,C:\Users\walia\Downloads\flac_T_aa\flac_T\T_0000027775.flac,spoof,A03
T_0000005287,C:\Users\walia\Downloads\flac_T_aa\flac_T\T_0000005287.flac,bonafide,bonafide
T_0000029378,C:\Users\walia\Downloads\flac_T_aa\flac_T\T_0000029378.flac,spoof,A02
T_0000030258,C:\Users\walia\Downloads\flac_T_aa\flac_T\T_0000030258.flac,bonafide,bonafide
T_0000000761,C:\Users\walia\Downloads\flac_T_aa\flac_T\T_0000000761.flac,bonafide,bonafide
T_0000036141,C:\Users\walia\Downloads\flac_T_aa\flac_T\T_0000036141.flac,spoof,A07
T_0000020561,C:\Users\walia\Downloads\flac_T_aa\flac_T\T_0000020561.flac,spoof,A08
T_0000020258,C:\Users\walia\Downloads\flac_T_aa\flac_T\T_0000020258.flac,spoof,A05
T_0000021953,C:\Users\walia\Downloads\flac_T_aa\flac_T\T_0000021953.flac,bonafide,bonafide
T_0000008866,C:\Users\walia\Downloads\flac_T_aa\flac_T\T_0000008866.flac,bonafide,bonafide
T_0000009907,C:\Users\walia\Downloads\flac_T_aa\flac_T\T_0000009907.flac,spoof,A02
T_0000011821,C:\Users\walia\Downloads\flac_T_aa\flac_T\T_0000011821.flac,spoof,A06
T_0000005674,C:\Users\walia\Downloads\flac_T_aa\flac_T\T_0000005674.flac,bonafide,bonafide
T_0000021048,C:\Users\walia\Downloads\flac_T_aa\flac_T\T_0000021048.flac,bonafide,bonafide
T_0000000592,C:\Users\walia\Downloads\flac_T_aa\flac_T\T_0000000592.flac,bonafide,bonafide
T_0000034058,C:\Users\walia\Downloads\flac_T_aa\flac_T\T_0000034058.flac,bonafide,bonafide
T_0000035281,C:\Users\walia\Downloads\flac_T_aa\flac_T\T_0000035281.flac,bonafide,bonafide
T_0000023366,C:\Users\walia\Downloads\flac_T_aa\flac_T\T_0000023366.flac,spoof,A06
T_0000008933,C:\Users\walia\Downloads\flac_T_aa\flac_T\T_0000008933.flac,spoof,A03
T_0000025880,C:\Users\walia\Downloads\flac_T_aa\flac_T\T_0000025880.flac,bonafide,bonafide
T_0000022690,C:\Users\walia\Downloads\flac_T_aa\flac_T\T_0000022690.flac,bonafide,bonafide
T_0000016046,C:\Users\walia\Downloads\flac_T_aa\flac_T\T_0000016046.flac,bonafide,bonafide
T_0000018043,C:\Users\walia\Downloads\flac_T_aa\flac_T\T_0000018043.flac,bonafide,bonafide
T_0000026144,C:\Users\walia\Downloads\flac_T_aa\flac_T\T_0000026144.flac,spoof,A02
T_0000016122,C:\Users\walia\Downloads\flac_T_aa\flac_T\T_0000016122.flac,spoof,A01
T_0000033098,C:\Users\walia\Downloads\flac_T_aa\flac_T\T_0000033098.flac,spoof,A08
T_0000012003,C:\Users\walia\Downloads\flac_T_aa\flac_T\T_0000012003.flac,spoof,A02
T_0000003639,C:\Users\walia\Downloads\flac_T_aa\flac_T\T_0000003639.flac,bonafide,bonafide
T_0000017512,C:\Users\walia\Downloads\flac_T_aa\flac_T\T_0000017512.flac,spoof,A04
T_0000019089,C:\Users\walia\Downloads\flac_T_aa\flac_T\T_0000019089.flac,bonafide,bonafide
T_0000036012,C:\Users\walia\Downloads\flac_T_aa\flac_T\T_0000036012.flac,bonafide,bonafide
T_0000034406,C:\Users\walia\Downloads\flac_T_aa\flac_T\T_0000034406.flac,spoof,A06
T_0000006879,C:\Users\walia\Downloads\flac_T_aa\flac_T\T_0000006879.flac,bonafide,bonafide
T_0000022304,C:\Users\walia\Downloads\flac_T_aa\flac_T\T_0000022304.flac,spoof,A08
T_0000011504,C:\Users\walia\Downloads\flac_T_aa\flac_T\T_0000011504.flac,spoof,A04
T_0000031391,C:\Users\walia\Downloads\flac_T_aa\flac_T\T_0000031391.flac,bonafide,bonafide
T_0000031525,C:\Users\walia\Downloads\flac_T_aa\flac_T\T_0000031525.flac,bonafide,bonafide
T_0000030313,C:\Users\walia\Downloads\flac_T_aa\flac_T\T_0000030313.flac,bonafide,bonafide
T_0000008703,C:\Users\walia\Downloads\flac_T_aa\flac_T\T_0000008703.flac,spoof,A07
T_0000030986,C:\Users\walia\Downloads\flac_T_aa\flac_T\T_0000030986.flac,spoof,A03
T_0000005858,C:\Users\walia\Downloads\flac_T_aa\flac_T\T_0000005858.flac,bonafide,bonafide
T_0000027449,C:\Users\walia\Downloads\flac_T_aa\flac_T\T_0000027449.flac,spoof,A01
T_0000006835,C:\Users\walia\Downloads\flac_T_aa\flac_T\T_0000006835.flac,spoof,A07
T_0000011987,C:\Users\walia\Downloads\flac_T_aa\flac_T\T_0000011987.flac,spoof,A08
T_0000017571,C:\Users\walia\Downloads\flac_T_aa\flac_T\T_0000017571.flac,bonafide,bonafide
T_0000030894,C:\Users\walia\Downloads\flac_T_aa\flac_T\T_0000030894.flac,bonafide,bonafide
T_0000029759,C:\Users\walia\Downloads\flac_T_aa\flac_T\T_0000029759.flac,spoof,A06
T_0000016393,C:\Users\walia\Downloads\flac_T_aa\flac_T\T_0000016393.flac,bonafide,bonafide
T_0000022712,C:\Users\walia\Downloads\flac_T_aa\flac_T\T_0000022712.flac,spoof,A06
T_0000025214,C:\Users\walia\Downloads\flac_T_aa\flac_T\T_0000025214.flac,spoof,A03
T_0000013403,C:\Users\walia\Downloads\flac_T_aa\flac_T\T_0000013403.flac,bonafide,bonafide
T_0000013815,C:\Users\walia\Downloads\flac_T_aa\flac_T\T_0000013815.flac,spoof,A07
T_0000035571,C:\Users\walia\Downloads\flac_T_aa\flac_T\T_0000035571.flac,bonafide,bonafide
T_0000022625,C:\Users\walia\Downloads\flac_T_aa\flac_T\T_0000022625.flac,spoof,A07
T_0000000922,C:\Users\walia\Downloads\flac_T_aa\flac_T\T_0000000922.flac,bonafide,bonafide
T_0000022061,C:\Users\walia\Downloads\flac_T_aa\flac_T\T_0000022061.flac,bonafide,bonafide
T_0000013206,C:\Users\walia\Downloads\flac_T_aa\flac_T\T_0000013206.flac,bonafide,bonafide
T_0000007437,C:\Users\walia\Downloads\flac_T_aa\flac_T\T_0000007437.flac,spoof,A01
T_0000018822,C:\Users\walia\Downloads\flac_T_aa\flac_T\T_0000018822.flac,bonafide,bonafide
T_0000030443,C:\Users\walia\Downloads\flac_T_aa\flac_T\T_0000030443.flac,spoof,A03
T_0000028184,C:\Users\walia\Downloads\flac_T_aa\flac_T\T_0000028184.flac,bonafide,bonafide
T_0000021096,C:\Users\walia\Downloads\flac_T_aa\flac_T\T_0000021096.flac,bonafide,bonafide
T_0000001489,C:\Users\walia\Downloads\flac_T_aa\flac_T\T_0000001489.flac,spoof,A02
T_0000030817,C:\Users\walia\Downloads\flac_T_aa\flac_T\T_0000030817.flac,spoof,A03
T_0000012826,C:\Users\walia\Downloads\flac_T_aa\flac_T\T_0000012826.flac,bonafide,bonafide
T_0000004499,C:\Users\walia\Downloads\flac_T_aa\flac_T\T_0000004499.flac,spoof,A01
T_0000022357,C:\Users\walia\Downloads\flac_T_aa\flac_T\T_0000022357.flac,spoof,A05
T_0000023904,C:\Users\walia\Downloads\flac_T_aa\flac_T\T_0000023904.flac,spoof,A03
T_0000007904,C:\Users\walia\Downloads\flac_T_aa\flac_T\T_0000007904.flac,bonafide,bonafide
T_0000031824,C:\Users\walia\Downloads\flac_T_aa\flac_T\T_0000031824.flac,spoof,A02
T_0000013320,C:\Users\walia\Downloads\flac_T_aa\flac_T\T_0000013320.flac,spoof,A03
T_0000034770,C:\Users\walia\Downloads\flac_T_aa\flac_T\T_0000034770.flac,spoof,A08
T_0000024717,C:\Users\walia\Downloads\flac_T_aa\flac_T\T_0000024717.flac,spoof,A04
T_0000006146,C:\Users\walia\Downloads\flac_T_aa\flac_T\T_0000006146.flac,bonafide,bonafide
T_0000001427,C:\Users\walia\Downloads\flac_T_aa\flac_T\T_0000001427.flac,bonafide,bonafide
T_0000000124,C:\Users\walia\Downloads\flac_T_aa\flac_T\T_0000000124.flac,bonafide,bonafide
T_0000004327,C:\Users\walia\Downloads\flac_T_aa\flac_T\T_0000004327.flac,spoof,A07
T_0000020297,C:\Users\walia\Downloads\flac_T_aa\flac_T\T_0000020297.flac,bonafide,bonafide
T_0000005734,C:\Users\walia\Downloads\flac_T_aa\flac_T\T_0000005734.flac,spoof,A08
T_0000016488,C:\Users\walia\Downloads\flac_T_aa\flac_T\T_0000016488.flac,spoof,A03
T_0000003422,C:\Users\walia\Downloads\flac_T_aa\flac_T\T_0000003422.flac,spoof,A07
T_0000014391,C:\Users\walia\Downloads\flac_T_aa\flac_T\T_0000014391.flac,bonafide,bonafide
T_0000001646,C:\Users\walia\Downloads\flac_T_aa\flac_T\T_0000001646.flac,bonafide,bonafide
T_0000020358,C:\Users\walia\Downloads\flac_T_aa\flac_T\T_0000020358.flac,spoof,A05
T_0000025848,C:\Users\walia\Downloads\flac_T_aa\flac_T\T_0000025848.flac,bonafide,bonafide
T_0000014979,C:\Users\walia\Downloads\flac_T_aa\flac_T\T_0000014979.flac,bonafide,bonafide
T_0000017241,C:\Users\walia\Downloads\flac_T_aa\flac_T\T_0000017241.flac,spoof,A01
T_0000016673,C:\Users\walia\Downloads\flac_T_aa\flac_T\T_0000016673.flac,bonafide,bonafide
T_0000019860,C:\Users\walia\Downloads\flac_T_aa\flac_T\T_0000019860.flac,spoof,A03
T_0000003535,C:\Users\walia\Downloads\flac_T_aa\flac_T\T_0000003535.flac,bonafide,bonafide
T_0000032656,C:\Users\walia\Downloads\flac_T_aa\flac_T\T_0000032656.flac,bonafide,bonafide
T_0000028564,C:\Users\walia\Downloads\flac_T_aa\flac_T\T_0000028564.flac,spoof,A07
T_0000002971,C:\Users\walia\Downloads\flac_T_aa\flac_T\T_0000002971.flac,bonafide,bonafide
T_0000015796,C:\Users\walia\Downloads\flac_T_aa\flac_T\T_0000015796.flac,bonafide,bonafide
T_0000016490,C:\Users\walia\Downloads\flac_T_aa\flac_T\T_0000016490.flac,spoof,A03
T_0000033321,C:\Users\walia\Downloads\flac_T_aa\flac_T\T_0000033321.flac,bonafide,bonafide
T_0000002100,C:\Users\walia\Downloads\flac_T_aa\flac_T\T_0000002100.flac,bonafide,bonafide
T_0000012444,C:\Users\walia\Downloads\flac_T_aa\flac_T\T_0000012444.flac,bonafide,bonafide
T_0000035092,C:\Users\walia\Downloads\flac_T_aa\flac_T\T_0000035092.flac,bonafide,bonafide
T_0000010287,C:\Users\walia\Downloads\flac_T_aa\flac_T\T_0000010287.flac,spoof,A06
T_0000012966,C:\Users\walia\Downloads\flac_T_aa\flac_T\T_0000012966.flac,spoof,A05
T_0000015141,C:\Users\walia\Downloads\flac_T_aa\flac_T\T_0000015141.flac,spoof,A02
T_0000025494,C:\Users\walia\Downloads\flac_T_aa\flac_T\T_0000025494.flac,bonafide,bonafide
T_0000017371,C:\Users\walia\Downloads\flac_T_aa\flac_T\T_0000017371.flac,bonafide,bonafide
T_0000004305,C:\Users\walia\Downloads\flac_T_aa\flac_T\T_0000004305.flac,spoof,A04
T_0000020704,C:\Users\walia\Downloads\flac_T_aa\flac_T\T_0000020704.flac,bonafide,bonafide
T_0000002718,C:\Users\walia\Downloads\flac_T_aa\flac_T\T_0000002718.flac,spoof,A02
T_0000008563,C:\Users\walia\Downloads\flac_T_aa\flac_T\T_0000008563.flac,bonafide,bonafide
T_0000002233,C:\Users\walia\Downloads\flac_T_aa\flac_T\T_0000002233.flac,bonafide,bonafide
T_0000013028,C:\Users\walia\Downloads\flac_T_aa\flac_T\T_0000013028.flac,bonafide,bonafide
T_0000014121,C:\Users\walia\Downloads\flac_T_aa\flac_T\T_0000014121.flac,bonafide,bonafide
T_0000006893,C:\Users\walia\Downloads\flac_T_aa\flac_T\T_0000006893.flac,bonafide,bonafide
T_0000000608,C:\Users\walia\Downloads\flac_T_aa\flac_T\T_0000000608.flac,spoof,A05
T_0000016908,C:\Users\walia\Downloads\flac_T_aa\flac_T\T_0000016908.flac,spoof,A03
T_0000034993,C:\Users\walia\Downloads\flac_T_aa\flac_T\T_0000034993.flac,spoof,A05
T_0000019999,C:\Users\walia\Downloads\flac_T_aa\flac_T\T_0000019999.flac,spoof,A02
T_0000020162,C:\Users\walia\Downloads\flac_T_aa\flac_T\T_0000020162.flac,bonafide,bonafide
T_0000022328,C:\Users\walia\Downloads\flac_T_aa\flac_T\T_0000022328.flac,bonafide,bonafide
T_0000010916,C:\Users\walia\Downloads\flac_T_aa\flac_T\T_0000010916.flac,bonafide,bonafide
T_0000005941,C:\Users\walia\Downloads\flac_T_aa\flac_T\T_0000005941.flac,bonafide,bonafide
T_0000009778,C:\Users\walia\Downloads\flac_T_aa\flac_T\T_0000009778.flac,spoof,A06
T_0000024092,C:\Users\walia\Downloads\flac_T_aa\flac_T\T_0000024092.flac,bonafide,bonafide
T_0000026671,C:\Users\walia\Downloads\flac_T_aa\flac_T\T_0000026671.flac,bonafide,bonafide
T_0000016560,C:\Users\walia\Downloads\flac_T_aa\flac_T\T_0000016560.flac,spoof,A04
T_0000013838,C:\Users\walia\Downloads\flac_T_aa\flac_T\T_0000013838.flac,bonafide,bonafide
T_0000021946,C:\Users\walia\Downloads\flac_T_aa\flac_T\T_0000021946.flac,spoof,A07
T_0000023175,C:\Users\walia\Downloads\flac_T_aa\flac_T\T_0000023175.flac,spoof,A06
T_0000016928,C:\Users\walia\Downloads\flac_T_aa\flac_T\T_0000016928.flac,spoof,A01
T_0000016685,C:\Users\walia\Downloads\flac_T_aa\flac_T\T_0000016685.flac,bonafide,bonafide
T_0000011800,C:\Users\walia\Downloads\flac_T_aa\flac_T\T_0000011800.flac,bonafide,bonafide
T_0000001581,C:\Users\walia\Downloads\flac_T_aa\flac_T\T_0000001581.flac,bonafide,bonafide
T_0000007849,C:\Users\walia\Downloads\flac_T_aa\flac_T\T_0000007849.flac,spoof,A06
T_0000014532,C:\Users\walia\Downloads\flac_T_aa\flac_T\T_0000014532.flac,spoof,A06
T_0000004133,C:\Users\walia\Downloads\flac_T_aa\flac_T\T_0000004133.flac,bonafide,bonafide
T_0000024582,C:\Users\walia\Downloads\flac_T_aa\flac_T\T_0000024582.flac,spoof,A08
T_0000019964,C:\Users\walia\Downloads\flac_T_aa\flac_T\T_0000019964.flac,bonafide,bonafide
T_0000005632,C:\Users\walia\Downloads\flac_T_aa\flac_T\T_0000005632.flac,bonafide,bonafide
T_0000024564,C:\Users\walia\Downloads\flac_T_aa\flac_T\T_0000024564.flac,bonafide,bonafide
T_0000012377,C:\Users\walia\Downloads\flac_T_aa\flac_T\T_0000012377.flac,bonafide,bonafide
T_0000033992,C:\Users\walia\Downloads\flac_T_aa\flac_T\T_0000033992.flac,spoof,A07
T_0000016462,C:\Users\walia\Downloads\flac_T_aa\flac_T\T_0000016462.flac,spoof,A08
T_0000026285,C:\Users\walia\Downloads\flac_T_aa\flac_T\T_0000026285.flac,spoof,A03
T_0000004326,C:\Users\walia\Downloads\flac_T_aa\flac_T\T_0000004326.flac,bonafide,bonafide
T_0000015587,C:\Users\walia\Downloads\flac_T_aa\flac_T\T_0000015587.flac,spoof,A01
T_0000003709,C:\Users\walia\Downloads\flac_T_aa\flac_T\T_0000003709.flac,spoof,A05
T_0000007999,C:\Users\walia\Downloads\flac_T_aa\flac_T\T_0000007999.flac,spoof,A02
T_0000023248,C:\Users\walia\Downloads\flac_T_aa\flac_T\T_0000023248.flac,spoof,A05
T_0000002857,C:\Users\walia\Downloads\flac_T_aa\flac_T\T_0000002857.flac,spoof,A02
T_0000020944,C:\Users\walia\Downloads\flac_T_aa\flac_T\T_0000020944.flac,bonafide,bonafide
T_0000030024,C:\Users\walia\Downloads\flac_T_aa\flac_T\T_0000030024.flac,bonafide,bonafide
T_0000032835,C:\Users\walia\Downloads\flac_T_aa\flac_T\T_0000032835.flac,spoof,A01
T_0000019605,C:\Users\walia\Downloads\flac_T_aa\flac_T\T_0000019605.flac,spoof,A06
T_0000023432,C:\Users\walia\Downloads\flac_T_aa\flac_T\T_0000023432.flac,spoof,A02
T_0000005570,C:\Users\walia\Downloads\flac_T_aa\flac_T\T_0000005570.flac,bonafide,bonafide
T_0000010928,C:\Users\walia\Downloads\flac_T_aa\flac_T\T_0000010928.flac,bonafide,bonafide
T_0000021376,C:\Users\walia\Downloads\flac_T_aa\flac_T\T_0000021376.flac,bonafide,bonafide
T_0000016180,C:\Users\walia\Downloads\flac_T_aa\flac_T\T_0000016180.flac,spoof,A04
T_0000021121,C:\Users\walia\Downloads\flac_T_aa\flac_T\T_0000021121.flac,spoof,A02
T_0000036151,C:\Users\walia\Downloads\flac_T_aa\flac_T\T_0000036151.flac,spoof,A06
T_0000013109,C:\Users\walia\Downloads\flac_T_aa\flac_T\T_0000013109.flac,spoof,A06
T_0000006963,C:\Users\walia\Downloads\flac_T_aa\flac_T\T_0000006963.flac,spoof,A02
T_0000001444,C:\Users\walia\Downloads\flac_T_aa\flac_T\T_0000001444.flac,bonafide,bonafide
T_0000029514,C:\Users\walia\Downloads\flac_T_aa\flac_T\T_0000029514.flac,bonafide,bonafide
T_0000032456,C:\Users\walia\Downloads\flac_T_aa\flac_T\T_0000032456.flac,spoof,A03
T_0000028037,C:\Users\walia\Downloads\flac_T_aa\flac_T\T_0000028037.flac,bonafide,bonafide
T_0000031690,C:\Users\walia\Downloads\flac_T_aa\flac_T\T_0000031690.flac,spoof,A04
T_0000030028,C:\Users\walia\Downloads\flac_T_aa\flac_T\T_0000030028.flac,bonafide,bonafide
T_0000033496,C:\Users\walia\Downloads\flac_T_aa\flac_T\T_0000033496.flac,spoof,A01
T_0000020283,C:\Users\walia\Downloads\flac_T_aa\flac_T\T_0000020283.flac,bonafide,bonafide
T_0000030347,C:\Users\walia\Downloads\flac_T_aa\flac_T\T_0000030347.flac,bonafide,bonafide
T_0000009050,C:\Users\walia\Downloads\flac_T_aa\flac_T\T_0000009050.flac,bonafide,bonafide
T_0000012574,C:\Users\walia\Downloads\flac_T_aa\flac_T\T_0000012574.flac,spoof,A04
T_0000024151,C:\Users\walia\Downloads\flac_T_aa\flac_T\T_0000024151.flac,spoof,A02
T_0000029232,C:\Users\walia\Downloads\flac_T_aa\flac_T\T_0000029232.flac,bonafide,bonafide
T_0000023609,C:\Users\walia\Downloads\flac_T_aa\flac_T\T_0000023609.flac,spoof,A03
T_0000016925,C:\Users\walia\Downloads\flac_T_aa\flac_T\T_0000016925.flac,spoof,A05
T_0000016451,C:\Users\walia\Downloads\flac_T_aa\flac_T\T_0000016451.flac,spoof,A08
T_0000009482,C:\Users\walia\Downloads\flac_T_aa\flac_T\T_0000009482.flac,bonafide,bonafide
T_0000005701,C:\Users\walia\Downloads\flac_T_aa\flac_T\T_0000005701.flac,bonafide,bonafide
T_0000008611,C:\Users\walia\Downloads\flac_T_aa\flac_T\T_0000008611.flac,bonafide,bonafide
T_0000010797,C:\Users\walia\Downloads\flac_T_aa\flac_T\T_0000010797.flac,bonafide,bonafide
T_0000028826,C:\Users\walia\Downloads\flac_T_aa\flac_T\T_0000028826.flac,spoof,A03
T_0000018175,C:\Users\walia\Downloads\flac_T_aa\flac_T\T_0000018175.flac,spoof,A06
T_0000032679,C:\Users\walia\Downloads\flac_T_aa\flac_T\T_0000032679.flac,bonafide,bonafide
T_0000015450,C:\Users\walia\Downloads\flac_T_aa\flac_T\T_0000015450.flac,spoof,A03
T_0000009198,C:\Users\walia\Downloads\flac_T_aa\flac_T\T_0000009198.flac,bonafide,bonafide
T_0000001627,C:\Users\walia\Downloads\flac_T_aa\flac_T\T_0000001627.flac,spoof,A01
T_0000008680,C:\Users\walia\Downloads\flac_T_aa\flac_T\T_0000008680.flac,spoof,A02
T_0000026659,C:\Users\walia\Downloads\flac_T_aa\flac_T\T_0000026659.flac,spoof,A08
T_0000028678,C:\Users\walia\Downloads\flac_T_aa\flac_T\T_0000028678.flac,spoof,A08
T_0000018873,C:\Users\walia\Downloads\flac_T_aa\flac_T\T_0000018873.flac,bonafide,bonafide
T_0000013672,C:\Users\walia\Downloads\flac_T_aa\flac_T\T_0000013672.flac,spoof,A08
T_0000028461,C:\Users\walia\Downloads\flac_T_aa\flac_T\T_0000028461.flac,bonafide,bonafide
T_0000011023,C:\Users\walia\Downloads\flac_T_aa\flac_T\T_0000011023.flac,bonafide,bonafide
T_0000010382,C:\Users\walia\Downloads\flac_T_aa\flac_T\T_0000010382.flac,spoof,A06
T_0000002349,C:\Users\walia\Downloads\flac_T_aa\flac_T\T_0000002349.flac,spoof,A07
T_0000008856,C:\Users\walia\Downloads\flac_T_aa\flac_T\T_0000008856.flac,bonafide,bonafide
T_0000017262,C:\Users\walia\Downloads\flac_T_aa\flac_T\T_0000017262.flac,spoof,A01
T_0000016339,C:\Users\walia\Downloads\flac_T_aa\flac_T\T_0000016339.flac,bonafide,bonafide
T_0000006463,C:\Users\walia\Downloads\flac_T_aa\flac_T\T_0000006463.flac,spoof,A03
T_0000007733,C:\Users\walia\Downloads\flac_T_aa\flac_T\T_0000007733.flac,spoof,A01
T_0000004528,C:\Users\walia\Downloads\flac_T_aa\flac_T\T_0000004528.flac,bonafide,bonafide
T_0000021145,C:\Users\walia\Downloads\flac_T_aa\flac_T\T_0000021145.flac,bonafide,bonafide
T_0000005436,C:\Users\walia\Downloads\flac_T_aa\flac_T\T_0000005436.flac,spoof,A07
T_0000027981,C:\Users\walia\Downloads\flac_T_aa\flac_T\T_0000027981.flac,spoof,A03
T_0000024808,C:\Users\walia\Downloads\flac_T_aa\flac_T\T_0000024808.flac,bonafide,bonafide
T_0000002046,C:\Users\walia\Downloads\flac_T_aa\flac_T\T_0000002046.flac,bonafide,bonafide
T_0000032322,C:\Users\walia\Downloads\flac_T_aa\flac_T\T_0000032322.flac,spoof,A06
T_0000028467,C:\Users\walia\Downloads\flac_T_aa\flac_T\T_0000028467.flac,bonafide,bonafide
T_0000023431,C:\Users\walia\Downloads\flac_T_aa\flac_T\T_0000023431.flac,spoof,A07
T_0000026332,C:\Users\walia\Downloads\flac_T_aa\flac_T\T_0000026332.flac,spoof,A06
T_0000025872,C:\Users\walia\Downloads\flac_T_aa\flac_T\T_0000025872.flac,spoof,A01
T_0000034138,C:\Users\walia\Downloads\flac_T_aa\flac_T\T_0000034138.flac,bonafide,bonafide
T_0000018824,C:\Users\walia\Downloads\flac_T_aa\flac_T\T_0000018824.flac,spoof,A04
T_0000034337,C:\Users\walia\Downloads\flac_T_aa\flac_T\T_0000034337.flac,bonafide,bonafide
T_0000025482,C:\Users\walia\Downloads\flac_T_aa\flac_T\T_0000025482.flac,bonafide,bonafide
T_0000031160,C:\Users\walia\Downloads\flac_T_aa\flac_T\T_0000031160.flac,spoof,A06
T_0000006619,C:\Users\walia\Downloads\flac_T_aa\flac_T\T_0000006619.flac,bonafide,bonafide
T_0000006610,C:\Users\walia\Downloads\flac_T_aa\flac_T\T_0000006610.flac,spoof,A02
T_0000031393,C:\Users\walia\Downloads\flac_T_aa\flac_T\T_0000031393.flac,spoof,A05
T_0000011113,C:\Users\walia\Downloads\flac_T_aa\flac_T\T_0000011113.flac,spoof,A05
T_0000030606,C:\Users\walia\Downloads\flac_T_aa\flac_T\T_0000030606.flac,bonafide,bonafide
T_0000008822,C:\Users\walia\Downloads\flac_T_aa\flac_T\T_0000008822.flac,spoof,A08
T_0000021919,C:\Users\walia\Downloads\flac_T_aa\flac_T\T_0000021919.flac,spoof,A04
T_0000018964,C:\Users\walia\Downloads\flac_T_aa\flac_T\T_0000018964.flac,bonafide,bonafide
T_0000016909,C:\Users\walia\Downloads\flac_T_aa\flac_T\T_0000016909.flac,bonafide,bonafide
T_0000030265,C:\Users\walia\Downloads\flac_T_aa\flac_T\T_0000030265.flac,spoof,A06
T_0000019303,C:\Users\walia\Downloads\flac_T_aa\flac_T\T_0000019303.flac,spoof,A06
T_0000034921,C:\Users\walia\Downloads\flac_T_aa\flac_T\T_0000034921.flac,spoof,A08
T_0000007781,C:\Users\walia\Downloads\flac_T_aa\flac_T\T_0000007781.flac,bonafide,bonafide
T_0000004972,C:\Users\walia\Downloads\flac_T_aa\flac_T\T_0000004972.flac,spoof,A05
T_0000010598,C:\Users\walia\Downloads\flac_T_aa\flac_T\T_0000010598.flac,spoof,A05
T_0000034914,C:\Users\walia\Downloads\flac_T_aa\flac_T\T_0000034914.flac,spoof,A05
T_0000003032,C:\Users\walia\Downloads\flac_T_aa\flac_T\T_0000003032.flac,spoof,A07
T_0000025568,C:\Users\walia\Downloads\flac_T_aa\flac_T\T_0000025568.flac,spoof,A08
T_0000030822,C:\Users\walia\Downloads\flac_T_aa\flac_T\T_0000030822.flac,spoof,A03
T_0000027158,C:\Users\walia\Downloads\flac_T_aa\flac_T\T_0000027158.flac,bonafide,bonafide
T_0000000359,C:\Users\walia\Downloads\flac_T_aa\flac_T\T_0000000359.flac,bonafide,bonafide
T_0000011195,C:\Users\walia\Downloads\flac_T_aa\flac_T\T_0000011195.flac,spoof,A06
T_0000016022,C:\Users\walia\Downloads\flac_T_aa\flac_T\T_0000016022.flac,bonafide,bonafide
T_0000026503,C:\Users\walia\Downloads\flac_T_aa\flac_T\T_0000026503.flac,spoof,A04
T_0000027746,C:\Users\walia\Downloads\flac_T_aa\flac_T\T_0000027746.flac,bonafide,bonafide
T_0000018935,C:\Users\walia\Downloads\flac_T_aa\flac_T\T_0000018935.flac,spoof,A03
T_0000016437,C:\Users\walia\Downloads\flac_T_aa\flac_T\T_0000016437.flac,bonafide,bonafide
T_0000005298,C:\Users\walia\Downloads\flac_T_aa\flac_T\T_0000005298.flac,spoof,A08
T_0000018454,C:\Users\walia\Downloads\flac_T_aa\flac_T\T_0000018454.flac,bonafide,bonafide
T_0000004913,C:\Users\walia\Downloads\flac_T_aa\flac_T\T_0000004913.flac,spoof,A04
T_0000004210,C:\Users\walia\Downloads\flac_T_aa\flac_T\T_0000004210.flac,bonafide,bonafide
T_0000019787,C:\Users\walia\Downloads\flac_T_aa\flac_T\T_0000019787.flac,spoof,A03
T_0000007026,C:\Users\walia\Downloads\flac_T_aa\flac_T\T_0000007026.flac,spoof,A03
T_0000028051,C:\Users\walia\Downloads\flac_T_aa\flac_T\T_0000028051.flac,spoof,A03
T_0000016126,C:\Users\walia\Downloads\flac_T_aa\flac_T\T_0000016126.flac,bonafide,bonafide
T_0000030383,C:\Users\walia\Downloads\flac_T_aa\flac_T\T_0000030383.flac,spoof,A01
T_0000025873,C:\Users\walia\Downloads\flac_T_aa\flac_T\T_0000025873.flac,spoof,A07
T_0000016737,C:\Users\walia\Downloads\flac_T_aa\flac_T\T_0000016737.flac,spoof,A06
T_0000008757,C:\Users\walia\Downloads\flac_T_aa\flac_T\T_0000008757.flac,bonafide,bonafide
T_0000033007,C:\Users\walia\Downloads\flac_T_aa\flac_T\T_0000033007.flac,bonafide,bonafide
T_0000019317,C:\Users\walia\Downloads\flac_T_aa\flac_T\T_0000019317.flac,spoof,A04
T_0000000478,C:\Users\walia\Downloads\flac_T_aa\flac_T\T_0000000478.flac,bonafide,bonafide
T_0000021341,C:\Users\walia\Downloads\flac_T_aa\flac_T\T_0000021341.flac,spoof,A01
T_0000023043,C:\Users\walia\Downloads\flac_T_aa\flac_T\T_0000023043.flac,spoof,A08
T_0000002278,C:\Users\walia\Downloads\flac_T_aa\flac_T\T_0000002278.flac,bonafide,bonafide
T_0000004302,C:\Users\walia\Downloads\flac_T_aa\flac_T\T_0000004302.flac,spoof,A07
T_0000020465,C:\Users\walia\Downloads\flac_T_aa\flac_T\T_0000020465.flac,bonafide,bonafide
T_0000032603,C:\Users\walia\Downloads\flac_T_aa\flac_T\T_0000032603.flac,spoof,A08
T_0000011289,C:\Users\walia\Downloads\flac_T_aa\flac_T\T_0000011289.flac,bonafide,bonafide
T_0000015351,C:\Users\walia\Downloads\flac_T_aa\flac_T\T_0000015351.flac,bonafide,bonafide
T_0000028204,C:\Users\walia\Downloads\flac_T_aa\flac_T\T_0000028204.flac,bonafide,bonafide
T_0000018619,C:\Users\walia\Downloads\flac_T_aa\flac_T\T_0000018619.flac,bonafide,bonafide
T_0000024847,C:\Users\walia\Downloads\flac_T_aa\flac_T\T_0000024847.flac,spoof,A08
T_0000011253,C:\Users\walia\Downloads\flac_T_aa\flac_T\T_0000011253.flac,spoof,A07
T_0000016376,C:\Users\walia\Downloads\flac_T_aa\flac_T\T_0000016376.flac,bonafide,bonafide
T_0000031029,C:\Users\walia\Downloads\flac_T_aa\flac_T\T_0000031029.flac,spoof,A03
T_0000032900,C:\Users\walia\Downloads\flac_T_aa\flac_T\T_0000032900.flac,bonafide,bonafide
T_0000010213,C:\Users\walia\Downloads\flac_T_aa\flac_T\T_0000010213.flac,bonafide,bonafide
T_0000000368,C:\Users\walia\Downloads\flac_T_aa\flac_T\T_0000000368.flac,spoof,A02
T_0000001174,C:\Users\walia\Downloads\flac_T_aa\flac_T\T_0000001174.flac,spoof,A08
T_0000035365,C:\Users\walia\Downloads\flac_T_aa\flac_T\T_0000035365.flac,spoof,A04
T_0000005855,C:\Users\walia\Downloads\flac_T_aa\flac_T\T_0000005855.flac,bonafide,bonafide
T_0000004721,C:\Users\walia\Downloads\flac_T_aa\flac_T\T_0000004721.flac,spoof,A05
T_0000014185,C:\Users\walia\Downloads\flac_T_aa\flac_T\T_0000014185.flac,spoof,A05
T_0000011164,C:\Users\walia\Downloads\flac_T_aa\flac_T\T_0000011164.flac,spoof,A06
T_0000029354,C:\Users\walia\Downloads\flac_T_aa\flac_T\T_0000029354.flac,spoof,A02
T_0000005781,C:\Users\walia\Downloads\flac_T_aa\flac_T\T_0000005781.flac,spoof,A01
T_0000013816,C:\Users\walia\Downloads\flac_T_aa\flac_T\T_0000013816.flac,bonafide,bonafide
T_0000011541,C:\Users\walia\Downloads\flac_T_aa\flac_T\T_0000011541.flac,bonafide,bonafide
T_0000027042,C:\Users\walia\Downloads\flac_T_aa\flac_T\T_0000027042.flac,bonafide,bonafide
T_0000016167,C:\Users\walia\Downloads\flac_T_aa\flac_T\T_0000016167.flac,spoof,A04
T_0000023194,C:\Users\walia\Downloads\flac_T_aa\flac_T\T_0000023194.flac,bonafide,bonafide
T_0000015788,C:\Users\walia\Downloads\flac_T_aa\flac_T\T_0000015788.flac,bonafide,bonafide
T_0000034118,C:\Users\walia\Downloads\flac_T_aa\flac_T\T_0000034118.flac,spoof,A08
T_0000006991,C:\Users\walia\Downloads\flac_T_aa\flac_T\T_0000006991.flac,bonafide,bonafide
T_0000033286,C:\Users\walia\Downloads\flac_T_aa\flac_T\T_0000033286.flac,spoof,A07
T_0000024692,C:\Users\walia\Downloads\flac_T_aa\flac_T\T_0000024692.flac,bonafide,bonafide
T_0000011804,C:\Users\walia\Downloads\flac_T_aa\flac_T\T_0000011804.flac,spoof,A02
T_0000035030,C:\Users\walia\Downloads\flac_T_aa\flac_T\T_0000035030.flac,bonafide,bonafide
T_0000025467,C:\Users\walia\Downloads\flac_T_aa\flac_T\T_0000025467.flac,spoof,A02
T_0000022818,C:\Users\walia\Downloads\flac_T_aa\flac_T\T_0000022818.flac,bonafide,bonafide
T_0000000040,C:\Users\walia\Downloads\flac_T_aa\flac_T\T_0000000040.flac,spoof,A01
T_0000036193,C:\Users\walia\Downloads\flac_T_aa\flac_T\T_0000036193.flac,spoof,A04
T_0000008840,C:\Users\walia\Downloads\flac_T_aa\flac_T\T_0000008840.flac,bonafide,bonafide
T_0000005429,C:\Users\walia\Downloads\flac_T_aa\flac_T\T_0000005429.flac,spoof,A07
T_0000036344,C:\Users\walia\Downloads\flac_T_aa\flac_T\T_0000036344.flac,spoof,A08
T_0000005264,C:\Users\walia\Downloads\flac_T_aa\flac_T\T_0000005264.flac,spoof,A05
T_0000024087,C:\Users\walia\Downloads\flac_T_aa\flac_T\T_0000024087.flac,bonafide,bonafide
T_0000021549,C:\Users\walia\Downloads\flac_T_aa\flac_T\T_0000021549.flac,bonafide,bonafide
T_0000034220,C:\Users\walia\Downloads\flac_T_aa\flac_T\T_0000034220.flac,spoof,A06
T_0000031778,C:\Users\walia\Downloads\flac_T_aa\flac_T\T_0000031778.flac,spoof,A05
T_0000009216,C:\Users\walia\Downloads\flac_T_aa\flac_T\T_0000009216.flac,spoof,A04
T_0000022140,C:\Users\walia\Downloads\flac_T_aa\flac_T\T_0000022140.flac,spoof,A01
T_0000000486,C:\Users\walia\Downloads\flac_T_aa\flac_T\T_0000000486.flac,bonafide,bonafide
T_0000011644,C:\Users\walia\Downloads\flac_T_aa\flac_T\T_0000011644.flac,spoof,A04
T_0000030498,C:\Users\walia\Downloads\flac_T_aa\flac_T\T_0000030498.flac,spoof,A05
T_0000036297,C:\Users\walia\Downloads\flac_T_aa\flac_T\T_0000036297.flac,spoof,A03
T_0000028005,C:\Users\walia\Downloads\flac_T_aa\flac_T\T_0000028005.flac,spoof,A05
T_0000032563,C:\Users\walia\Downloads\flac_T_aa\flac_T\T_0000032563.flac,spoof,A01
T_0000015339,C:\Users\walia\Downloads\flac_T_aa\flac_T\T_0000015339.flac,spoof,A06
T_0000031261,C:\Users\walia\Downloads\flac_T_aa\flac_T\T_0000031261.flac,bonafide,bonafide
T_0000012865,C:\Users\walia\Downloads\flac_T_aa\flac_T\T_0000012865.flac,bonafide,bonafide
T_0000002614,C:\Users\walia\Downloads\flac_T_aa\flac_T\T_0000002614.flac,spoof,A02
T_0000028681,C:\Users\walia\Downloads\flac_T_aa\flac_T\T_0000028681.flac,bonafide,bonafide
T_0000032373,C:\Users\walia\Downloads\flac_T_aa\flac_T\T_0000032373.flac,spoof,A07
T_0000014250,C:\Users\walia\Downloads\flac_T_aa\flac_T\T_0000014250.flac,spoof,A03
T_0000010981,C:\Users\walia\Downloads\flac_T_aa\flac_T\T_0000010981.flac,spoof,A03
T_0000012265,C:\Users\walia\Downloads\flac_T_aa\flac_T\T_0000012265.flac,spoof,A02
T_0000016298,C:\Users\walia\Downloads\flac_T_aa\flac_T\T_0000016298.flac,spoof,A01
T_0000034326,C:\Users\walia\Downloads\flac_T_aa\flac_T\T_0000034326.flac,bonafide,bonafide
T_0000013012,C:\Users\walia\Downloads\flac_T_aa\flac_T\T_0000013012.flac,bonafide,bonafide
T_0000026081,C:\Users\walia\Downloads\flac_T_aa\flac_T\T_0000026081.flac,bonafide,bonafide
T_0000021865,C:\Users\walia\Downloads\flac_T_aa\flac_T\T_0000021865.flac,bonafide,bonafide
T_0000033899,C:\Users\walia\Downloads\flac_T_aa\flac_T\T_0000033899.flac,spoof,A07
T_0000022542,C:\Users\walia\Downloads\flac_T_aa\flac_T\T_0000022542.flac,spoof,A08
T_0000015528,C:\Users\walia\Downloads\flac_T_aa\flac_T\T_0000015528.flac,bonafide,bonafide
T_0000027487,C:\Users\walia\Downloads\flac_T_aa\flac_T\T_0000027487.flac,bonafide,bonafide
T_0000011376,C:\Users\walia\Downloads\flac_T_aa\flac_T\T_0000011376.flac,spoof,A05
T_0000010646,C:\Users\walia\Downloads\flac_T_aa\flac_T\T_0000010646.flac,spoof,A04
T_0000028236,C:\Users\walia\Downloads\flac_T_aa\flac_T\T_0000028236.flac,spoof,A06
T_0000007107,C:\Users\walia\Downloads\flac_T_aa\flac_T\T_0000007107.flac,spoof,A02
T_0000003317,C:\Users\walia\Downloads\flac_T_aa\flac_T\T_0000003317.flac,bonafide,bonafide
T_0000025909,C:\Users\walia\Downloads\flac_T_aa\flac_T\T_0000025909.flac,bonafide,bonafide
T_0000015981,C:\Users\walia\Downloads\flac_T_aa\flac_T\T_0000015981.flac,spoof,A01
T_0000020008,C:\Users\walia\Downloads\flac_T_aa\flac_T\T_0000020008.flac,spoof,A06
T_0000001629,C:\Users\walia\Downloads\flac_T_aa\flac_T\T_0000001629.flac,bonafide,bonafide
T_0000018690,C:\Users\walia\Downloads\flac_T_aa\flac_T\T_0000018690.flac,bonafide,bonafide
T_0000009222,C:\Users\walia\Downloads\flac_T_aa\flac_T\T_0000009222.flac,spoof,A02
T_0000015874,C:\Users\walia\Downloads\flac_T_aa\flac_T\T_0000015874.flac,spoof,A08
T_0000012413,C:\Users\walia\Downloads\flac_T_aa\flac_T\T_0000012413.flac,bonafide,bonafide
T_0000001346,C:\Users\walia\Downloads\flac_T_aa\flac_T\T_0000001346.flac,spoof,A05
T_0000017205,C:\Users\walia\Downloads\flac_T_aa\flac_T\T_0000017205.flac,spoof,A06
T_0000030914,C:\Users\walia\Downloads\flac_T_aa\flac_T\T_0000030914.flac,spoof,A02
T_0000030096,C:\Users\walia\Downloads\flac_T_aa\flac_T\T_0000030096.flac,spoof,A03
T_0000028970,C:\Users\walia\Downloads\flac_T_aa\flac_T\T_0000028970.flac,spoof,A03
T_0000010229,C:\Users\walia\Downloads\flac_T_aa\flac_T\T_0000010229.flac,bonafide,bonafide
T_0000007261,C:\Users\walia\Downloads\flac_T_aa\flac_T\T_0000007261.flac,spoof,A06
T_0000003607,C:\Users\walia\Downloads\flac_T_aa\flac_T\T_0000003607.flac,bonafide,bonafide
T_0000010889,C:\Users\walia\Downloads\flac_T_aa\flac_T\T_0000010889.flac,spoof,A05
T_0000016431,C:\Users\walia\Downloads\flac_T_aa\flac_T\T_0000016431.flac,spoof,A07
T_0000008926,C:\Users\walia\Downloads\flac_T_aa\flac_T\T_0000008926.flac,spoof,A03
T_0000004342,C:\Users\walia\Downloads\flac_T_aa\flac_T\T_0000004342.flac,spoof,A04
T_0000029510,C:\Users\walia\Downloads\flac_T_aa\flac_T\T_0000029510.flac,bonafide,bonafide
T_0000005071,C:\Users\walia\Downloads\flac_T_aa\flac_T\T_0000005071.flac,bonafide,bonafide
T_0000018127,C:\Users\walia\Downloads\flac_T_aa\flac_T\T_0000018127.flac,bonafide,bonafide
T_0000033826,C:\Users\walia\Downloads\flac_T_aa\flac_T\T_0000033826.flac,bonafide,bonafide
T_0000027187,C:\Users\walia\Downloads\flac_T_aa\flac_T\T_0000027187.flac,bonafide,bonafide
T_0000034101,C:\Users\walia\Downloads\flac_T_aa\flac_T\T_0000034101.flac,bonafide,bonafide
T_0000003823,C:\Users\walia\Downloads\flac_T_aa\flac_T\T_0000003823.flac,spoof,A02
T_0000012172,C:\Users\walia\Downloads\flac_T_aa\flac_T\T_0000012172.flac,spoof,A07
T_0000000880,C:\Users\walia\Downloads\flac_T_aa\flac_T\T_0000000880.flac,spoof,A07
T_0000030311,C:\Users\walia\Downloads\flac_T_aa\flac_T\T_0000030311.flac,spoof,A06
T_0000026589,C:\Users\walia\Downloads\flac_T_aa\flac_T\T_0000026589.flac,bonafide,bonafide
T_0000021153,C:\Users\walia\Downloads\flac_T_aa\flac_T\T_0000021153.flac,bonafide,bonafide
T_0000017263,C:\Users\walia\Downloads\flac_T_aa\flac_T\T_0000017263.flac,bonafide,bonafide
T_0000020447,C:\Users\walia\Downloads\flac_T_aa\flac_T\T_0000020447.flac,spoof,A04
T_0000024511,C:\Users\walia\Downloads\flac_T_aa\flac_T\T_0000024511.flac,spoof,A02
T_0000008654,C:\Users\walia\Downloads\flac_T_aa\flac_T\T_0000008654.flac,spoof,A02
T_0000021233,C:\Users\walia\Downloads\flac_T_aa\flac_T\T_0000021233.flac,bonafide,bonafide
T_0000005847,C:\Users\walia\Downloads\flac_T_aa\flac_T\T_0000005847.flac,spoof,A04
T_0000007086,C:\Users\walia\Downloads\flac_T_aa\flac_T\T_0000007086.flac,spoof,A01
T_0000023675,C:\Users\walia\Downloads\flac_T_aa\flac_T\T_0000023675.flac,bonafide,bonafide
T_0000009970,C:\Users\walia\Downloads\flac_T_aa\flac_T\T_0000009970.flac,bonafide,bonafide
T_0000022171,C:\Users\walia\Downloads\flac_T_aa\flac_T\T_0000022171.flac,bonafide,bonafide
T_0000020688,C:\Users\walia\Downloads\flac_T_aa\flac_T\T_0000020688.flac,bonafide,bonafide
T_0000031277,C:\Users\walia\Downloads\flac_T_aa\flac_T\T_0000031277.flac,bonafide,bonafide
T_0000010542,C:\Users\walia\Downloads\flac_T_aa\flac_T\T_0000010542.flac,spoof,A04
T_0000002231,C:\Users\walia\Downloads\flac_T_aa\flac_T\T_0000002231.flac,spoof,A05
T_0000007315,C:\Users\walia\Downloads\flac_T_aa\flac_T\T_0000007315.flac,spoof,A05
T_0000000405,C:\Users\walia\Downloads\flac_T_aa\flac_T\T_0000000405.flac,bonafide,bonafide
T_0000000062,C:\Users\walia\Downloads\flac_T_aa\flac_T\T_0000000062.flac,bonafide,bonafide
T_0000029564,C:\Users\walia\Downloads\flac_T_aa\flac_T\T_0000029564.flac,spoof,A04
T_0000006924,C:\Users\walia\Downloads\flac_T_aa\flac_T\T_0000006924.flac,bonafide,bonafide
T_0000011080,C:\Users\walia\Downloads\flac_T_aa\flac_T\T_0000011080.flac,bonafide,bonafide
T_0000035134,C:\Users\walia\Downloads\flac_T_aa\flac_T\T_0000035134.flac,spoof,A05
T_0000021785,C:\Users\walia\Downloads\flac_T_aa\flac_T\T_0000021785.flac,spoof,A06
T_0000001002,C:\Users\walia\Downloads\flac_T_aa\flac_T\T_0000001002.flac,bonafide,bonafide
T_0000029631,C:\Users\walia\Downloads\flac_T_aa\flac_T\T_0000029631.flac,bonafide,bonafide
T_0000024025,C:\Users\walia\Downloads\flac_T_aa\flac_T\T_0000024025.flac,spoof,A01
T_0000006187,C:\Users\walia\Downloads\flac_T_aa\flac_T\T_0000006187.flac,spoof,A05
T_0000014527,C:\Users\walia\Downloads\flac_T_aa\flac_T\T_0000014527.flac,spoof,A04
T_0000010048,C:\Users\walia\Downloads\flac_T_aa\flac_T\T_0000010048.flac,spoof,A04
T_0000018079,C:\Users\walia\Downloads\flac_T_aa\flac_T\T_0000018079.flac,spoof,A06
T_0000003050,C:\Users\walia\Downloads\flac_T_aa\flac_T\T_0000003050.flac,spoof,A05
T_0000007724,C:\Users\walia\Downloads\flac_T_aa\flac_T\T_0000007724.flac,bonafide,bonafide
T_0000030579,C:\Users\walia\Downloads\flac_T_aa\flac_T\T_0000030579.flac,spoof,A01
T_0000018790,C:\Users\walia\Downloads\flac_T_aa\flac_T\T_0000018790.flac,bonafide,bonafide
T_0000002783,C:\Users\walia\Downloads\flac_T_aa\flac_T\T_0000002783.flac,spoof,A04
T_0000013677,C:\Users\walia\Downloads\flac_T_aa\flac_T\T_0000013677.flac,spoof,A05
T_0000026984,C:\Users\walia\Downloads\flac_T_aa\flac_T\T_0000026984.flac,spoof,A03
T_0000021503,C:\Users\walia\Downloads\flac_T_aa\flac_T\T_0000021503.flac,spoof,A05
T_0000023888,C:\Users\walia\Downloads\flac_T_aa\flac_T\T_0000023888.flac,bonafide,bonafide
T_0000007974,C:\Users\walia\Downloads\flac_T_aa\flac_T\T_0000007974.flac,bonafide,bonafide
T_0000000141,C:\Users\walia\Downloads\flac_T_aa\flac_T\T_0000000141.flac,spoof,A01
T_0000021005,C:\Users\walia\Downloads\flac_T_aa\flac_T\T_0000021005.flac,spoof,A05
T_0000024725,C:\Users\walia\Downloads\flac_T_aa\flac_T\T_0000024725.flac,spoof,A07
T_0000036215,C:\Users\walia\Downloads\flac_T_aa\flac_T\T_0000036215.flac,spoof,A04
T_0000028663,C:\Users\walia\Downloads\flac_T_aa\flac_T\T_0000028663.flac,spoof,A05
T_0000023719,C:\Users\walia\Downloads\flac_T_aa\flac_T\T_0000023719.flac,bonafide,bonafide
T_0000031229,C:\Users\walia\Downloads\flac_T_aa\flac_T\T_0000031229.flac,spoof,A08
T_0000025365,C:\Users\walia\Downloads\flac_T_aa\flac_T\T_0000025365.flac,spoof,A04
T_0000007580,C:\Users\walia\Downloads\flac_T_aa\flac_T\T_0000007580.flac,spoof,A02
T_0000028379,C:\Users\walia\Downloads\flac_T_aa\flac_T\T_0000028379.flac,spoof,A06
T_0000013281,C:\Users\walia\Downloads\flac_T_aa\flac_T\T_0000013281.flac,bonafide,bonafide
T_0000030283,C:\Users\walia\Downloads\flac_T_aa\flac_T\T_0000030283.flac,bonafide,bonafide
T_0000009042,C:\Users\walia\Downloads\flac_T_aa\flac_T\T_0000009042.flac,bonafide,bonafide
T_0000031476,C:\Users\walia\Downloads\flac_T_aa\flac_T\T_0000031476.flac,bonafide,bonafide
T_0000002335,C:\Users\walia\Downloads\flac_T_aa\flac_T\T_0000002335.flac,bonafide,bonafide
T_0000035139,C:\Users\walia\Downloads\flac_T_aa\flac_T\T_0000035139.flac,spoof,A08
T_0000005826,C:\Users\walia\Downloads\flac_T_aa\flac_T\T_0000005826.flac,bonafide,bonafide
T_0000003117,C:\Users\walia\Downloads\flac_T_aa\flac_T\T_0000003117.flac,spoof,A02
T_0000008637,C:\Users\walia\Downloads\flac_T_aa\flac_T\T_0000008637.flac,bonafide,bonafide
T_0000002200,C:\Users\walia\Downloads\flac_T_aa\flac_T\T_0000002200.flac,bonafide,bonafide
T_0000028568,C:\Users\walia\Downloads\flac_T_aa\flac_T\T_0000028568.flac,bonafide,bonafide
T_0000025474,C:\Users\walia\Downloads\flac_T_aa\flac_T\T_0000025474.flac,bonafide,bonafide
T_0000019034,C:\Users\walia\Downloads\flac_T_aa\flac_T\T_0000019034.flac,spoof,A08
T_0000016932,C:\Users\walia\Downloads\flac_T_aa\flac_T\T_0000016932.flac,spoof,A07
T_0000020664,C:\Users\walia\Downloads\flac_T_aa\flac_T\T_0000020664.flac,bonafide,bonafide
T_0000018136,C:\Users\walia\Downloads\flac_T_aa\flac_T\T_0000018136.flac,spoof,A03
T_0000003445,C:\Users\walia\Downloads\flac_T_aa\flac_T\T_0000003445.flac,spoof,A01
T_0000015561,C:\Users\walia\Downloads\flac_T_aa\flac_T\T_0000015561.flac,spoof,A04
T_0000021678,C:\Users\walia\Downloads\flac_T_aa\flac_T\T_0000021678.flac,spoof,A03
T_0000033301,C:\Users\walia\Downloads\flac_T_aa\flac_T\T_0000033301.flac,bonafide,bonafide
T_0000027686,C:\Users\walia\Downloads\flac_T_aa\flac_T\T_0000027686.flac,spoof,A05
T_0000035542,C:\Users\walia\Downloads\flac_T_aa\flac_T\T_0000035542.flac,spoof,A07
T_0000025456,C:\Users\walia\Downloads\flac_T_aa\flac_T\T_0000025456.flac,spoof,A08
T_0000000204,C:\Users\walia\Downloads\flac_T_aa\flac_T\T_0000000204.flac,bonafide,bonafide
T_0000020096,C:\Users\walia\Downloads\flac_T_aa\flac_T\T_0000020096.flac,bonafide,bonafide
T_0000016572,C:\Users\walia\Downloads\flac_T_aa\flac_T\T_0000016572.flac,spoof,A07
T_0000005738,C:\Users\walia\Downloads\flac_T_aa\flac_T\T_0000005738.flac,bonafide,bonafide
T_0000010181,C:\Users\walia\Downloads\flac_T_aa\flac_T\T_0000010181.flac,spoof,A02
T_0000035198,C:\Users\walia\Downloads\flac_T_aa\flac_T\T_0000035198.flac,spoof,A06
T_0000034130,C:\Users\walia\Downloads\flac_T_aa\flac_T\T_0000034130.flac,spoof,A08
T_0000008160,C:\Users\walia\Downloads\flac_T_aa\flac_T\T_0000008160.flac,spoof,A07
T_0000027743,C:\Users\walia\Downloads\flac_T_aa\flac_T\T_0000027743.flac,bonafide,bonafide
T_0000018726,C:\Users\walia\Downloads\flac_T_aa\flac_T\T_0000018726.flac,bonafide,bonafide
T_0000024742,C:\Users\walia\Downloads\flac_T_aa\flac_T\T_0000024742.flac,spoof,A01
T_0000024368,C:\Users\walia\Downloads\flac_T_aa\flac_T\T_0000024368.flac,bonafide,bonafide
T_0000027022,C:\Users\walia\Downloads\flac_T_aa\flac_T\T_0000027022.flac,bonafide,bonafide
T_0000023326,C:\Users\walia\Downloads\flac_T_aa\flac_T\T_0000023326.flac,spoof,A05
T_0000017465,C:\Users\walia\Downloads\flac_T_aa\flac_T\T_0000017465.flac,bonafide,bonafide
T_0000024137,C:\Users\walia\Downloads\flac_T_aa\flac_T\T_0000024137.flac,bonafide,bonafide
T_0000002385,C:\Users\walia\Downloads\flac_T_aa\flac_T\T_0000002385.flac,bonafide,bonafide
T_0000028865,C:\Users\walia\Downloads\flac_T_aa\flac_T\T_0000028865.flac,bonafide,bonafide
T_0000012841,C:\Users\walia\Downloads\flac_T_aa\flac_T\T_0000012841.flac,bonafide,bonafide
T_0000031869,C:\Users\walia\Downloads\flac_T_aa\flac_T\T_0000031869.flac,bonafide,bonafide
T_0000029658,C:\Users\walia\Downloads\flac_T_aa\flac_T\T_0000029658.flac,bonafide,bonafide
T_0000033090,C:\Users\walia\Downloads\flac_T_aa\flac_T\T_0000033090.flac,spoof,A01
T_0000003114,C:\Users\walia\Downloads\flac_T_aa\flac_T\T_0000003114.flac,spoof,A08
T_0000019536,C:\Users\walia\Downloads\flac_T_aa\flac_T\T_0000019536.flac,spoof,A08
T_0000007075,C:\Users\walia\Downloads\flac_T_aa\flac_T\T_0000007075.flac,bonafide,bonafide
T_0000011790,C:\Users\walia\Downloads\flac_T_aa\flac_T\T_0000011790.flac,spoof,A03
T_0000021619,C:\Users\walia\Downloads\flac_T_aa\flac_T\T_0000021619.flac,spoof,A02
T_0000012998,C:\Users\walia\Downloads\flac_T_aa\flac_T\T_0000012998.flac,spoof,A07
T_0000016896,C:\Users\walia\Downloads\flac_T_aa\flac_T\T_0000016896.flac,bonafide,bonafide
T_0000034454,C:\Users\walia\Downloads\flac_T_aa\flac_T\T_0000034454.flac,bonafide,bonafide
T_0000000494,C:\Users\walia\Downloads\flac_T_aa\flac_T\T_0000000494.flac,bonafide,bonafide
T_0000018061,C:\Users\walia\Downloads\flac_T_aa\flac_T\T_0000018061.flac,bonafide,bonafide
T_0000001750,C:\Users\walia\Downloads\flac_T_aa\flac_T\T_0000001750.flac,spoof,A01
T_0000024277,C:\Users\walia\Downloads\flac_T_aa\flac_T\T_0000024277.flac,spoof,A06
T_0000011650,C:\Users\walia\Downloads\flac_T_aa\flac_T\T_0000011650.flac,spoof,A02
T_0000000642,C:\Users\walia\Downloads\flac_T_aa\flac_T\T_0000000642.flac,spoof,A06
T_0000025929,C:\Users\walia\Downloads\flac_T_aa\flac_T\T_0000025929.flac,spoof,A08
T_0000029886,C:\Users\walia\Downloads\flac_T_aa\flac_T\T_0000029886.flac,spoof,A07
T_0000014844,C:\Users\walia\Downloads\flac_T_aa\flac_T\T_0000014844.flac,bonafide,bonafide
T_0000007681,C:\Users\walia\Downloads\flac_T_aa\flac_T\T_0000007681.flac,spoof,A04
T_0000032839,C:\Users\walia\Downloads\flac_T_aa\flac_T\T_0000032839.flac,spoof,A05
T_0000002237,C:\Users\walia\Downloads\flac_T_aa\flac_T\T_0000002237.flac,spoof,A04
T_0000003862,C:\Users\walia\Downloads\flac_T_aa\flac_T\T_0000003862.flac,bonafide,bonafide
T_0000016073,C:\Users\walia\Downloads\flac_T_aa\flac_T\T_0000016073.flac,bonafide,bonafide
T_0000035934,C:\Users\walia\Downloads\flac_T_aa\flac_T\T_0000035934.flac,spoof,A07
T_0000005406,C:\Users\walia\Downloads\flac_T_aa\flac_T\T_0000005406.flac,bonafide,bonafide
T_0000035141,C:\Users\walia\Downloads\flac_T_aa\flac_T\T_0000035141.flac,spoof,A05
T_0000013341,C:\Users\walia\Downloads\flac_T_aa\flac_T\T_0000013341.flac,bonafide,bonafide
T_0000032342,C:\Users\walia\Downloads\flac_T_aa\flac_T\T_0000032342.flac,spoof,A03
T_0000031307,C:\Users\walia\Downloads\flac_T_aa\flac_T\T_0000031307.flac,spoof,A06
T_0000028704,C:\Users\walia\Downloads\flac_T_aa\flac_T\T_0000028704.flac,bonafide,bonafide
T_0000029097,C:\Users\walia\Downloads\flac_T_aa\flac_T\T_0000029097.flac,bonafide,bonafide
T_0000019521,C:\Users\walia\Downloads\flac_T_aa\flac_T\T_0000019521.flac,spoof,A01
T_0000010011,C:\Users\walia\Downloads\flac_T_aa\flac_T\T_0000010011.flac,spoof,A07
T_0000030754,C:\Users\walia\Downloads\flac_T_aa\flac_T\T_0000030754.flac,spoof,A08
T_0000035121,C:\Users\walia\Downloads\flac_T_aa\flac_T\T_0000035121.flac,spoof,A02
T_0000023935,C:\Users\walia\Downloads\flac_T_aa\flac_T\T_0000023935.flac,spoof,A07
T_0000021989,C:\Users\walia\Downloads\flac_T_aa\flac_T\T_0000021989.flac,bonafide,bonafide
T_0000007171,C:\Users\walia\Downloads\flac_T_aa\flac_T\T_0000007171.flac,spoof,A06
T_0000020591,C:\Users\walia\Downloads\flac_T_aa\flac_T\T_0000020591.flac,bonafide,bonafide
T_0000007634,C:\Users\walia\Downloads\flac_T_aa\flac_T\T_0000007634.flac,bonafide,bonafide
T_0000015597,C:\Users\walia\Downloads\flac_T_aa\flac_T\T_0000015597.flac,spoof,A03
T_0000002619,C:\Users\walia\Downloads\flac_T_aa\flac_T\T_0000002619.flac,bonafide,bonafide
T_0000009133,C:\Users\walia\Downloads\flac_T_aa\flac_T\T_0000009133.flac,bonafide,bonafide
T_0000019220,C:\Users\walia\Downloads\flac_T_aa\flac_T\T_0000019220.flac,bonafide,bonafide
T_0000024252,C:\Users\walia\Downloads\flac_T_aa\flac_T\T_0000024252.flac,spoof,A02
T_0000013481,C:\Users\walia\Downloads\flac_T_aa\flac_T\T_0000013481.flac,spoof,A05
T_0000001250,C:\Users\walia\Downloads\flac_T_aa\flac_T\T_0000001250.flac,bonafide,bonafide
T_0000001037,C:\Users\walia\Downloads\flac_T_aa\flac_T\T_0000001037.flac,spoof,A05
T_0000007989,C:\Users\walia\Downloads\flac_T_aa\flac_T\T_0000007989.flac,bonafide,bonafide
T_0000019340,C:\Users\walia\Downloads\flac_T_aa\flac_T\T_0000019340.flac,bonafide,bonafide
T_0000015288,C:\Users\walia\Downloads\flac_T_aa\flac_T\T_0000015288.flac,spoof,A06
T_0000001138,C:\Users\walia\Downloads\flac_T_aa\flac_T\T_0000001138.flac,spoof,A04
T_0000031655,C:\Users\walia\Downloads\flac_T_aa\flac_T\T_0000031655.flac,bonafide,bonafide
T_0000000413,C:\Users\walia\Downloads\flac_T_aa\flac_T\T_0000000413.flac,spoof,A08
T_0000029530,C:\Users\walia\Downloads\flac_T_aa\flac_T\T_0000029530.flac,spoof,A05
T_0000031263,C:\Users\walia\Downloads\flac_T_aa\flac_T\T_0000031263.flac,spoof,A03
T_0000021356,C:\Users\walia\Downloads\flac_T_aa\flac_T\T_0000021356.flac,spoof,A05
T_0000019558,C:\Users\walia\Downloads\flac_T_aa\flac_T\T_0000019558.flac,spoof,A07
T_0000031811,C:\Users\walia\Downloads\flac_T_aa\flac_T\T_0000031811.flac,bonafide,bonafide
T_0000025978,C:\Users\walia\Downloads\flac_T_aa\flac_T\T_0000025978.flac,bonafide,bonafide
T_0000004131,C:\Users\walia\Downloads\flac_T_aa\flac_T\T_0000004131.flac,bonafide,bonafide
T_0000026269,C:\Users\walia\Downloads\flac_T_aa\flac_T\T_0000026269.flac,spoof,A06
T_0000005159,C:\Users\walia\Downloads\flac_T_aa\flac_T\T_0000005159.flac,spoof,A01
T_0000032797,C:\Users\walia\Downloads\flac_T_aa\flac_T\T_0000032797.flac,spoof,A07
T_0000020362,C:\Users\walia\Downloads\flac_T_aa\flac_T\T_0000020362.flac,bonafide,bonafide
T_0000004929,C:\Users\walia\Downloads\flac_T_aa\flac_T\T_0000004929.flac,bonafide,bonafide
T_0000026405,C:\Users\walia\Downloads\flac_T_aa\flac_T\T_0000026405.flac,bonafide,bonafide
T_0000013955,C:\Users\walia\Downloads\flac_T_aa\flac_T\T_0000013955.flac,spoof,A06
T_0000024115,C:\Users\walia\Downloads\flac_T_aa\flac_T\T_0000024115.flac,bonafide,bonafide
T_0000022014,C:\Users\walia\Downloads\flac_T_aa\flac_T\T_0000022014.flac,bonafide,bonafide
T_0000006303,C:\Users\walia\Downloads\flac_T_aa\flac_T\T_0000006303.flac,spoof,A01
T_0000018366,C:\Users\walia\Downloads\flac_T_aa\flac_T\T_0000018366.flac,bonafide,bonafide
T_0000024371,C:\Users\walia\Downloads\flac_T_aa\flac_T\T_0000024371.flac,spoof,A02
T_0000015076,C:\Users\walia\Downloads\flac_T_aa\flac_T\T_0000015076.flac,bonafide,bonafide
T_0000009775,C:\Users\walia\Downloads\flac_T_aa\flac_T\T_0000009775.flac,bonafide,bonafide
T_0000025429,C:\Users\walia\Downloads\flac_T_aa\flac_T\T_0000025429.flac,spoof,A05
T_0000033300,C:\Users\walia\Downloads\flac_T_aa\flac_T\T_0000033300.flac,bonafide,bonafide
T_0000035997,C:\Users\walia\Downloads\flac_T_aa\flac_T\T_0000035997.flac,bonafide,bonafide
T_0000013444,C:\Users\walia\Downloads\flac_T_aa\flac_T\T_0000013444.flac,spoof,A04
T_0000009519,C:\Users\walia\Downloads\flac_T_aa\flac_T\T_0000009519.flac,bonafide,bonafide
T_0000017335,C:\Users\walia\Downloads\flac_T_aa\flac_T\T_0000017335.flac,bonafide,bonafide
T_0000004872,C:\Users\walia\Downloads\flac_T_aa\flac_T\T_0000004872.flac,bonafide,bonafide
T_0000021147,C:\Users\walia\Downloads\flac_T_aa\flac_T\T_0000021147.flac,spoof,A07
T_0000010437,C:\Users\walia\Downloads\flac_T_aa\flac_T\T_0000010437.flac,spoof,A08
T_0000028832,C:\Users\walia\Downloads\flac_T_aa\flac_T\T_0000028832.flac,spoof,A05
T_0000011230,C:\Users\walia\Downloads\flac_T_aa\flac_T\T_0000011230.flac,spoof,A02
T_0000012447,C:\Users\walia\Downloads\flac_T_aa\flac_T\T_0000012447.flac,spoof,A06
T_0000012207,C:\Users\walia\Downloads\flac_T_aa\flac_T\T_0000012207.flac,bonafide,bonafide
T_0000034098,C:\Users\walia\Downloads\flac_T_aa\flac_T\T_0000034098.flac,bonafide,bonafide
T_0000016546,C:\Users\walia\Downloads\flac_T_aa\flac_T\T_0000016546.flac,spoof,A06
T_0000017623,C:\Users\walia\Downloads\flac_T_aa\flac_T\T_0000017623.flac,spoof,A05
T_0000017504,C:\Users\walia\Downloads\flac_T_aa\flac_T\T_0000017504.flac,spoof,A03
T_0000031712,C:\Users\walia\Downloads\flac_T_aa\flac_T\T_0000031712.flac,bonafide,bonafide
T_0000024647,C:\Users\walia\Downloads\flac_T_aa\flac_T\T_0000024647.flac,spoof,A08
T_0000027837,C:\Users\walia\Downloads\flac_T_aa\flac_T\T_0000027837.flac,spoof,A04
T_0000027661,C:\Users\walia\Downloads\flac_T_aa\flac_T\T_0000027661.flac,bonafide,bonafide
T_0000020086,C:\Users\walia\Downloads\flac_T_aa\flac_T\T_0000020086.flac,bonafide,bonafide
T_0000012729,C:\Users\walia\Downloads\flac_T_aa\flac_T\T_0000012729.flac,bonafide,bonafide
T_0000001253,C:\Users\walia\Downloads\flac_T_aa\flac_T\T_0000001253.flac,spoof,A03
T_0000033234,C:\Users\walia\Downloads\flac_T_aa\flac_T\T_0000033234.flac,spoof,A03
T_0000033208,C:\Users\walia\Downloads\flac_T_aa\flac_T\T_0000033208.flac,spoof,A02
T_0000027079,C:\Users\walia\Downloads\flac_T_aa\flac_T\T_0000027079.flac,spoof,A04
T_0000011042,C:\Users\walia\Downloads\flac_T_aa\flac_T\T_0000011042.flac,bonafide,bonafide
T_0000018741,C:\Users\walia\Downloads\flac_T_aa\flac_T\T_0000018741.flac,spoof,A04
T_0000010087,C:\Users\walia\Downloads\flac_T_aa\flac_T\T_0000010087.flac,spoof,A03
T_0000023940,C:\Users\walia\Downloads\flac_T_aa\flac_T\T_0000023940.flac,spoof,A07
T_0000013845,C:\Users\walia\Downloads\flac_T_aa\flac_T\T_0000013845.flac,bonafide,bonafide
T_0000030918,C:\Users\walia\Downloads\flac_T_aa\flac_T\T_0000030918.flac,bonafide,bonafide
T_0000002236,C:\Users\walia\Downloads\flac_T_aa\flac_T\T_0000002236.flac,spoof,A07
T_0000020200,C:\Users\walia\Downloads\flac_T_aa\flac_T\T_0000020200.flac,bonafide,bonafide
T_0000025242,C:\Users\walia\Downloads\flac_T_aa\flac_T\T_0000025242.flac,bonafide,bonafide
T_0000012544,C:\Users\walia\Downloads\flac_T_aa\flac_T\T_0000012544.flac,spoof,A02
T_0000018505,C:\Users\walia\Downloads\flac_T_aa\flac_T\T_0000018505.flac,spoof,A04
T_0000002411,C:\Users\walia\Downloads\flac_T_aa\flac_T\T_0000002411.flac,bonafide,bonafide
T_0000033508,C:\Users\walia\Downloads\flac_T_aa\flac_T\T_0000033508.flac,bonafide,bonafide
T_0000018402,C:\Users\walia\Downloads\flac_T_aa\flac_T\T_0000018402.flac,bonafide,bonafide
T_0000017007,C:\Users\walia\Downloads\flac_T_aa\flac_T\T_0000017007.flac,bonafide,bonafide
T_0000012931,C:\Users\walia\Downloads\flac_T_aa\flac_T\T_0000012931.flac,spoof,A04
T_0000030740,C:\Users\walia\Downloads\flac_T_aa\flac_T\T_0000030740.flac,bonafide,bonafide
T_0000003012,C:\Users\walia\Downloads\flac_T_aa\flac_T\T_0000003012.flac,spoof,A08
T_0000011841,C:\Users\walia\Downloads\flac_T_aa\flac_T\T_0000011841.flac,spoof,A07
T_0000025033,C:\Users\walia\Downloads\flac_T_aa\flac_T\T_0000025033.flac,spoof,A07
T_0000009717,C:\Users\walia\Downloads\flac_T_aa\flac_T\T_0000009717.flac,spoof,A05
T_0000036178,C:\Users\walia\Downloads\flac_T_aa\flac_T\T_0000036178.flac,spoof,A01
T_0000009166,C:\Users\walia\Downloads\flac_T_aa\flac_T\T_0000009166.flac,bonafide,bonafide
T_0000027946,C:\Users\walia\Downloads\flac_T_aa\flac_T\T_0000027946.flac,spoof,A03
T_0000017506,C:\Users\walia\Downloads\flac_T_aa\flac_T\T_0000017506.flac,spoof,A07
T_0000032196,C:\Users\walia\Downloads\flac_T_aa\flac_T\T_0000032196.flac,bonafide,bonafide
T_0000022891,C:\Users\walia\Downloads\flac_T_aa\flac_T\T_0000022891.flac,spoof,A04
T_0000032838,C:\Users\walia\Downloads\flac_T_aa\flac_T\T_0000032838.flac,bonafide,bonafide
T_0000030880,C:\Users\walia\Downloads\flac_T_aa\flac_T\T_0000030880.flac,spoof,A03
T_0000007676,C:\Users\walia\Downloads\flac_T_aa\flac_T\T_0000007676.flac,bonafide,bonafide
T_0000002727,C:\Users\walia\Downloads\flac_T_aa\flac_T\T_0000002727.flac,spoof,A02
T_0000009185,C:\Users\walia\Downloads\flac_T_aa\flac_T\T_0000009185.flac,spoof,A01
T_0000021328,C:\Users\walia\Downloads\flac_T_aa\flac_T\T_0000021328.flac,spoof,A08
T_0000005190,C:\Users\walia\Downloads\flac_T_aa\flac_T\T_0000005190.flac,bonafide,bonafide
T_0000005743,C:\Users\walia\Downloads\flac_T_aa\flac_T\T_0000005743.flac,spoof,A03
T_0000001186,C:\Users\walia\Downloads\flac_T_aa\flac_T\T_0000001186.flac,bonafide,bonafide
T_0000010691,C:\Users\walia\Downloads\flac_T_aa\flac_T\T_0000010691.flac,bonafide,bonafide
T_0000017389,C:\Users\walia\Downloads\flac_T_aa\flac_T\T_0000017389.flac,spoof,A06
T_0000003477,C:\Users\walia\Downloads\flac_T_aa\flac_T\T_0000003477.flac,spoof,A04
T_0000007338,C:\Users\walia\Downloads\flac_T_aa\flac_T\T_0000007338.flac,bonafide,bonafide
T_0000008470,C:\Users\walia\Downloads\flac_T_aa\flac_T\T_0000008470.flac,spoof,A04
T_0000013064,C:\Users\walia\Downloads\flac_T_aa\flac_T\T_0000013064.flac,spoof,A06
T_0000012273,C:\Users\walia\Downloads\flac_T_aa\flac_T\T_0000012273.flac,spoof,A08
T_0000027299,C:\Users\walia\Downloads\flac_T_aa\flac_T\T_0000027299.flac,bonafide,bonafide
T_0000033010,C:\Users\walia\Downloads\flac_T_aa\flac_T\T_0000033010.flac,spoof,A03
T_0000034781,C:\Users\walia\Downloads\flac_T_aa\flac_T\T_0000034781.flac,spoof,A08
T_0000030527,C:\Users\walia\Downloads\flac_T_aa\flac_T\T_0000030527.flac,spoof,A05
T_0000008042,C:\Users\walia\Downloads\flac_T_aa\flac_T\T_0000008042.flac,spoof,A08
T_0000031214,C:\Users\walia\Downloads\flac_T_aa\flac_T\T_0000031214.flac,bonafide,bonafide
T_0000036292,C:\Users\walia\Downloads\flac_T_aa\flac_T\T_0000036292.flac,bonafide,bonafide
T_0000027850,C:\Users\walia\Downloads\flac_T_aa\flac_T\T_0000027850.flac,spoof,A05
T_0000018254,C:\Users\walia\Downloads\flac_T_aa\flac_T\T_0000018254.flac,bonafide,bonafide
T_0000032825,C:\Users\walia\Downloads\flac_T_aa\flac_T\T_0000032825.flac,bonafide,bonafide
T_0000034163,C:\Users\walia\Downloads\flac_T_aa\flac_T\T_0000034163.flac,spoof,A07
T_0000033350,C:\Users\walia\Downloads\flac_T_aa\flac_T\T_0000033350.flac,spoof,A08
T_0000013490,C:\Users\walia\Downloads\flac_T_aa\flac_T\T_0000013490.flac,spoof,A05
T_0000011240,C:\Users\walia\Downloads\flac_T_aa\flac_T\T_0000011240.flac,bonafide,bonafide
T_0000017741,C:\Users\walia\Downloads\flac_T_aa\flac_T\T_0000017741.flac,bonafide,bonafide
T_0000021717,C:\Users\walia\Downloads\flac_T_aa\flac_T\T_0000021717.flac,spoof,A02
T_0000003015,C:\Users\walia\Downloads\flac_T_aa\flac_T\T_0000003015.flac,bonafide,bonafide
T_0000023636,C:\Users\walia\Downloads\flac_T_aa\flac_T\T_0000023636.flac,spoof,A01
T_0000025072,C:\Users\walia\Downloads\flac_T_aa\flac_T\T_0000025072.flac,bonafide,bonafide
T_0000034619,C:\Users\walia\Downloads\flac_T_aa\flac_T\T_0000034619.flac,bonafide,bonafide
T_0000009312,C:\Users\walia\Downloads\flac_T_aa\flac_T\T_0000009312.flac,spoof,A05
T_0000004071,C:\Users\walia\Downloads\flac_T_aa\flac_T\T_0000004071.flac,bonafide,bonafide
T_0000013954,C:\Users\walia\Downloads\flac_T_aa\flac_T\T_0000013954.flac,spoof,A05
T_0000002105,C:\Users\walia\Downloads\flac_T_aa\flac_T\T_0000002105.flac,bonafide,bonafide
T_0000003638,C:\Users\walia\Downloads\flac_T_aa\flac_T\T_0000003638.flac,bonafide,bonafide
T_0000020805,C:\Users\walia\Downloads\flac_T_aa\flac_T\T_0000020805.flac,bonafide,bonafide
T_0000035789,C:\Users\walia\Downloads\flac_T_aa\flac_T\T_0000035789.flac,bonafide,bonafide
T_0000018678,C:\Users\walia\Downloads\flac_T_aa\flac_T\T_0000018678.flac,spoof,A02
T_0000008880,C:\Users\walia\Downloads\flac_T_aa\flac_T\T_0000008880.flac,bonafide,bonafide
T_0000025997,C:\Users\walia\Downloads\flac_T_aa\flac_T\T_0000025997.flac,bonafide,bonafide
T_0000032775,C:\Users\walia\Downloads\flac_T_aa\flac_T\T_0000032775.flac,bonafide,bonafide
T_0000019882,C:\Users\walia\Downloads\flac_T_aa\flac_T\T_0000019882.flac,bonafide,bonafide
T_0000000601,C:\Users\walia\Downloads\flac_T_aa\flac_T\T_0000000601.flac,spoof,A05
T_0000009444,C:\Users\walia\Downloads\flac_T_aa\flac_T\T_0000009444.flac,bonafide,bonafide
T_0000025092,C:\Users\walia\Downloads\flac_T_aa\flac_T\T_0000025092.flac,bonafide,bonafide
T_0000035470,C:\Users\walia\Downloads\flac_T_aa\flac_T\T_0000035470.flac,bonafide,bonafide
T_0000007723,C:\Users\walia\Downloads\flac_T_aa\flac_T\T_0000007723.flac,spoof,A01
T_0000024063,C:\Users\walia\Downloads\flac_T_aa\flac_T\T_0000024063.flac,spoof,A05
T_0000002907,C:\Users\walia\Downloads\flac_T_aa\flac_T\T_0000002907.flac,spoof,A01
T_0000012073,C:\Users\walia\Downloads\flac_T_aa\flac_T\T_0000012073.flac,bonafide,bonafide
T_0000008891,C:\Users\walia\Downloads\flac_T_aa\flac_T\T_0000008891.flac,spoof,A07
T_0000008687,C:\Users\walia\Downloads\flac_T_aa\flac_T\T_0000008687.flac,spoof,A03
T_0000028792,C:\Users\walia\Downloads\flac_T_aa\flac_T\T_0000028792.flac,spoof,A01
T_0000020896,C:\Users\walia\Downloads\flac_T_aa\flac_T\T_0000020896.flac,bonafide,bonafide
T_0000011350,C:\Users\walia\Downloads\flac_T_aa\flac_T\T_0000011350.flac,spoof,A03
T_0000010107,C:\Users\walia\Downloads\flac_T_aa\flac_T\T_0000010107.flac,bonafide,bonafide
T_0000014002,C:\Users\walia\Downloads\flac_T_aa\flac_T\T_0000014002.flac,spoof,A08
T_0000031614,C:\Users\walia\Downloads\flac_T_aa\flac_T\T_0000031614.flac,spoof,A04
T_0000030321,C:\Users\walia\Downloads\flac_T_aa\flac_T\T_0000030321.flac,bonafide,bonafide
T_0000027523,C:\Users\walia\Downloads\flac_T_aa\flac_T\T_0000027523.flac,spoof,A07
T_0000025130,C:\Users\walia\Downloads\flac_T_aa\flac_T\T_0000025130.flac,bonafide,bonafide
T_0000017455,C:\Users\walia\Downloads\flac_T_aa\flac_T\T_0000017455.flac,bonafide,bonafide
T_0000021723,C:\Users\walia\Downloads\flac_T_aa\flac_T\T_0000021723.flac,bonafide,bonafide
T_0000024037,C:\Users\walia\Downloads\flac_T_aa\flac_T\T_0000024037.flac,spoof,A05
T_0000033485,C:\Users\walia\Downloads\flac_T_aa\flac_T\T_0000033485.flac,spoof,A01
T_0000020325,C:\Users\walia\Downloads\flac_T_aa\flac_T\T_0000020325.flac,spoof,A01
T_0000020870,C:\Users\walia\Downloads\flac_T_aa\flac_T\T_0000020870.flac,spoof,A08
T_0000036168,C:\Users\walia\Downloads\flac_T_aa\flac_T\T_0000036168.flac,spoof,A06
T_0000028656,C:\Users\walia\Downloads\flac_T_aa\flac_T\T_0000028656.flac,bonafide,bonafide
T_0000028857,C:\Users\walia\Downloads\flac_T_aa\flac_T\T_0000028857.flac,bonafide,bonafide
T_0000015749,C:\Users\walia\Downloads\flac_T_aa\flac_T\T_0000015749.flac,bonafide,bonafide
T_0000010495,C:\Users\walia\Downloads\flac_T_aa\flac_T\T_0000010495.flac,spoof,A02
T_0000025574,C:\Users\walia\Downloads\flac_T_aa\flac_T\T_0000025574.flac,spoof,A04
T_0000013550,C:\Users\walia\Downloads\flac_T_aa\flac_T\T_0000013550.flac,spoof,A04
T_0000014986,C:\Users\walia\Downloads\flac_T_aa\flac_T\T_0000014986.flac,spoof,A05
T_0000026046,C:\Users\walia\Downloads\flac_T_aa\flac_T\T_0000026046.flac,spoof,A04
T_0000024844,C:\Users\walia\Downloads\flac_T_aa\flac_T\T_0000024844.flac,bonafide,bonafide
T_0000035471,C:\Users\walia\Downloads\flac_T_aa\flac_T\T_0000035471.flac,spoof,A05
T_0000027924,C:\Users\walia\Downloads\flac_T_aa\flac_T\T_0000027924.flac,spoof,A08
T_0000009571,C:\Users\walia\Downloads\flac_T_aa\flac_T\T_0000009571.flac,bonafide,bonafide
T_0000008141,C:\Users\walia\Downloads\flac_T_aa\flac_T\T_0000008141.flac,bonafide,bonafide
T_0000022109,C:\Users\walia\Downloads\flac_T_aa\flac_T\T_0000022109.flac,bonafide,bonafide
T_0000026282,C:\Users\walia\Downloads\flac_T_aa\flac_T\T_0000026282.flac,bonafide,bonafide
T_0000005774,C:\Users\walia\Downloads\flac_T_aa\flac_T\T_0000005774.flac,spoof,A06
T_0000027225,C:\Users\walia\Downloads\flac_T_aa\flac_T\T_0000027225.flac,spoof,A04
T_0000001758,C:\Users\walia\Downloads\flac_T_aa\flac_T\T_0000001758.flac,bonafide,bonafide
T_0000032921,C:\Users\walia\Downloads\flac_T_aa\flac_T\T_0000032921.flac,spoof,A05
T_0000020754,C:\Users\walia\Downloads\flac_T_aa\flac_T\T_0000020754.flac,bonafide,bonafide
T_0000036455,C:\Users\walia\Downloads\flac_T_aa\flac_T\T_0000036455.flac,bonafide,bonafide
T_0000015782,C:\Users\walia\Downloads\flac_T_aa\flac_T\T_0000015782.flac,spoof,A05
T_0000034602,C:\Users\walia\Downloads\flac_T_aa\flac_T\T_0000034602.flac,bonafide,bonafide
T_0000012744,C:\Users\walia\Downloads\flac_T_aa\flac_T\T_0000012744.flac,bonafide,bonafide
T_0000034400,C:\Users\walia\Downloads\flac_T_aa\flac_T\T_0000034400.flac,spoof,A07
T_0000022296,C:\Users\walia\Downloads\flac_T_aa\flac_T\T_0000022296.flac,spoof,A08
T_0000015400,C:\Users\walia\Downloads\flac_T_aa\flac_T\T_0000015400.flac,spoof,A08
T_0000018450,C:\Users\walia\Downloads\flac_T_aa\flac_T\T_0000018450.flac,spoof,A03
T_0000017560,C:\Users\walia\Downloads\flac_T_aa\flac_T\T_0000017560.flac,spoof,A03
T_0000028174,C:\Users\walia\Downloads\flac_T_aa\flac_T\T_0000028174.flac,bonafide,bonafide
T_0000031668,C:\Users\walia\Downloads\flac_T_aa\flac_T\T_0000031668.flac,bonafide,bonafide
T_0000035253,C:\Users\walia\Downloads\flac_T_aa\flac_T\T_0000035253.flac,bonafide,bonafide
T_0000021075,C:\Users\walia\Downloads\flac_T_aa\flac_T\T_0000021075.flac,bonafide,bonafide
T_0000024153,C:\Users\walia\Downloads\flac_T_aa\flac_T\T_0000024153.flac,spoof,A05
T_0000000871,C:\Users\walia\Downloads\flac_T_aa\flac_T\T_0000000871.flac,bonafide,bonafide
T_0000021090,C:\Users\walia\Downloads\flac_T_aa\flac_T\T_0000021090.flac,spoof,A02
T_0000028856,C:\Users\walia\Downloads\flac_T_aa\flac_T\T_0000028856.flac,spoof,A02
T_0000028722,C:\Users\walia\Downloads\flac_T_aa\flac_T\T_0000028722.flac,bonafide,bonafide
T_0000011626,C:\Users\walia\Downloads\flac_T_aa\flac_T\T_0000011626.flac,spoof,A05
T_0000008149,C:\Users\walia\Downloads\flac_T_aa\flac_T\T_0000008149.flac,spoof,A06
T_0000036398,C:\Users\walia\Downloads\flac_T_aa\flac_T\T_0000036398.flac,bonafide,bonafide
T_0000031535,C:\Users\walia\Downloads\flac_T_aa\flac_T\T_0000031535.flac,spoof,A08
T_0000000722,C:\Users\walia\Downloads\flac_T_aa\flac_T\T_0000000722.flac,spoof,A08
T_0000004914,C:\Users\walia\Downloads\flac_T_aa\flac_T\T_0000004914.flac,spoof,A01
T_0000004479,C:\Users\walia\Downloads\flac_T_aa\flac_T\T_0000004479.flac,bonafide,bonafide
T_0000001370,C:\Users\walia\Downloads\flac_T_aa\flac_T\T_0000001370.flac,bonafide,bonafide
T_0000018568,C:\Users\walia\Downloads\flac_T_aa\flac_T\T_0000018568.flac,bonafide,bonafide
T_0000019332,C:\Users\walia\Downloads\flac_T_aa\flac_T\T_0000019332.flac,bonafide,bonafide
T_0000001608,C:\Users\walia\Downloads\flac_T_aa\flac_T\T_0000001608.flac,bonafide,bonafide
T_0000029541,C:\Users\walia\Downloads\flac_T_aa\flac_T\T_0000029541.flac,spoof,A06
T_0000034754,C:\Users\walia\Downloads\flac_T_aa\flac_T\T_0000034754.flac,bonafide,bonafide
T_0000033083,C:\Users\walia\Downloads\flac_T_aa\flac_T\T_0000033083.flac,spoof,A07
T_0000034974,C:\Users\walia\Downloads\flac_T_aa\flac_T\T_0000034974.flac,spoof,A04
T_0000034371,C:\Users\walia\Downloads\flac_T_aa\flac_T\T_0000034371.flac,spoof,A05
T_0000011986,C:\Users\walia\Downloads\flac_T_aa\flac_T\T_0000011986.flac,bonafide,bonafide
T_0000031444,C:\Users\walia\Downloads\flac_T_aa\flac_T\T_0000031444.flac,bonafide,bonafide
T_0000021495,C:\Users\walia\Downloads\flac_T_aa\flac_T\T_0000021495.flac,spoof,A05
T_0000009751,C:\Users\walia\Downloads\flac_T_aa\flac_T\T_0000009751.flac,bonafide,bonafide
T_0000029875,C:\Users\walia\Downloads\flac_T_aa\flac_T\T_0000029875.flac,spoof,A08
T_0000007064,C:\Users\walia\Downloads\flac_T_aa\flac_T\T_0000007064.flac,spoof,A05
T_0000001074,C:\Users\walia\Downloads\flac_T_aa\flac_T\T_0000001074.flac,spoof,A04
T_0000033351,C:\Users\walia\Downloads\flac_T_aa\flac_T\T_0000033351.flac,spoof,A01
T_0000002634,C:\Users\walia\Downloads\flac_T_aa\flac_T\T_0000002634.flac,spoof,A03
T_0000019153,C:\Users\walia\Downloads\flac_T_aa\flac_T\T_0000019153.flac,bonafide,bonafide
T_0000027525,C:\Users\walia\Downloads\flac_T_aa\flac_T\T_0000027525.flac,spoof,A01
T_0000004839,C:\Users\walia\Downloads\flac_T_aa\flac_T\T_0000004839.flac,bonafide,bonafide
T_0000016670,C:\Users\walia\Downloads\flac_T_aa\flac_T\T_0000016670.flac,bonafide,bonafide
T_0000010153,C:\Users\walia\Downloads\flac_T_aa\flac_T\T_0000010153.flac,spoof,A08
T_0000007952,C:\Users\walia\Downloads\flac_T_aa\flac_T\T_0000007952.flac,bonafide,bonafide
T_0000007141,C:\Users\walia\Downloads\flac_T_aa\flac_T\T_0000007141.flac,bonafide,bonafide
T_0000010177,C:\Users\walia\Downloads\flac_T_aa\flac_T\T_0000010177.flac,spoof,A01
T_0000002493,C:\Users\walia\Downloads\flac_T_aa\flac_T\T_0000002493.flac,bonafide,bonafide
T_0000015300,C:\Users\walia\Downloads\flac_T_aa\flac_T\T_0000015300.flac,spoof,A01
T_0000026279,C:\Users\walia\Downloads\flac_T_aa\flac_T\T_0000026279.flac,spoof,A08
T_0000002256,C:\Users\walia\Downloads\flac_T_aa\flac_T\T_0000002256.flac,bonafide,bonafide
T_0000032143,C:\Users\walia\Downloads\flac_T_aa\flac_T\T_0000032143.flac,bonafide,bonafide
T_0000018347,C:\Users\walia\Downloads\flac_T_aa\flac_T\T_0000018347.flac,spoof,A01
T_0000035993,C:\Users\walia\Downloads\flac_T_aa\flac_T\T_0000035993.flac,bonafide,bonafide
T_0000019337,C:\Users\walia\Downloads\flac_T_aa\flac_T\T_0000019337.flac,bonafide,bonafide
T_0000024743,C:\Users\walia\Downloads\flac_T_aa\flac_T\T_0000024743.flac,bonafide,bonafide
T_0000011387,C:\Users\walia\Downloads\flac_T_aa\flac_T\T_0000011387.flac,bonafide,bonafide
T_0000021284,C:\Users\walia\Downloads\flac_T_aa\flac_T\T_0000021284.flac,bonafide,bonafide
T_0000010135,C:\Users\walia\Downloads\flac_T_aa\flac_T\T_0000010135.flac,bonafide,bonafide
T_0000019590,C:\Users\walia\Downloads\flac_T_aa\flac_T\T_0000019590.flac,spoof,A07
T_0000025832,C:\Users\walia\Downloads\flac_T_aa\flac_T\T_0000025832.flac,spoof,A06
T_0000033735,C:\Users\walia\Downloads\flac_T_aa\flac_T\T_0000033735.flac,bonafide,bonafide
T_0000034686,C:\Users\walia\Downloads\flac_T_aa\flac_T\T_0000034686.flac,spoof,A07
T_0000006451,C:\Users\walia\Downloads\flac_T_aa\flac_T\T_0000006451.flac,spoof,A06
T_0000001185,C:\Users\walia\Downloads\flac_T_aa\flac_T\T_0000001185.flac,spoof,A08
T_0000032088,C:\Users\walia\Downloads\flac_T_aa\flac_T\T_0000032088.flac,bonafide,bonafide
T_0000024911,C:\Users\walia\Downloads\flac_T_aa\flac_T\T_0000024911.flac,spoof,A03
T_0000008758,C:\Users\walia\Downloads\flac_T_aa\flac_T\T_0000008758.flac,spoof,A06
T_0000011834,C:\Users\walia\Downloads\flac_T_aa\flac_T\T_0000011834.flac,spoof,A01
T_0000016082,C:\Users\walia\Downloads\flac_T_aa\flac_T\T_0000016082.flac,bonafide,bonafide
T_0000011862,C:\Users\walia\Downloads\flac_T_aa\flac_T\T_0000011862.flac,spoof,A04
T_0000004489,C:\Users\walia\Downloads\flac_T_aa\flac_T\T_0000004489.flac,bonafide,bonafide
T_0000019699,C:\Users\walia\Downloads\flac_T_aa\flac_T\T_0000019699.flac,bonafide,bonafide
T_0000007963,C:\Users\walia\Downloads\flac_T_aa\flac_T\T_0000007963.flac,spoof,A01
T_0000027653,C:\Users\walia\Downloads\flac_T_aa\flac_T\T_0000027653.flac,spoof,A04
T_0000034373,C:\Users\walia\Downloads\flac_T_aa\flac_T\T_0000034373.flac,bonafide,bonafide
T_0000013658,C:\Users\walia\Downloads\flac_T_aa\flac_T\T_0000013658.flac,bonafide,bonafide
T_0000008190,C:\Users\walia\Downloads\flac_T_aa\flac_T\T_0000008190.flac,bonafide,bonafide
T_0000024617,C:\Users\walia\Downloads\flac_T_aa\flac_T\T_0000024617.flac,bonafide,bonafide
T_0000036028,C:\Users\walia\Downloads\flac_T_aa\flac_T\T_0000036028.flac,bonafide,bonafide
T_0000033447,C:\Users\walia\Downloads\flac_T_aa\flac_T\T_0000033447.flac,bonafide,bonafide
T_0000008938,C:\Users\walia\Downloads\flac_T_aa\flac_T\T_0000008938.flac,spoof,A03
T_0000013548,C:\Users\walia\Downloads\flac_T_aa\flac_T\T_0000013548.flac,bonafide,bonafide
T_0000019260,C:\Users\walia\Downloads\flac_T_aa\flac_T\T_0000019260.flac,bonafide,bonafide
T_0000005969,C:\Users\walia\Downloads\flac_T_aa\flac_T\T_0000005969.flac,spoof,A04
T_0000034552,C:\Users\walia\Downloads\flac_T_aa\flac_T\T_0000034552.flac,spoof,A04
T_0000014293,C:\Users\walia\Downloads\flac_T_aa\flac_T\T_0000014293.flac,bonafide,bonafide
T_0000029399,C:\Users\walia\Downloads\flac_T_aa\flac_T\T_0000029399.flac,bonafide,bonafide
T_0000026649,C:\Users\walia\Downloads\flac_T_aa\flac_T\T_0000026649.flac,bonafide,bonafide
T_0000006976,C:\Users\walia\Downloads\flac_T_aa\flac_T\T_0000006976.flac,spoof,A06
T_0000023831,C:\Users\walia\Downloads\flac_T_aa\flac_T\T_0000023831.flac,spoof,A08
T_0000009384,C:\Users\walia\Downloads\flac_T_aa\flac_T\T_0000009384.flac,spoof,A01
T_0000007577,C:\Users\walia\Downloads\flac_T_aa\flac_T\T_0000007577.flac,bonafide,bonafide
T_0000030767,C:\Users\walia\Downloads\flac_T_aa\flac_T\T_0000030767.flac,bonafide,bonafide
T_0000020502,C:\Users\walia\Downloads\flac_T_aa\flac_T\T_0000020502.flac,bonafide,bonafide
T_0000035124,C:\Users\walia\Downloads\flac_T_aa\flac_T\T_0000035124.flac,bonafide,bonafide
T_0000011749,C:\Users\walia\Downloads\flac_T_aa\flac_T\T_0000011749.flac,bonafide,bonafide
T_0000023135,C:\Users\walia\Downloads\flac_T_aa\flac_T\T_0000023135.flac,bonafide,bonafide
T_0000035890,C:\Users\walia\Downloads\flac_T_aa\flac_T\T_0000035890.flac,bonafide,bonafide
T_0000035269,C:\Users\walia\Downloads\flac_T_aa\flac_T\T_0000035269.flac,bonafide,bonafide
T_0000035860,C:\Users\walia\Downloads\flac_T_aa\flac_T\T_0000035860.flac,bonafide,bonafide
T_0000019173,C:\Users\walia\Downloads\flac_T_aa\flac_T\T_0000019173.flac,spoof,A06
T_0000004079,C:\Users\walia\Downloads\flac_T_aa\flac_T\T_0000004079.flac,bonafide,bonafide
T_0000024166,C:\Users\walia\Downloads\flac_T_aa\flac_T\T_0000024166.flac,spoof,A04
T_0000002641,C:\Users\walia\Downloads\flac_T_aa\flac_T\T_0000002641.flac,bonafide,bonafide
T_0000019158,C:\Users\walia\Downloads\flac_T_aa\flac_T\T_0000019158.flac,spoof,A06
T_0000014089,C:\Users\walia\Downloads\flac_T_aa\flac_T\T_0000014089.flac,bonafide,bonafide
T_0000016423,C:\Users\walia\Downloads\flac_T_aa\flac_T\T_0000016423.flac,spoof,A03
T_0000007176,C:\Users\walia\Downloads\flac_T_aa\flac_T\T_0000007176.flac,spoof,A05
T_0000007057,C:\Users\walia\Downloads\flac_T_aa\flac_T\T_0000007057.flac,bonafide,bonafide
T_0000002151,C:\Users\walia\Downloads\flac_T_aa\flac_T\T_0000002151.flac,spoof,A06
T_0000026899,C:\Users\walia\Downloads\flac_T_aa\flac_T\T_0000026899.flac,spoof,A08
T_0000004888,C:\Users\walia\Downloads\flac_T_aa\flac_T\T_0000004888.flac,spoof,A01
T_0000029991,C:\Users\walia\Downloads\flac_T_aa\flac_T\T_0000029991.flac,spoof,A08
T_0000018470,C:\Users\walia\Downloads\flac_T_aa\flac_T\T_0000018470.flac,bonafide,bonafide
T_0000012279,C:\Users\walia\Downloads\flac_T_aa\flac_T\T_0000012279.flac,bonafide,bonafide
T_0000031389,C:\Users\walia\Downloads\flac_T_aa\flac_T\T_0000031389.flac,bonafide,bonafide
T_0000023317,C:\Users\walia\Downloads\flac_T_aa\flac_T\T_0000023317.flac,bonafide,bonafide
T_0000034089,C:\Users\walia\Downloads\flac_T_aa\flac_T\T_0000034089.flac,spoof,A07
T_0000003383,C:\Users\walia\Downloads\flac_T_aa\flac_T\T_0000003383.flac,spoof,A03
T_0000029607,C:\Users\walia\Downloads\flac_T_aa\flac_T\T_0000029607.flac,spoof,A02
T_0000033596,C:\Users\walia\Downloads\flac_T_aa\flac_T\T_0000033596.flac,spoof,A03
T_0000025027,C:\Users\walia\Downloads\flac_T_aa\flac_T\T_0000025027.flac,bonafide,bonafide
T_0000014460,C:\Users\walia\Downloads\flac_T_aa\flac_T\T_0000014460.flac,spoof,A06
T_0000019108,C:\Users\walia\Downloads\flac_T_aa\flac_T\T_0000019108.flac,spoof,A06
T_0000011636,C:\Users\walia\Downloads\flac_T_aa\flac_T\T_0000011636.flac,spoof,A07
T_0000016242,C:\Users\walia\Downloads\flac_T_aa\flac_T\T_0000016242.flac,bonafide,bonafide
T_0000006197,C:\Users\walia\Downloads\flac_T_aa\flac_T\T_0000006197.flac,bonafide,bonafide
T_0000014075,C:\Users\walia\Downloads\flac_T_aa\flac_T\T_0000014075.flac,bonafide,bonafide
T_0000030215,C:\Users\walia\Downloads\flac_T_aa\flac_T\T_0000030215.flac,spoof,A02
T_0000010993,C:\Users\walia\Downloads\flac_T_aa\flac_T\T_0000010993.flac,bonafide,bonafide
T_0000032355,C:\Users\walia\Downloads\flac_T_aa\flac_T\T_0000032355.flac,spoof,A01
T_0000015598,C:\Users\walia\Downloads\flac_T_aa\flac_T\T_0000015598.flac,spoof,A08
T_0000034752,C:\Users\walia\Downloads\flac_T_aa\flac_T\T_0000034752.flac,bonafide,bonafide
T_0000016375,C:\Users\walia\Downloads\flac_T_aa\flac_T\T_0000016375.flac,bonafide,bonafide
T_0000001217,C:\Users\walia\Downloads\flac_T_aa\flac_T\T_0000001217.flac,spoof,A04
T_0000014685,C:\Users\walia\Downloads\flac_T_aa\flac_T\T_0000014685.flac,spoof,A08
T_0000001683,C:\Users\walia\Downloads\flac_T_aa\flac_T\T_0000001683.flac,spoof,A06
T_0000009450,C:\Users\walia\Downloads\flac_T_aa\flac_T\T_0000009450.flac,spoof,A07
T_0000029808,C:\Users\walia\Downloads\flac_T_aa\flac_T\T_0000029808.flac,bonafide,bonafide
T_0000012436,C:\Users\walia\Downloads\flac_T_aa\flac_T\T_0000012436.flac,bonafide,bonafide
T_0000033079,C:\Users\walia\Downloads\flac_T_aa\flac_T\T_0000033079.flac,bonafide,bonafide
T_0000032995,C:\Users\walia\Downloads\flac_T_aa\flac_T\T_0000032995.flac,spoof,A07
T_0000014604,C:\Users\walia\Downloads\flac_T_aa\flac_T\T_0000014604.flac,bonafide,bonafide
T_0000025048,C:\Users\walia\Downloads\flac_T_aa\flac_T\T_0000025048.flac,spoof,A05
T_0000022672,C:\Users\walia\Downloads\flac_T_aa\flac_T\T_0000022672.flac,spoof,A02
T_0000035223,C:\Users\walia\Downloads\flac_T_aa\flac_T\T_0000035223.flac,spoof,A06
T_0000002951,C:\Users\walia\Downloads\flac_T_aa\flac_T\T_0000002951.flac,spoof,A02
T_0000002954,C:\Users\walia\Downloads\flac_T_aa\flac_T\T_0000002954.flac,bonafide,bonafide
T_0000031714,C:\Users\walia\Downloads\flac_T_aa\flac_T\T_0000031714.flac,spoof,A03
T_0000017108,C:\Users\walia\Downloads\flac_T_aa\flac_T\T_0000017108.flac,spoof,A03
T_0000000214,C:\Users\walia\Downloads\flac_T_aa\flac_T\T_0000000214.flac,spoof,A01
T_0000000969,C:\Users\walia\Downloads\flac_T_aa\flac_T\T_0000000969.flac,bonafide,bonafide
T_0000034905,C:\Users\walia\Downloads\flac_T_aa\flac_T\T_0000034905.flac,bonafide,bonafide
T_0000001625,C:\Users\walia\Downloads\flac_T_aa\flac_T\T_0000001625.flac,bonafide,bonafide
T_0000019613,C:\Users\walia\Downloads\flac_T_aa\flac_T\T_0000019613.flac,spoof,A04
T_0000013849,C:\Users\walia\Downloads\flac_T_aa\flac_T\T_0000013849.flac,bonafide,bonafide
T_0000033299,C:\Users\walia\Downloads\flac_T_aa\flac_T\T_0000033299.flac,spoof,A03
T_0000030540,C:\Users\walia\Downloads\flac_T_aa\flac_T\T_0000030540.flac,spoof,A03
T_0000012582,C:\Users\walia\Downloads\flac_T_aa\flac_T\T_0000012582.flac,spoof,A07
T_0000003969,C:\Users\walia\Downloads\flac_T_aa\flac_T\T_0000003969.flac,spoof,A05
T_0000005419,C:\Users\walia\Downloads\flac_T_aa\flac_T\T_0000005419.flac,spoof,A03
T_0000036477,C:\Users\walia\Downloads\flac_T_aa\flac_T\T_0000036477.flac,spoof,A08
T_0000012324,C:\Users\walia\Downloads\flac_T_aa\flac_T\T_0000012324.flac,spoof,A04
T_0000004844,C:\Users\walia\Downloads\flac_T_aa\flac_T\T_0000004844.flac,spoof,A07
T_0000015778,C:\Users\walia\Downloads\flac_T_aa\flac_T\T_0000015778.flac,spoof,A04
T_0000020734,C:\Users\walia\Downloads\flac_T_aa\flac_T\T_0000020734.flac,spoof,A07
T_0000030959,C:\Users\walia\Downloads\flac_T_aa\flac_T\T_0000030959.flac,bonafide,bonafide
T_0000022888,C:\Users\walia\Downloads\flac_T_aa\flac_T\T_0000022888.flac,spoof,A03
T_0000033865,C:\Users\walia\Downloads\flac_T_aa\flac_T\T_0000033865.flac,spoof,A08
T_0000003579,C:\Users\walia\Downloads\flac_T_aa\flac_T\T_0000003579.flac,spoof,A05
T_0000006655,C:\Users\walia\Downloads\flac_T_aa\flac_T\T_0000006655.flac,spoof,A08
T_0000022267,C:\Users\walia\Downloads\flac_T_aa\flac_T\T_0000022267.flac,spoof,A04
T_0000005041,C:\Users\walia\Downloads\flac_T_aa\flac_T\T_0000005041.flac,bonafide,bonafide
T_0000012175,C:\Users\walia\Downloads\flac_T_aa\flac_T\T_0000012175.flac,spoof,A03
T_0000017584,C:\Users\walia\Downloads\flac_T_aa\flac_T\T_0000017584.flac,bonafide,bonafide
T_0000018399,C:\Users\walia\Downloads\flac_T_aa\flac_T\T_0000018399.flac,bonafide,bonafide
T_0000015969,C:\Users\walia\Downloads\flac_T_aa\flac_T\T_0000015969.flac,spoof,A02
T_0000032212,C:\Users\walia\Downloads\flac_T_aa\flac_T\T_0000032212.flac,bonafide,bonafide
T_0000024963,C:\Users\walia\Downloads\flac_T_aa\flac_T\T_0000024963.flac,bonafide,bonafide
T_0000034946,C:\Users\walia\Downloads\flac_T_aa\flac_T\T_0000034946.flac,spoof,A04
T_0000013451,C:\Users\walia\Downloads\flac_T_aa\flac_T\T_0000013451.flac,spoof,A06
T_0000031172,C:\Users\walia\Downloads\flac_T_aa\flac_T\T_0000031172.flac,bonafide,bonafide
T_0000007584,C:\Users\walia\Downloads\flac_T_aa\flac_T\T_0000007584.flac,spoof,A07
T_0000033471,C:\Users\walia\Downloads\flac_T_aa\flac_T\T_0000033471.flac,bonafide,bonafide
T_0000003770,C:\Users\walia\Downloads\flac_T_aa\flac_T\T_0000003770.flac,bonafide,bonafide
T_0000014941,C:\Users\walia\Downloads\flac_T_aa\flac_T\T_0000014941.flac,bonafide,bonafide
T_0000009367,C:\Users\walia\Downloads\flac_T_aa\flac_T\T_0000009367.flac,spoof,A05
T_0000023468,C:\Users\walia\Downloads\flac_T_aa\flac_T\T_0000023468.flac,spoof,A05
T_0000023717,C:\Users\walia\Downloads\flac_T_aa\flac_T\T_0000023717.flac,spoof,A02
T_0000033664,C:\Users\walia\Downloads\flac_T_aa\flac_T\T_0000033664.flac,bonafide,bonafide
T_0000011992,C:\Users\walia\Downloads\flac_T_aa\flac_T\T_0000011992.flac,spoof,A05
T_0000024754,C:\Users\walia\Downloads\flac_T_aa\flac_T\T_0000024754.flac,spoof,A07
T_0000035189,C:\Users\walia\Downloads\flac_T_aa\flac_T\T_0000035189.flac,spoof,A01
T_0000031640,C:\Users\walia\Downloads\flac_T_aa\flac_T\T_0000031640.flac,bonafide,bonafide
T_0000023792,C:\Users\walia\Downloads\flac_T_aa\flac_T\T_0000023792.flac,spoof,A05
T_0000029839,C:\Users\walia\Downloads\flac_T_aa\flac_T\T_0000029839.flac,bonafide,bonafide
T_0000033698,C:\Users\walia\Downloads\flac_T_aa\flac_T\T_0000033698.flac,spoof,A03
T_0000036124,C:\Users\walia\Downloads\flac_T_aa\flac_T\T_0000036124.flac,bonafide,bonafide
T_0000022781,C:\Users\walia\Downloads\flac_T_aa\flac_T\T_0000022781.flac,bonafide,bonafide
T_0000032648,C:\Users\walia\Downloads\flac_T_aa\flac_T\T_0000032648.flac,bonafide,bonafide
T_0000031107,C:\Users\walia\Downloads\flac_T_aa\flac_T\T_0000031107.flac,bonafide,bonafide
T_0000022963,C:\Users\walia\Downloads\flac_T_aa\flac_T\T_0000022963.flac,bonafide,bonafide
T_0000031367,C:\Users\walia\Downloads\flac_T_aa\flac_T\T_0000031367.flac,bonafide,bonafide
T_0000003246,C:\Users\walia\Downloads\flac_T_aa\flac_T\T_0000003246.flac,spoof,A02
T_0000034090,C:\Users\walia\Downloads\flac_T_aa\flac_T\T_0000034090.flac,spoof,A08
T_0000027762,C:\Users\walia\Downloads\flac_T_aa\flac_T\T_0000027762.flac,spoof,A01
T_0000022136,C:\Users\walia\Downloads\flac_T_aa\flac_T\T_0000022136.flac,bonafide,bonafide
T_0000013050,C:\Users\walia\Downloads\flac_T_aa\flac_T\T_0000013050.flac,spoof,A08
T_0000003197,C:\Users\walia\Downloads\flac_T_aa\flac_T\T_0000003197.flac,spoof,A02
T_0000020921,C:\Users\walia\Downloads\flac_T_aa\flac_T\T_0000020921.flac,bonafide,bonafide
T_0000029051,C:\Users\walia\Downloads\flac_T_aa\flac_T\T_0000029051.flac,spoof,A05
T_0000005718,C:\Users\walia\Downloads\flac_T_aa\flac_T\T_0000005718.flac,spoof,A01
T_0000022510,C:\Users\walia\Downloads\flac_T_aa\flac_T\T_0000022510.flac,bonafide,bonafide
T_0000031856,C:\Users\walia\Downloads\flac_T_aa\flac_T\T_0000031856.flac,spoof,A03
T_0000004288,C:\Users\walia\Downloads\flac_T_aa\flac_T\T_0000004288.flac,spoof,A03
T_0000024634,C:\Users\walia\Downloads\flac_T_aa\flac_T\T_0000024634.flac,spoof,A05
T_0000018640,C:\Users\walia\Downloads\flac_T_aa\flac_T\T_0000018640.flac,spoof,A08
T_0000025844,C:\Users\walia\Downloads\flac_T_aa\flac_T\T_0000025844.flac,spoof,A04
T_0000007360,C:\Users\walia\Downloads\flac_T_aa\flac_T\T_0000007360.flac,bonafide,bonafide
T_0000009580,C:\Users\walia\Downloads\flac_T_aa\flac_T\T_0000009580.flac,bonafide,bonafide
T_0000013953,C:\Users\walia\Downloads\flac_T_aa\flac_T\T_0000013953.flac,bonafide,bonafide
T_0000001125,C:\Users\walia\Downloads\flac_T_aa\flac_T\T_0000001125.flac,spoof,A02
T_0000002251,C:\Users\walia\Downloads\flac_T_aa\flac_T\T_0000002251.flac,spoof,A02
T_0000023882,C:\Users\walia\Downloads\flac_T_aa\flac_T\T_0000023882.flac,bonafide,bonafide
T_0000023794,C:\Users\walia\Downloads\flac_T_aa\flac_T\T_0000023794.flac,bonafide,bonafide
T_0000025421,C:\Users\walia\Downloads\flac_T_aa\flac_T\T_0000025421.flac,bonafide,bonafide
T_0000034231,C:\Users\walia\Downloads\flac_T_aa\flac_T\T_0000034231.flac,bonafide,bonafide
T_0000009451,C:\Users\walia\Downloads\flac_T_aa\flac_T\T_0000009451.flac,bonafide,bonafide
T_0000029441,C:\Users\walia\Downloads\flac_T_aa\flac_T\T_0000029441.flac,bonafide,bonafide
T_0000012927,C:\Users\walia\Downloads\flac_T_aa\flac_T\T_0000012927.flac,spoof,A01
T_0000006815,C:\Users\walia\Downloads\flac_T_aa\flac_T\T_0000006815.flac,spoof,A08
T_0000029016,C:\Users\walia\Downloads\flac_T_aa\flac_T\T_0000029016.flac,spoof,A08
T_0000023425,C:\Users\walia\Downloads\flac_T_aa\flac_T\T_0000023425.flac,spoof,A06
T_0000023013,C:\Users\walia\Downloads\flac_T_aa\flac_T\T_0000023013.flac,spoof,A03
T_0000001104,C:\Users\walia\Downloads\flac_T_aa\flac_T\T_0000001104.flac,bonafide,bonafide
T_0000021753,C:\Users\walia\Downloads\flac_T_aa\flac_T\T_0000021753.flac,spoof,A06
T_0000030929,C:\Users\walia\Downloads\flac_T_aa\flac_T\T_0000030929.flac,spoof,A01
T_0000015668,C:\Users\walia\Downloads\flac_T_aa\flac_T\T_0000015668.flac,bonafide,bonafide
T_0000019895,C:\Users\walia\Downloads\flac_T_aa\flac_T\T_0000019895.flac,spoof,A06
T_0000020830,C:\Users\walia\Downloads\flac_T_aa\flac_T\T_0000020830.flac,spoof,A04
T_0000010603,C:\Users\walia\Downloads\flac_T_aa\flac_T\T_0000010603.flac,spoof,A02
T_0000027234,C:\Users\walia\Downloads\flac_T_aa\flac_T\T_0000027234.flac,bonafide,bonafide
T_0000004540,C:\Users\walia\Downloads\flac_T_aa\flac_T\T_0000004540.flac,bonafide,bonafide
T_0000003290,C:\Users\walia\Downloads\flac_T_aa\flac_T\T_0000003290.flac,spoof,A05
T_0000012674,C:\Users\walia\Downloads\flac_T_aa\flac_T\T_0000012674.flac,spoof,A05
T_0000011606,C:\Users\walia\Downloads\flac_T_aa\flac_T\T_0000011606.flac,spoof,A08
T_0000033764,C:\Users\walia\Downloads\flac_T_aa\flac_T\T_0000033764.flac,bonafide,bonafide
T_0000033584,C:\Users\walia\Downloads\flac_T_aa\flac_T\T_0000033584.flac,spoof,A05
T_0000016958,C:\Users\walia\Downloads\flac_T_aa\flac_T\T_0000016958.flac,bonafide,bonafide
T_0000004509,C:\Users\walia\Downloads\flac_T_aa\flac_T\T_0000004509.flac,bonafide,bonafide
T_0000035368,C:\Users\walia\Downloads\flac_T_aa\flac_T\T_0000035368.flac,bonafide,bonafide
T_0000014931,C:\Users\walia\Downloads\flac_T_aa\flac_T\T_0000014931.flac,bonafide,bonafide
T_0000008290,C:\Users\walia\Downloads\flac_T_aa\flac_T\T_0000008290.flac,bonafide,bonafide
T_0000014254,C:\Users\walia\Downloads\flac_T_aa\flac_T\T_0000014254.flac,spoof,A01
T_0000000527,C:\Users\walia\Downloads\flac_T_aa\flac_T\T_0000000527.flac,bonafide,bonafide
T_0000021199,C:\Users\walia\Downloads\flac_T_aa\flac_T\T_0000021199.flac,bonafide,bonafide
T_0000017833,C:\Users\walia\Downloads\flac_T_aa\flac_T\T_0000017833.flac,bonafide,bonafide
T_0000031278,C:\Users\walia\Downloads\flac_T_aa\flac_T\T_0000031278.flac,bonafide,bonafide
T_0000011708,C:\Users\walia\Downloads\flac_T_aa\flac_T\T_0000011708.flac,bonafide,bonafide
T_0000029090,C:\Users\walia\Downloads\flac_T_aa\flac_T\T_0000029090.flac,bonafide,bonafide
T_0000005003,C:\Users\walia\Downloads\flac_T_aa\flac_T\T_0000005003.flac,spoof,A06
T_0000004467,C:\Users\walia\Downloads\flac_T_aa\flac_T\T_0000004467.flac,spoof,A05
T_0000027973,C:\Users\walia\Downloads\flac_T_aa\flac_T\T_0000027973.flac,spoof,A07
T_0000033680,C:\Users\walia\Downloads\flac_T_aa\flac_T\T_0000033680.flac,spoof,A03
T_0000031450,C:\Users\walia\Downloads\flac_T_aa\flac_T\T_0000031450.flac,spoof,A01
T_0000036466,C:\Users\walia\Downloads\flac_T_aa\flac_T\T_0000036466.flac,spoof,A06
T_0000006804,C:\Users\walia\Downloads\flac_T_aa\flac_T\T_0000006804.flac,bonafide,bonafide
T_0000034068,C:\Users\walia\Downloads\flac_T_aa\flac_T\T_0000034068.flac,bonafide,bonafide
T_0000014423,C:\Users\walia\Downloads\flac_T_aa\flac_T\T_0000014423.flac,spoof,A01
T_0000032549,C:\Users\walia\Downloads\flac_T_aa\flac_T\T_0000032549.flac,bonafide,bonafide
T_0000004687,C:\Users\walia\Downloads\flac_T_aa\flac_T\T_0000004687.flac,spoof,A06
T_0000009524,C:\Users\walia\Downloads\flac_T_aa\flac_T\T_0000009524.flac,bonafide,bonafide
T_0000013337,C:\Users\walia\Downloads\flac_T_aa\flac_T\T_0000013337.flac,spoof,A02
T_0000030001,C:\Users\walia\Downloads\flac_T_aa\flac_T\T_0000030001.flac,bonafide,bonafide
T_0000033756,C:\Users\walia\Downloads\flac_T_aa\flac_T\T_0000033756.flac,spoof,A07
T_0000030045,C:\Users\walia\Downloads\flac_T_aa\flac_T\T_0000030045.flac,bonafide,bonafide
T_0000002611,C:\Users\walia\Downloads\flac_T_aa\flac_T\T_0000002611.flac,spoof,A06
T_0000011587,C:\Users\walia\Downloads\flac_T_aa\flac_T\T_0000011587.flac,bonafide,bonafide
T_0000033575,C:\Users\walia\Downloads\flac_T_aa\flac_T\T_0000033575.flac,bonafide,bonafide
T_0000015654,C:\Users\walia\Downloads\flac_T_aa\flac_T\T_0000015654.flac,spoof,A04
T_0000025005,C:\Users\walia\Downloads\flac_T_aa\flac_T\T_0000025005.flac,spoof,A05
T_0000012364,C:\Users\walia\Downloads\flac_T_aa\flac_T\T_0000012364.flac,bonafide,bonafide
T_0000032885,C:\Users\walia\Downloads\flac_T_aa\flac_T\T_0000032885.flac,bonafide,bonafide
T_0000030806,C:\Users\walia\Downloads\flac_T_aa\flac_T\T_0000030806.flac,spoof,A04
T_0000000196,C:\Users\walia\Downloads\flac_T_aa\flac_T\T_0000000196.flac,bonafide,bonafide
T_0000025732,C:\Users\walia\Downloads\flac_T_aa\flac_T\T_0000025732.flac,bonafide,bonafide
T_0000022118,C:\Users\walia\Downloads\flac_T_aa\flac_T\T_0000022118.flac,spoof,A02
T_0000011843,C:\Users\walia\Downloads\flac_T_aa\flac_T\T_0000011843.flac,bonafide,bonafide
T_0000015932,C:\Users\walia\Downloads\flac_T_aa\flac_T\T_0000015932.flac,spoof,A01
T_0000022577,C:\Users\walia\Downloads\flac_T_aa\flac_T\T_0000022577.flac,bonafide,bonafide
T_0000013552,C:\Users\walia\Downloads\flac_T_aa\flac_T\T_0000013552.flac,spoof,A07
T_0000025505,C:\Users\walia\Downloads\flac_T_aa\flac_T\T_0000025505.flac,bonafide,bonafide
T_0000029179,C:\Users\walia\Downloads\flac_T_aa\flac_T\T_0000029179.flac,spoof,A07
T_0000027759,C:\Users\walia\Downloads\flac_T_aa\flac_T\T_0000027759.flac,bonafide,bonafide
T_0000029807,C:\Users\walia\Downloads\flac_T_aa\flac_T\T_0000029807.flac,spoof,A01
T_0000017432,C:\Users\walia\Downloads\flac_T_aa\flac_T\T_0000017432.flac,bonafide,bonafide
T_0000007480,C:\Users\walia\Downloads\flac_T_aa\flac_T\T_0000007480.flac,spoof,A08
T_0000008019,C:\Users\walia\Downloads\flac_T_aa\flac_T\T_0000008019.flac,bonafide,bonafide
T_0000003662,C:\Users\walia\Downloads\flac_T_aa\flac_T\T_0000003662.flac,bonafide,bonafide
T_0000026111,C:\Users\walia\Downloads\flac_T_aa\flac_T\T_0000026111.flac,spoof,A05
T_0000009195,C:\Users\walia\Downloads\flac_T_aa\flac_T\T_0000009195.flac,bonafide,bonafide
T_0000004732,C:\Users\walia\Downloads\flac_T_aa\flac_T\T_0000004732.flac,spoof,A01
T_0000026152,C:\Users\walia\Downloads\flac_T_aa\flac_T\T_0000026152.flac,spoof,A06
T_0000004005,C:\Users\walia\Downloads\flac_T_aa\flac_T\T_0000004005.flac,spoof,A05
T_0000015224,C:\Users\walia\Downloads\flac_T_aa\flac_T\T_0000015224.flac,bonafide,bonafide
T_0000024678,C:\Users\walia\Downloads\flac_T_aa\flac_T\T_0000024678.flac,spoof,A05
T_0000021122,C:\Users\walia\Downloads\flac_T_aa\flac_T\T_0000021122.flac,spoof,A03
T_0000020202,C:\Users\walia\Downloads\flac_T_aa\flac_T\T_0000020202.flac,spoof,A06
T_0000014443,C:\Users\walia\Downloads\flac_T_aa\flac_T\T_0000014443.flac,spoof,A03
T_0000010773,C:\Users\walia\Downloads\flac_T_aa\flac_T\T_0000010773.flac,spoof,A08
T_0000003195,C:\Users\walia\Downloads\flac_T_aa\flac_T\T_0000003195.flac,spoof,A01
T_0000000971,C:\Users\walia\Downloads\flac_T_aa\flac_T\T_0000000971.flac,bonafide,bonafide
T_0000026453,C:\Users\walia\Downloads\flac_T_aa\flac_T\T_0000026453.flac,bonafide,bonafide
T_0000007698,C:\Users\walia\Downloads\flac_T_aa\flac_T\T_0000007698.flac,spoof,A02
T_0000015998,C:\Users\walia\Downloads\flac_T_aa\flac_T\T_0000015998.flac,bonafide,bonafide
T_0000025644,C:\Users\walia\Downloads\flac_T_aa\flac_T\T_0000025644.flac,bonafide,bonafide
T_0000033175,C:\Users\walia\Downloads\flac_T_aa\flac_T\T_0000033175.flac,bonafide,bonafide
T_0000001110,C:\Users\walia\Downloads\flac_T_aa\flac_T\T_0000001110.flac,bonafide,bonafide
T_0000002038,C:\Users\walia\Downloads\flac_T_aa\flac_T\T_0000002038.flac,bonafide,bonafide
T_0000004367,C:\Users\walia\Downloads\flac_T_aa\flac_T\T_0000004367.flac,bonafide,bonafide
T_0000015088,C:\Users\walia\Downloads\flac_T_aa\flac_T\T_0000015088.flac,spoof,A06
T_0000004481,C:\Users\walia\Downloads\flac_T_aa\flac_T\T_0000004481.flac,spoof,A01
T_0000000291,C:\Users\walia\Downloads\flac_T_aa\flac_T\T_0000000291.flac,spoof,A06
T_0000014264,C:\Users\walia\Downloads\flac_T_aa\flac_T\T_0000014264.flac,spoof,A06
T_0000015259,C:\Users\walia\Downloads\flac_T_aa\flac_T\T_0000015259.flac,bonafide,bonafide
T_0000014847,C:\Users\walia\Downloads\flac_T_aa\flac_T\T_0000014847.flac,bonafide,bonafide
T_0000006920,C:\Users\walia\Downloads\flac_T_aa\flac_T\T_0000006920.flac,spoof,A08
T_0000033303,C:\Users\walia\Downloads\flac_T_aa\flac_T\T_0000033303.flac,bonafide,bonafide
T_0000009748,C:\Users\walia\Downloads\flac_T_aa\flac_T\T_0000009748.flac,spoof,A08
T_0000008980,C:\Users\walia\Downloads\flac_T_aa\flac_T\T_0000008980.flac,spoof,A02
T_0000027679,C:\Users\walia\Downloads\flac_T_aa\flac_T\T_0000027679.flac,bonafide,bonafide
T_0000013781,C:\Users\walia\Downloads\flac_T_aa\flac_T\T_0000013781.flac,spoof,A07
T_0000025372,C:\Users\walia\Downloads\flac_T_aa\flac_T\T_0000025372.flac,spoof,A06
T_0000020289,C:\Users\walia\Downloads\flac_T_aa\flac_T\T_0000020289.flac,spoof,A03
T_0000026623,C:\Users\walia\Downloads\flac_T_aa\flac_T\T_0000026623.flac,spoof,A06
T_0000020563,C:\Users\walia\Downloads\flac_T_aa\flac_T\T_0000020563.flac,bonafide,bonafide
T_0000005250,C:\Users\walia\Downloads\flac_T_aa\flac_T\T_0000005250.flac,spoof,A08
T_0000033113,C:\Users\walia\Downloads\flac_T_aa\flac_T\T_0000033113.flac,bonafide,bonafide
T_0000001884,C:\Users\walia\Downloads\flac_T_aa\flac_T\T_0000001884.flac,spoof,A04
T_0000026454,C:\Users\walia\Downloads\flac_T_aa\flac_T\T_0000026454.flac,spoof,A06
T_0000005367,C:\Users\walia\Downloads\flac_T_aa\flac_T\T_0000005367.flac,bonafide,bonafide
T_0000021811,C:\Users\walia\Downloads\flac_T_aa\flac_T\T_0000021811.flac,bonafide,bonafide
T_0000000751,C:\Users\walia\Downloads\flac_T_aa\flac_T\T_0000000751.flac,spoof,A02
T_0000020840,C:\Users\walia\Downloads\flac_T_aa\flac_T\T_0000020840.flac,spoof,A04
T_0000036263,C:\Users\walia\Downloads\flac_T_aa\flac_T\T_0000036263.flac,spoof,A04
T_0000007694,C:\Users\walia\Downloads\flac_T_aa\flac_T\T_0000007694.flac,bonafide,bonafide
T_0000032154,C:\Users\walia\Downloads\flac_T_aa\flac_T\T_0000032154.flac,bonafide,bonafide
T_0000016887,C:\Users\walia\Downloads\flac_T_aa\flac_T\T_0000016887.flac,bonafide,bonafide
T_0000027545,C:\Users\walia\Downloads\flac_T_aa\flac_T\T_0000027545.flac,bonafide,bonafide
T_0000022638,C:\Users\walia\Downloads\flac_T_aa\flac_T\T_0000022638.flac,spoof,A06
T_0000021630,C:\Users\walia\Downloads\flac_T_aa\flac_T\T_0000021630.flac,bonafide,bonafide
T_0000000921,C:\Users\walia\Downloads\flac_T_aa\flac_T\T_0000000921.flac,bonafide,bonafide
T_0000008508,C:\Users\walia\Downloads\flac_T_aa\flac_T\T_0000008508.flac,bonafide,bonafide
T_0000024498,C:\Users\walia\Downloads\flac_T_aa\flac_T\T_0000024498.flac,spoof,A07
T_0000034531,C:\Users\walia\Downloads\flac_T_aa\flac_T\T_0000034531.flac,spoof,A08
T_0000034978,C:\Users\walia\Downloads\flac_T_aa\flac_T\T_0000034978.flac,spoof,A01
T_0000034801,C:\Users\walia\Downloads\flac_T_aa\flac_T\T_0000034801.flac,spoof,A08
T_0000022785,C:\Users\walia\Downloads\flac_T_aa\flac_T\T_0000022785.flac,spoof,A05
T_0000028680,C:\Users\walia\Downloads\flac_T_aa\flac_T\T_0000028680.flac,spoof,A04
T_0000016349,C:\Users\walia\Downloads\flac_T_aa\flac_T\T_0000016349.flac,bonafide,bonafide
T_0000031433,C:\Users\walia\Downloads\flac_T_aa\flac_T\T_0000031433.flac,bonafide,bonafide
T_0000027427,C:\Users\walia\Downloads\flac_T_aa\flac_T\T_0000027427.flac,spoof,A01
T_0000028497,C:\Users\walia\Downloads\flac_T_aa\flac_T\T_0000028497.flac,spoof,A08
T_0000024638,C:\Users\walia\Downloads\flac_T_aa\flac_T\T_0000024638.flac,spoof,A06
T_0000028964,C:\Users\walia\Downloads\flac_T_aa\flac_T\T_0000028964.flac,spoof,A03
T_0000009224,C:\Users\walia\Downloads\flac_T_aa\flac_T\T_0000009224.flac,spoof,A05
T_0000033432,C:\Users\walia\Downloads\flac_T_aa\flac_T\T_0000033432.flac,spoof,A05
T_0000018818,C:\Users\walia\Downloads\flac_T_aa\flac_T\T_0000018818.flac,bonafide,bonafide
T_0000031174,C:\Users\walia\Downloads\flac_T_aa\flac_T\T_0000031174.flac,spoof,A08
T_0000016705,C:\Users\walia\Downloads\flac_T_aa\flac_T\T_0000016705.flac,spoof,A04
T_0000000107,C:\Users\walia\Downloads\flac_T_aa\flac_T\T_0000000107.flac,spoof,A01
T_0000005707,C:\Users\walia\Downloads\flac_T_aa\flac_T\T_0000005707.flac,bonafide,bonafide
T_0000024459,C:\Users\walia\Downloads\flac_T_aa\flac_T\T_0000024459.flac,spoof,A05
T_0000030354,C:\Users\walia\Downloads\flac_T_aa\flac_T\T_0000030354.flac,spoof,A03
T_0000008298,C:\Users\walia\Downloads\flac_T_aa\flac_T\T_0000008298.flac,spoof,A06
T_0000031472,C:\Users\walia\Downloads\flac_T_aa\flac_T\T_0000031472.flac,spoof,A01
T_0000014667,C:\Users\walia\Downloads\flac_T_aa\flac_T\T_0000014667.flac,bonafide,bonafide
T_0000027012,C:\Users\walia\Downloads\flac_T_aa\flac_T\T_0000027012.flac,spoof,A06
T_0000006927,C:\Users\walia\Downloads\flac_T_aa\flac_T\T_0000006927.flac,bonafide,bonafide
T_0000020083,C:\Users\walia\Downloads\flac_T_aa\flac_T\T_0000020083.flac,spoof,A03
T_0000030029,C:\Users\walia\Downloads\flac_T_aa\flac_T\T_0000030029.flac,bonafide,bonafide
T_0000034045,C:\Users\walia\Downloads\flac_T_aa\flac_T\T_0000034045.flac,bonafide,bonafide
T_0000004337,C:\Users\walia\Downloads\flac_T_aa\flac_T\T_0000004337.flac,spoof,A07
T_0000021413,C:\Users\walia\Downloads\flac_T_aa\flac_T\T_0000021413.flac,spoof,A04
T_0000002262,C:\Users\walia\Downloads\flac_T_aa\flac_T\T_0000002262.flac,bonafide,bonafide
T_0000032987,C:\Users\walia\Downloads\flac_T_aa\flac_T\T_0000032987.flac,spoof,A06
T_0000026308,C:\Users\walia\Downloads\flac_T_aa\flac_T\T_0000026308.flac,bonafide,bonafide
T_0000005330,C:\Users\walia\Downloads\flac_T_aa\flac_T\T_0000005330.flac,spoof,A08
T_0000013165,C:\Users\walia\Downloads\flac_T_aa\flac_T\T_0000013165.flac,spoof,A08
T_0000027041,C:\Users\walia\Downloads\flac_T_aa\flac_T\T_0000027041.flac,spoof,A08
T_0000013564,C:\Users\walia\Downloads\flac_T_aa\flac_T\T_0000013564.flac,bonafide,bonafide
T_0000009246,C:\Users\walia\Downloads\flac_T_aa\flac_T\T_0000009246.flac,bonafide,bonafide
T_0000033308,C:\Users\walia\Downloads\flac_T_aa\flac_T\T_0000033308.flac,bonafide,bonafide
T_0000006728,C:\Users\walia\Downloads\flac_T_aa\flac_T\T_0000006728.flac,spoof,A08
T_0000006773,C:\Users\walia\Downloads\flac_T_aa\flac_T\T_0000006773.flac,bonafide,bonafide
T_0000000700,C:\Users\walia\Downloads\flac_T_aa\flac_T\T_0000000700.flac,bonafide,bonafide
T_0000003240,C:\Users\walia\Downloads\flac_T_aa\flac_T\T_0000003240.flac,spoof,A08
T_0000010767,C:\Users\walia\Downloads\flac_T_aa\flac_T\T_0000010767.flac,spoof,A07
T_0000026509,C:\Users\walia\Downloads\flac_T_aa\flac_T\T_0000026509.flac,bonafide,bonafide
T_0000020494,C:\Users\walia\Downloads\flac_T_aa\flac_T\T_0000020494.flac,spoof,A03
T_0000028182,C:\Users\walia\Downloads\flac_T_aa\flac_T\T_0000028182.flac,spoof,A08
T_0000016641,C:\Users\walia\Downloads\flac_T_aa\flac_T\T_0000016641.flac,bonafide,bonafide
T_0000033019,C:\Users\walia\Downloads\flac_T_aa\flac_T\T_0000033019.flac,spoof,A03
T_0000009491,C:\Users\walia\Downloads\flac_T_aa\flac_T\T_0000009491.flac,bonafide,bonafide
T_0000007867,C:\Users\walia\Downloads\flac_T_aa\flac_T\T_0000007867.flac,bonafide,bonafide
T_0000029971,C:\Users\walia\Downloads\flac_T_aa\flac_T\T_0000029971.flac,spoof,A01
T_0000007619,C:\Users\walia\Downloads\flac_T_aa\flac_T\T_0000007619.flac,bonafide,bonafide
T_0000020393,C:\Users\walia\Downloads\flac_T_aa\flac_T\T_0000020393.flac,spoof,A08
T_0000016368,C:\Users\walia\Downloads\flac_T_aa\flac_T\T_0000016368.flac,spoof,A07
T_0000000409,C:\Users\walia\Downloads\flac_T_aa\flac_T\T_0000000409.flac,bonafide,bonafide
T_0000034087,C:\Users\walia\Downloads\flac_T_aa\flac_T\T_0000034087.flac,bonafide,bonafide
T_0000013173,C:\Users\walia\Downloads\flac_T_aa\flac_T\T_0000013173.flac,spoof,A05
T_0000030351,C:\Users\walia\Downloads\flac_T_aa\flac_T\T_0000030351.flac,spoof,A03
T_0000019090,C:\Users\walia\Downloads\flac_T_aa\flac_T\T_0000019090.flac,bonafide,bonafide
T_0000033388,C:\Users\walia\Downloads\flac_T_aa\flac_T\T_0000033388.flac,spoof,A03
T_0000036397,C:\Users\walia\Downloads\flac_T_aa\flac_T\T_0000036397.flac,bonafide,bonafide
T_0000020718,C:\Users\walia\Downloads\flac_T_aa\flac_T\T_0000020718.flac,spoof,A04
T_0000029619,C:\Users\walia\Downloads\flac_T_aa\flac_T\T_0000029619.flac,spoof,A05
T_0000029297,C:\Users\walia\Downloads\flac_T_aa\flac_T\T_0000029297.flac,bonafide,bonafide
T_0000027520,C:\Users\walia\Downloads\flac_T_aa\flac_T\T_0000027520.flac,spoof,A02
T_0000023966,C:\Users\walia\Downloads\flac_T_aa\flac_T\T_0000023966.flac,bonafide,bonafide
T_0000036183,C:\Users\walia\Downloads\flac_T_aa\flac_T\T_0000036183.flac,bonafide,bonafide
T_0000009933,C:\Users\walia\Downloads\flac_T_aa\flac_T\T_0000009933.flac,bonafide,bonafide
T_0000004829,C:\Users\walia\Downloads\flac_T_aa\flac_T\T_0000004829.flac,bonafide,bonafide
T_0000034477,C:\Users\walia\Downloads\flac_T_aa\flac_T\T_0000034477.flac,bonafide,bonafide
T_0000007288,C:\Users\walia\Downloads\flac_T_aa\flac_T\T_0000007288.flac,spoof,A06
T_0000022635,C:\Users\walia\Downloads\flac_T_aa\flac_T\T_0000022635.flac,bonafide,bonafide
T_0000006387,C:\Users\walia\Downloads\flac_T_aa\flac_T\T_0000006387.flac,bonafide,bonafide
T_0000026358,C:\Users\walia\Downloads\flac_T_aa\flac_T\T_0000026358.flac,bonafide,bonafide
T_0000004023,C:\Users\walia\Downloads\flac_T_aa\flac_T\T_0000004023.flac,bonafide,bonafide
T_0000000533,C:\Users\walia\Downloads\flac_T_aa\flac_T\T_0000000533.flac,spoof,A07
T_0000014614,C:\Users\walia\Downloads\flac_T_aa\flac_T\T_0000014614.flac,bonafide,bonafide
T_0000006109,C:\Users\walia\Downloads\flac_T_aa\flac_T\T_0000006109.flac,bonafide,bonafide
T_0000011919,C:\Users\walia\Downloads\flac_T_aa\flac_T\T_0000011919.flac,bonafide,bonafide
T_0000007643,C:\Users\walia\Downloads\flac_T_aa\flac_T\T_0000007643.flac,bonafide,bonafide
T_0000004335,C:\Users\walia\Downloads\flac_T_aa\flac_T\T_0000004335.flac,bonafide,bonafide
T_0000023962,C:\Users\walia\Downloads\flac_T_aa\flac_T\T_0000023962.flac,bonafide,bonafide
T_0000034680,C:\Users\walia\Downloads\flac_T_aa\flac_T\T_0000034680.flac,bonafide,bonafide
T_0000007678,C:\Users\walia\Downloads\flac_T_aa\flac_T\T_0000007678.flac,bonafide,bonafide
T_0000035324,C:\Users\walia\Downloads\flac_T_aa\flac_T\T_0000035324.flac,spoof,A05
T_0000035449,C:\Users\walia\Downloads\flac_T_aa\flac_T\T_0000035449.flac,bonafide,bonafide
T_0000014953,C:\Users\walia\Downloads\flac_T_aa\flac_T\T_0000014953.flac,spoof,A07
T_0000011227,C:\Users\walia\Downloads\flac_T_aa\flac_T\T_0000011227.flac,bonafide,bonafide
T_0000029459,C:\Users\walia\Downloads\flac_T_aa\flac_T\T_0000029459.flac,bonafide,bonafide
T_0000008984,C:\Users\walia\Downloads\flac_T_aa\flac_T\T_0000008984.flac,bonafide,bonafide
T_0000000621,C:\Users\walia\Downloads\flac_T_aa\flac_T\T_0000000621.flac,bonafide,bonafide
T_0000004684,C:\Users\walia\Downloads\flac_T_aa\flac_T\T_0000004684.flac,spoof,A06
T_0000008879,C:\Users\walia\Downloads\flac_T_aa\flac_T\T_0000008879.flac,spoof,A05
T_0000019204,C:\Users\walia\Downloads\flac_T_aa\flac_T\T_0000019204.flac,spoof,A02
T_0000034917,C:\Users\walia\Downloads\flac_T_aa\flac_T\T_0000034917.flac,spoof,A01
T_0000025892,C:\Users\walia\Downloads\flac_T_aa\flac_T\T_0000025892.flac,spoof,A06
T_0000025185,C:\Users\walia\Downloads\flac_T_aa\flac_T\T_0000025185.flac,spoof,A04
T_0000021061,C:\Users\walia\Downloads\flac_T_aa\flac_T\T_0000021061.flac,bonafide,bonafide
T_0000033690,C:\Users\walia\Downloads\flac_T_aa\flac_T\T_0000033690.flac,spoof,A02
T_0000014803,C:\Users\walia\Downloads\flac_T_aa\flac_T\T_0000014803.flac,spoof,A04
T_0000012322,C:\Users\walia\Downloads\flac_T_aa\flac_T\T_0000012322.flac,spoof,A01
T_0000006766,C:\Users\walia\Downloads\flac_T_aa\flac_T\T_0000006766.flac,bonafide,bonafide
T_0000029067,C:\Users\walia\Downloads\flac_T_aa\flac_T\T_0000029067.flac,spoof,A06
T_0000034059,C:\Users\walia\Downloads\flac_T_aa\flac_T\T_0000034059.flac,bonafide,bonafide
T_0000018898,C:\Users\walia\Downloads\flac_T_aa\flac_T\T_0000018898.flac,spoof,A02
T_0000025170,C:\Users\walia\Downloads\flac_T_aa\flac_T\T_0000025170.flac,spoof,A02
T_0000004749,C:\Users\walia\Downloads\flac_T_aa\flac_T\T_0000004749.flac,bonafide,bonafide
T_0000017551,C:\Users\walia\Downloads\flac_T_aa\flac_T\T_0000017551.flac,spoof,A01
T_0000006660,C:\Users\walia\Downloads\flac_T_aa\flac_T\T_0000006660.flac,spoof,A06
T_0000034568,C:\Users\walia\Downloads\flac_T_aa\flac_T\T_0000034568.flac,spoof,A07
T_0000015723,C:\Users\walia\Downloads\flac_T_aa\flac_T\T_0000015723.flac,bonafide,bonafide
T_0000022319,C:\Users\walia\Downloads\flac_T_aa\flac_T\T_0000022319.flac,bonafide,bonafide
T_0000016980,C:\Users\walia\Downloads\flac_T_aa\flac_T\T_0000016980.flac,bonafide,bonafide
T_0000005188,C:\Users\walia\Downloads\flac_T_aa\flac_T\T_0000005188.flac,bonafide,bonafide
T_0000010926,C:\Users\walia\Downloads\flac_T_aa\flac_T\T_0000010926.flac,spoof,A07
T_0000001567,C:\Users\walia\Downloads\flac_T_aa\flac_T\T_0000001567.flac,bonafide,bonafide
T_0000015418,C:\Users\walia\Downloads\flac_T_aa\flac_T\T_0000015418.flac,bonafide,bonafide
T_0000021259,C:\Users\walia\Downloads\flac_T_aa\flac_T\T_0000021259.flac,bonafide,bonafide
T_0000008606,C:\Users\walia\Downloads\flac_T_aa\flac_T\T_0000008606.flac,spoof,A03
T_0000022185,C:\Users\walia\Downloads\flac_T_aa\flac_T\T_0000022185.flac,spoof,A02
T_0000001914,C:\Users\walia\Downloads\flac_T_aa\flac_T\T_0000001914.flac,spoof,A01
T_0000008397,C:\Users\walia\Downloads\flac_T_aa\flac_T\T_0000008397.flac,spoof,A04
T_0000005663,C:\Users\walia\Downloads\flac_T_aa\flac_T\T_0000005663.flac,bonafide,bonafide
T_0000025911,C:\Users\walia\Downloads\flac_T_aa\flac_T\T_0000025911.flac,bonafide,bonafide
T_0000020545,C:\Users\walia\Downloads\flac_T_aa\flac_T\T_0000020545.flac,spoof,A01
T_0000004561,C:\Users\walia\Downloads\flac_T_aa\flac_T\T_0000004561.flac,bonafide,bonafide
T_0000029469,C:\Users\walia\Downloads\flac_T_aa\flac_T\T_0000029469.flac,bonafide,bonafide
T_0000017048,C:\Users\walia\Downloads\flac_T_aa\flac_T\T_0000017048.flac,spoof,A05
T_0000034397,C:\Users\walia\Downloads\flac_T_aa\flac_T\T_0000034397.flac,spoof,A03
T_0000018514,C:\Users\walia\Downloads\flac_T_aa\flac_T\T_0000018514.flac,bonafide,bonafide
T_0000005679,C:\Users\walia\Downloads\flac_T_aa\flac_T\T_0000005679.flac,spoof,A06
T_0000032331,C:\Users\walia\Downloads\flac_T_aa\flac_T\T_0000032331.flac,spoof,A08
T_0000012221,C:\Users\walia\Downloads\flac_T_aa\flac_T\T_0000012221.flac,bonafide,bonafide
T_0000001952,C:\Users\walia\Downloads\flac_T_aa\flac_T\T_0000001952.flac,spoof,A07
T_0000012149,C:\Users\walia\Downloads\flac_T_aa\flac_T\T_0000012149.flac,bonafide,bonafide
T_0000019325,C:\Users\walia\Downloads\flac_T_aa\flac_T\T_0000019325.flac,bonafide,bonafide
T_0000002477,C:\Users\walia\Downloads\flac_T_aa\flac_T\T_0000002477.flac,bonafide,bonafide
T_0000033975,C:\Users\walia\Downloads\flac_T_aa\flac_T\T_0000033975.flac,bonafide,bonafide
T_0000015742,C:\Users\walia\Downloads\flac_T_aa\flac_T\T_0000015742.flac,spoof,A03
T_0000014671,C:\Users\walia\Downloads\flac_T_aa\flac_T\T_0000014671.flac,bonafide,bonafide
T_0000009887,C:\Users\walia\Downloads\flac_T_aa\flac_T\T_0000009887.flac,spoof,A08
T_0000015305,C:\Users\walia\Downloads\flac_T_aa\flac_T\T_0000015305.flac,spoof,A06
T_0000022019,C:\Users\walia\Downloads\flac_T_aa\flac_T\T_0000022019.flac,spoof,A04
T_0000017250,C:\Users\walia\Downloads\flac_T_aa\flac_T\T_0000017250.flac,bonafide,bonafide
T_0000022642,C:\Users\walia\Downloads\flac_T_aa\flac_T\T_0000022642.flac,spoof,A03
T_0000008205,C:\Users\walia\Downloads\flac_T_aa\flac_T\T_0000008205.flac,spoof,A01
T_0000004226,C:\Users\walia\Downloads\flac_T_aa\flac_T\T_0000004226.flac,spoof,A01
T_0000012231,C:\Users\walia\Downloads\flac_T_aa\flac_T\T_0000012231.flac,bonafide,bonafide
T_0000035320,C:\Users\walia\Downloads\flac_T_aa\flac_T\T_0000035320.flac,spoof,A04
T_0000033900,C:\Users\walia\Downloads\flac_T_aa\flac_T\T_0000033900.flac,spoof,A01
T_0000008089,C:\Users\walia\Downloads\flac_T_aa\flac_T\T_0000008089.flac,spoof,A04
T_0000012830,C:\Users\walia\Downloads\flac_T_aa\flac_T\T_0000012830.flac,bonafide,bonafide
T_0000029492,C:\Users\walia\Downloads\flac_T_aa\flac_T\T_0000029492.flac,spoof,A05
T_0000007128,C:\Users\walia\Downloads\flac_T_aa\flac_T\T_0000007128.flac,spoof,A07
T_0000031111,C:\Users\walia\Downloads\flac_T_aa\flac_T\T_0000031111.flac,bonafide,bonafide
T_0000018203,C:\Users\walia\Downloads\flac_T_aa\flac_T\T_0000018203.flac,spoof,A03
T_0000009568,C:\Users\walia\Downloads\flac_T_aa\flac_T\T_0000009568.flac,bonafide,bonafide
T_0000017706,C:\Users\walia\Downloads\flac_T_aa\flac_T\T_0000017706.flac,spoof,A02
T_0000020873,C:\Users\walia\Downloads\flac_T_aa\flac_T\T_0000020873.flac,spoof,A08
T_0000018227,C:\Users\walia\Downloads\flac_T_aa\flac_T\T_0000018227.flac,spoof,A06
T_0000025431,C:\Users\walia\Downloads\flac_T_aa\flac_T\T_0000025431.flac,bonafide,bonafide
T_0000036367,C:\Users\walia\Downloads\flac_T_aa\flac_T\T_0000036367.flac,spoof,A05
T_0000030587,C:\Users\walia\Downloads\flac_T_aa\flac_T\T_0000030587.flac,spoof,A03
T_0000031299,C:\Users\walia\Downloads\flac_T_aa\flac_T\T_0000031299.flac,bonafide,bonafide
T_0000015593,C:\Users\walia\Downloads\flac_T_aa\flac_T\T_0000015593.flac,bonafide,bonafide
T_0000002784,C:\Users\walia\Downloads\flac_T_aa\flac_T\T_0000002784.flac,bonafide,bonafide
T_0000026339,C:\Users\walia\Downloads\flac_T_aa\flac_T\T_0000026339.flac,bonafide,bonafide
T_0000018538,C:\Users\walia\Downloads\flac_T_aa\flac_T\T_0000018538.flac,bonafide,bonafide
T_0000002952,C:\Users\walia\Downloads\flac_T_aa\flac_T\T_0000002952.flac,bonafide,bonafide
T_0000013183,C:\Users\walia\Downloads\flac_T_aa\flac_T\T_0000013183.flac,bonafide,bonafide
T_0000012996,C:\Users\walia\Downloads\flac_T_aa\flac_T\T_0000012996.flac,spoof,A05
T_0000025000,C:\Users\walia\Downloads\flac_T_aa\flac_T\T_0000025000.flac,spoof,A08
T_0000024178,C:\Users\walia\Downloads\flac_T_aa\flac_T\T_0000024178.flac,spoof,A08
T_0000019627,C:\Users\walia\Downloads\flac_T_aa\flac_T\T_0000019627.flac,bonafide,bonafide
T_0000031127,C:\Users\walia\Downloads\flac_T_aa\flac_T\T_0000031127.flac,spoof,A05
T_0000023916,C:\Users\walia\Downloads\flac_T_aa\flac_T\T_0000023916.flac,spoof,A07
T_0000015592,C:\Users\walia\Downloads\flac_T_aa\flac_T\T_0000015592.flac,spoof,A01
T_0000009997,C:\Users\walia\Downloads\flac_T_aa\flac_T\T_0000009997.flac,spoof,A02
T_0000035491,C:\Users\walia\Downloads\flac_T_aa\flac_T\T_0000035491.flac,bonafide,bonafide
T_0000004299,C:\Users\walia\Downloads\flac_T_aa\flac_T\T_0000004299.flac,bonafide,bonafide
T_0000020459,C:\Users\walia\Downloads\flac_T_aa\flac_T\T_0000020459.flac,bonafide,bonafide
T_0000036249,C:\Users\walia\Downloads\flac_T_aa\flac_T\T_0000036249.flac,spoof,A02
T_0000002540,C:\Users\walia\Downloads\flac_T_aa\flac_T\T_0000002540.flac,spoof,A01
T_0000032260,C:\Users\walia\Downloads\flac_T_aa\flac_T\T_0000032260.flac,bonafide,bonafide
T_0000005618,C:\Users\walia\Downloads\flac_T_aa\flac_T\T_0000005618.flac,bonafide,bonafide
T_0000004053,C:\Users\walia\Downloads\flac_T_aa\flac_T\T_0000004053.flac,bonafide,bonafide
T_0000031907,C:\Users\walia\Downloads\flac_T_aa\flac_T\T_0000031907.flac,bonafide,bonafide
T_0000012029,C:\Users\walia\Downloads\flac_T_aa\flac_T\T_0000012029.flac,bonafide,bonafide
T_0000003640,C:\Users\walia\Downloads\flac_T_aa\flac_T\T_0000003640.flac,bonafide,bonafide
T_0000033712,C:\Users\walia\Downloads\flac_T_aa\flac_T\T_0000033712.flac,bonafide,bonafide
T_0000014714,C:\Users\walia\Downloads\flac_T_aa\flac_T\T_0000014714.flac,spoof,A07
T_0000019169,C:\Users\walia\Downloads\flac_T_aa\flac_T\T_0000019169.flac,bonafide,bonafide
T_0000022799,C:\Users\walia\Downloads\flac_T_aa\flac_T\T_0000022799.flac,bonafide,bonafide
T_0000025415,C:\Users\walia\Downloads\flac_T_aa\flac_T\T_0000025415.flac,bonafide,bonafide
T_0000026499,C:\Users\walia\Downloads\flac_T_aa\flac_T\T_0000026499.flac,bonafide,bonafide
T_0000016467,C:\Users\walia\Downloads\flac_T_aa\flac_T\T_0000016467.flac,bonafide,bonafide
T_0000031908,C:\Users\walia\Downloads\flac_T_aa\flac_T\T_0000031908.flac,bonafide,bonafide
T_0000006269,C:\Users\walia\Downloads\flac_T_aa\flac_T\T_0000006269.flac,bonafide,bonafide
T_0000030861,C:\Users\walia\Downloads\flac_T_aa\flac_T\T_0000030861.flac,bonafide,bonafide
T_0000017199,C:\Users\walia\Downloads\flac_T_aa\flac_T\T_0000017199.flac,spoof,A04
T_0000032654,C:\Users\walia\Downloads\flac_T_aa\flac_T\T_0000032654.flac,bonafide,bonafide
T_0000004698,C:\Users\walia\Downloads\flac_T_aa\flac_T\T_0000004698.flac,bonafide,bonafide
T_0000010126,C:\Users\walia\Downloads\flac_T_aa\flac_T\T_0000010126.flac,bonafide,bonafide
T_0000028129,C:\Users\walia\Downloads\flac_T_aa\flac_T\T_0000028129.flac,spoof,A04
T_0000029860,C:\Users\walia\Downloads\flac_T_aa\flac_T\T_0000029860.flac,spoof,A04
T_0000024815,C:\Users\walia\Downloads\flac_T_aa\flac_T\T_0000024815.flac,bonafide,bonafide
T_0000029361,C:\Users\walia\Downloads\flac_T_aa\flac_T\T_0000029361.flac,bonafide,bonafide
T_0000017725,C:\Users\walia\Downloads\flac_T_aa\flac_T\T_0000017725.flac,bonafide,bonafide
T_0000015536,C:\Users\walia\Downloads\flac_T_aa\flac_T\T_0000015536.flac,bonafide,bonafide
T_0000027834,C:\Users\walia\Downloads\flac_T_aa\flac_T\T_0000027834.flac,spoof,A04
T_0000021312,C:\Users\walia\Downloads\flac_T_aa\flac_T\T_0000021312.flac,bonafide,bonafide
T_0000001975,C:\Users\walia\Downloads\flac_T_aa\flac_T\T_0000001975.flac,bonafide,bonafide
T_0000035413,C:\Users\walia\Downloads\flac_T_aa\flac_T\T_0000035413.flac,spoof,A05
T_0000004616,C:\Users\walia\Downloads\flac_T_aa\flac_T\T_0000004616.flac,spoof,A06
T_0000011394,C:\Users\walia\Downloads\flac_T_aa\flac_T\T_0000011394.flac,bonafide,bonafide
T_0000032450,C:\Users\walia\Downloads\flac_T_aa\flac_T\T_0000032450.flac,bonafide,bonafide
T_0000022517,C:\Users\walia\Downloads\flac_T_aa\flac_T\T_0000022517.flac,spoof,A05
T_0000007160,C:\Users\walia\Downloads\flac_T_aa\flac_T\T_0000007160.flac,spoof,A08
T_0000020457,C:\Users\walia\Downloads\flac_T_aa\flac_T\T_0000020457.flac,bonafide,bonafide
T_0000015303,C:\Users\walia\Downloads\flac_T_aa\flac_T\T_0000015303.flac,spoof,A04
T_0000007166,C:\Users\walia\Downloads\flac_T_aa\flac_T\T_0000007166.flac,bonafide,bonafide
T_0000006484,C:\Users\walia\Downloads\flac_T_aa\flac_T\T_0000006484.flac,spoof,A07
T_0000034075,C:\Users\walia\Downloads\flac_T_aa\flac_T\T_0000034075.flac,spoof,A04
T_0000006754,C:\Users\walia\Downloads\flac_T_aa\flac_T\T_0000006754.flac,spoof,A01
T_0000009607,C:\Users\walia\Downloads\flac_T_aa\flac_T\T_0000009607.flac,bonafide,bonafide
T_0000011612,C:\Users\walia\Downloads\flac_T_aa\flac_T\T_0000011612.flac,spoof,A06
T_0000023556,C:\Users\walia\Downloads\flac_T_aa\flac_T\T_0000023556.flac,bonafide,bonafide
T_0000013702,C:\Users\walia\Downloads\flac_T_aa\flac_T\T_0000013702.flac,bonafide,bonafide
T_0000015406,C:\Users\walia\Downloads\flac_T_aa\flac_T\T_0000015406.flac,spoof,A02
T_0000004504,C:\Users\walia\Downloads\flac_T_aa\flac_T\T_0000004504.flac,bonafide,bonafide
T_0000005425,C:\Users\walia\Downloads\flac_T_aa\flac_T\T_0000005425.flac,bonafide,bonafide
T_0000020268,C:\Users\walia\Downloads\flac_T_aa\flac_T\T_0000020268.flac,bonafide,bonafide
T_0000028830,C:\Users\walia\Downloads\flac_T_aa\flac_T\T_0000028830.flac,spoof,A05
T_0000030156,C:\Users\walia\Downloads\flac_T_aa\flac_T\T_0000030156.flac,spoof,A03
T_0000020936,C:\Users\walia\Downloads\flac_T_aa\flac_T\T_0000020936.flac,spoof,A06
T_0000031899,C:\Users\walia\Downloads\flac_T_aa\flac_T\T_0000031899.flac,bonafide,bonafide
T_0000002258,C:\Users\walia\Downloads\flac_T_aa\flac_T\T_0000002258.flac,spoof,A02
T_0000024200,C:\Users\walia\Downloads\flac_T_aa\flac_T\T_0000024200.flac,bonafide,bonafide
T_0000003167,C:\Users\walia\Downloads\flac_T_aa\flac_T\T_0000003167.flac,bonafide,bonafide
T_0000013467,C:\Users\walia\Downloads\flac_T_aa\flac_T\T_0000013467.flac,bonafide,bonafide
T_0000031232,C:\Users\walia\Downloads\flac_T_aa\flac_T\T_0000031232.flac,bonafide,bonafide
T_0000026299,C:\Users\walia\Downloads\flac_T_aa\flac_T\T_0000026299.flac,spoof,A02
T_0000001058,C:\Users\walia\Downloads\flac_T_aa\flac_T\T_0000001058.flac,bonafide,bonafide
T_0000017099,C:\Users\walia\Downloads\flac_T_aa\flac_T\T_0000017099.flac,spoof,A07
T_0000035267,C:\Users\walia\Downloads\flac_T_aa\flac_T\T_0000035267.flac,bonafide,bonafide
T_0000017216,C:\Users\walia\Downloads\flac_T_aa\flac_T\T_0000017216.flac,bonafide,bonafide
T_0000001325,C:\Users\walia\Downloads\flac_T_aa\flac_T\T_0000001325.flac,spoof,A05
T_0000034442,C:\Users\walia\Downloads\flac_T_aa\flac_T\T_0000034442.flac,bonafide,bonafide
T_0000028915,C:\Users\walia\Downloads\flac_T_aa\flac_T\T_0000028915.flac,spoof,A05
T_0000032853,C:\Users\walia\Downloads\flac_T_aa\flac_T\T_0000032853.flac,bonafide,bonafide
T_0000008452,C:\Users\walia\Downloads\flac_T_aa\flac_T\T_0000008452.flac,bonafide,bonafide
T_0000018478,C:\Users\walia\Downloads\flac_T_aa\flac_T\T_0000018478.flac,bonafide,bonafide
T_0000016139,C:\Users\walia\Downloads\flac_T_aa\flac_T\T_0000016139.flac,bonafide,bonafide
T_0000018087,C:\Users\walia\Downloads\flac_T_aa\flac_T\T_0000018087.flac,spoof,A07
T_0000011197,C:\Users\walia\Downloads\flac_T_aa\flac_T\T_0000011197.flac,spoof,A04
T_0000008410,C:\Users\walia\Downloads\flac_T_aa\flac_T\T_0000008410.flac,bonafide,bonafide
T_0000027970,C:\Users\walia\Downloads\flac_T_aa\flac_T\T_0000027970.flac,spoof,A06
T_0000023864,C:\Users\walia\Downloads\flac_T_aa\flac_T\T_0000023864.flac,spoof,A05
T_0000034143,C:\Users\walia\Downloads\flac_T_aa\flac_T\T_0000034143.flac,spoof,A06
T_0000006049,C:\Users\walia\Downloads\flac_T_aa\flac_T\T_0000006049.flac,spoof,A08
T_0000015745,C:\Users\walia\Downloads\flac_T_aa\flac_T\T_0000015745.flac,bonafide,bonafide
T_0000024534,C:\Users\walia\Downloads\flac_T_aa\flac_T\T_0000024534.flac,bonafide,bonafide
T_0000021707,C:\Users\walia\Downloads\flac_T_aa\flac_T\T_0000021707.flac,bonafide,bonafide
T_0000006372,C:\Users\walia\Downloads\flac_T_aa\flac_T\T_0000006372.flac,spoof,A06
T_0000021014,C:\Users\walia\Downloads\flac_T_aa\flac_T\T_0000021014.flac,spoof,A06
T_0000028062,C:\Users\walia\Downloads\flac_T_aa\flac_T\T_0000028062.flac,spoof,A06
T_0000034463,C:\Users\walia\Downloads\flac_T_aa\flac_T\T_0000034463.flac,bonafide,bonafide
T_0000002470,C:\Users\walia\Downloads\flac_T_aa\flac_T\T_0000002470.flac,bonafide,bonafide
T_0000027104,C:\Users\walia\Downloads\flac_T_aa\flac_T\T_0000027104.flac,spoof,A07
T_0000021454,C:\Users\walia\Downloads\flac_T_aa\flac_T\T_0000021454.flac,bonafide,bonafide
T_0000018832,C:\Users\walia\Downloads\flac_T_aa\flac_T\T_0000018832.flac,spoof,A04
T_0000013685,C:\Users\walia\Downloads\flac_T_aa\flac_T\T_0000013685.flac,bonafide,bonafide
T_0000005576,C:\Users\walia\Downloads\flac_T_aa\flac_T\T_0000005576.flac,spoof,A04
T_0000003172,C:\Users\walia\Downloads\flac_T_aa\flac_T\T_0000003172.flac,bonafide,bonafide
T_0000008713,C:\Users\walia\Downloads\flac_T_aa\flac_T\T_0000008713.flac,spoof,A01
T_0000025379,C:\Users\walia\Downloads\flac_T_aa\flac_T\T_0000025379.flac,bonafide,bonafide
T_0000006801,C:\Users\walia\Downloads\flac_T_aa\flac_T\T_0000006801.flac,spoof,A01
T_0000015425,C:\Users\walia\Downloads\flac_T_aa\flac_T\T_0000015425.flac,spoof,A08
T_0000027804,C:\Users\walia\Downloads\flac_T_aa\flac_T\T_0000027804.flac,bonafide,bonafide
T_0000006397,C:\Users\walia\Downloads\flac_T_aa\flac_T\T_0000006397.flac,spoof,A02
T_0000003133,C:\Users\walia\Downloads\flac_T_aa\flac_T\T_0000003133.flac,bonafide,bonafide
T_0000027017,C:\Users\walia\Downloads\flac_T_aa\flac_T\T_0000027017.flac,bonafide,bonafide
T_0000009385,C:\Users\walia\Downloads\flac_T_aa\flac_T\T_0000009385.flac,spoof,A01
T_0000010323,C:\Users\walia\Downloads\flac_T_aa\flac_T\T_0000010323.flac,bonafide,bonafide
T_0000015786,C:\Users\walia\Downloads\flac_T_aa\flac_T\T_0000015786.flac,bonafide,bonafide
T_0000012383,C:\Users\walia\Downloads\flac_T_aa\flac_T\T_0000012383.flac,bonafide,bonafide
T_0000002073,C:\Users\walia\Downloads\flac_T_aa\flac_T\T_0000002073.flac,spoof,A01
T_0000003996,C:\Users\walia\Downloads\flac_T_aa\flac_T\T_0000003996.flac,bonafide,bonafide
T_0000013750,C:\Users\walia\Downloads\flac_T_aa\flac_T\T_0000013750.flac,bonafide,bonafide
T_0000000122,C:\Users\walia\Downloads\flac_T_aa\flac_T\T_0000000122.flac,spoof,A07
T_0000025138,C:\Users\walia\Downloads\flac_T_aa\flac_T\T_0000025138.flac,bonafide,bonafide
T_0000027856,C:\Users\walia\Downloads\flac_T_aa\flac_T\T_0000027856.flac,bonafide,bonafide
T_0000020013,C:\Users\walia\Downloads\flac_T_aa\flac_T\T_0000020013.flac,spoof,A07
T_0000003735,C:\Users\walia\Downloads\flac_T_aa\flac_T\T_0000003735.flac,bonafide,bonafide
T_0000006018,C:\Users\walia\Downloads\flac_T_aa\flac_T\T_0000006018.flac,bonafide,bonafide
T_0000009012,C:\Users\walia\Downloads\flac_T_aa\flac_T\T_0000009012.flac,spoof,A06
T_0000031233,C:\Users\walia\Downloads\flac_T_aa\flac_T\T_0000031233.flac,bonafide,bonafide
T_0000011666,C:\Users\walia\Downloads\flac_T_aa\flac_T\T_0000011666.flac,spoof,A04
T_0000029724,C:\Users\walia\Downloads\flac_T_aa\flac_T\T_0000029724.flac,spoof,A01
T_0000007921,C:\Users\walia\Downloads\flac_T_aa\flac_T\T_0000007921.flac,spoof,A01
T_0000034973,C:\Users\walia\Downloads\flac_T_aa\flac_T\T_0000034973.flac,bonafide,bonafide
T_0000011540,C:\Users\walia\Downloads\flac_T_aa\flac_T\T_0000011540.flac,spoof,A04
T_0000028642,C:\Users\walia\Downloads\flac_T_aa\flac_T\T_0000028642.flac,bonafide,bonafide
T_0000007126,C:\Users\walia\Downloads\flac_T_aa\flac_T\T_0000007126.flac,bonafide,bonafide
T_0000014469,C:\Users\walia\Downloads\flac_T_aa\flac_T\T_0000014469.flac,spoof,A06
T_0000029685,C:\Users\walia\Downloads\flac_T_aa\flac_T\T_0000029685.flac,bonafide,bonafide
T_0000015556,C:\Users\walia\Downloads\flac_T_aa\flac_T\T_0000015556.flac,spoof,A08
T_0000015819,C:\Users\walia\Downloads\flac_T_aa\flac_T\T_0000015819.flac,spoof,A01
T_0000021100,C:\Users\walia\Downloads\flac_T_aa\flac_T\T_0000021100.flac,spoof,A07
T_0000027396,C:\Users\walia\Downloads\flac_T_aa\flac_T\T_0000027396.flac,bonafide,bonafide
T_0000009030,C:\Users\walia\Downloads\flac_T_aa\flac_T\T_0000009030.flac,bonafide,bonafide
T_0000005296,C:\Users\walia\Downloads\flac_T_aa\flac_T\T_0000005296.flac,spoof,A02
T_0000025661,C:\Users\walia\Downloads\flac_T_aa\flac_T\T_0000025661.flac,spoof,A08
T_0000018929,C:\Users\walia\Downloads\flac_T_aa\flac_T\T_0000018929.flac,bonafide,bonafide
T_0000030075,C:\Users\walia\Downloads\flac_T_aa\flac_T\T_0000030075.flac,spoof,A01
T_0000000911,C:\Users\walia\Downloads\flac_T_aa\flac_T\T_0000000911.flac,spoof,A03
T_0000011030,C:\Users\walia\Downloads\flac_T_aa\flac_T\T_0000011030.flac,bonafide,bonafide
T_0000006289,C:\Users\walia\Downloads\flac_T_aa\flac_T\T_0000006289.flac,spoof,A04
T_0000026386,C:\Users\walia\Downloads\flac_T_aa\flac_T\T_0000026386.flac,spoof,A05
T_0000020015,C:\Users\walia\Downloads\flac_T_aa\flac_T\T_0000020015.flac,bonafide,bonafide
T_0000008576,C:\Users\walia\Downloads\flac_T_aa\flac_T\T_0000008576.flac,bonafide,bonafide
T_0000006238,C:\Users\walia\Downloads\flac_T_aa\flac_T\T_0000006238.flac,spoof,A02
T_0000035430,C:\Users\walia\Downloads\flac_T_aa\flac_T\T_0000035430.flac,spoof,A02
T_0000027668,C:\Users\walia\Downloads\flac_T_aa\flac_T\T_0000027668.flac,spoof,A04
T_0000019779,C:\Users\walia\Downloads\flac_T_aa\flac_T\T_0000019779.flac,spoof,A01
T_0000021440,C:\Users\walia\Downloads\flac_T_aa\flac_T\T_0000021440.flac,spoof,A07
T_0000005455,C:\Users\walia\Downloads\flac_T_aa\flac_T\T_0000005455.flac,bonafide,bonafide
T_0000003436,C:\Users\walia\Downloads\flac_T_aa\flac_T\T_0000003436.flac,spoof,A06
T_0000008330,C:\Users\walia\Downloads\flac_T_aa\flac_T\T_0000008330.flac,spoof,A07
T_0000005052,C:\Users\walia\Downloads\flac_T_aa\flac_T\T_0000005052.flac,bonafide,bonafide
T_0000011961,C:\Users\walia\Downloads\flac_T_aa\flac_T\T_0000011961.flac,bonafide,bonafide
T_0000029324,C:\Users\walia\Downloads\flac_T_aa\flac_T\T_0000029324.flac,spoof,A05
T_0000030429,C:\Users\walia\Downloads\flac_T_aa\flac_T\T_0000030429.flac,bonafide,bonafide
T_0000013669,C:\Users\walia\Downloads\flac_T_aa\flac_T\T_0000013669.flac,spoof,A05
T_0000032725,C:\Users\walia\Downloads\flac_T_aa\flac_T\T_0000032725.flac,bonafide,bonafide
T_0000011726,C:\Users\walia\Downloads\flac_T_aa\flac_T\T_0000011726.flac,spoof,A01
T_0000024704,C:\Users\walia\Downloads\flac_T_aa\flac_T\T_0000024704.flac,spoof,A07
T_0000022350,C:\Users\walia\Downloads\flac_T_aa\flac_T\T_0000022350.flac,spoof,A06
T_0000021512,C:\Users\walia\Downloads\flac_T_aa\flac_T\T_0000021512.flac,spoof,A03
T_0000001744,C:\Users\walia\Downloads\flac_T_aa\flac_T\T_0000001744.flac,spoof,A07
T_0000019110,C:\Users\walia\Downloads\flac_T_aa\flac_T\T_0000019110.flac,bonafide,bonafide
T_0000030219,C:\Users\walia\Downloads\flac_T_aa\flac_T\T_0000030219.flac,spoof,A07
T_0000029050,C:\Users\walia\Downloads\flac_T_aa\flac_T\T_0000029050.flac,bonafide,bonafide
T_0000020641,C:\Users\walia\Downloads\flac_T_aa\flac_T\T_0000020641.flac,spoof,A03
T_0000005714,C:\Users\walia\Downloads\flac_T_aa\flac_T\T_0000005714.flac,bonafide,bonafide
T_0000022949,C:\Users\walia\Downloads\flac_T_aa\flac_T\T_0000022949.flac,bonafide,bonafide
T_0000017259,C:\Users\walia\Downloads\flac_T_aa\flac_T\T_0000017259.flac,bonafide,bonafide
T_0000023090,C:\Users\walia\Downloads\flac_T_aa\flac_T\T_0000023090.flac,spoof,A07
T_0000007398,C:\Users\walia\Downloads\flac_T_aa\flac_T\T_0000007398.flac,spoof,A03
T_0000005724,C:\Users\walia\Downloads\flac_T_aa\flac_T\T_0000005724.flac,bonafide,bonafide
T_0000002342,C:\Users\walia\Downloads\flac_T_aa\flac_T\T_0000002342.flac,bonafide,bonafide
T_0000031830,C:\Users\walia\Downloads\flac_T_aa\flac_T\T_0000031830.flac,spoof,A08
T_0000027039,C:\Users\walia\Downloads\flac_T_aa\flac_T\T_0000027039.flac,spoof,A08
T_0000020839,C:\Users\walia\Downloads\flac_T_aa\flac_T\T_0000020839.flac,bonafide,bonafide
T_0000020292,C:\Users\walia\Downloads\flac_T_aa\flac_T\T_0000020292.flac,spoof,A01
T_0000014549,C:\Users\walia\Downloads\flac_T_aa\flac_T\T_0000014549.flac,spoof,A01
T_0000013342,C:\Users\walia\Downloads\flac_T_aa\flac_T\T_0000013342.flac,spoof,A01
T_0000018884,C:\Users\walia\Downloads\flac_T_aa\flac_T\T_0000018884.flac,bonafide,bonafide
T_0000001557,C:\Users\walia\Downloads\flac_T_aa\flac_T\T_0000001557.flac,spoof,A04
T_0000031876,C:\Users\walia\Downloads\flac_T_aa\flac_T\T_0000031876.flac,spoof,A02
T_0000032610,C:\Users\walia\Downloads\flac_T_aa\flac_T\T_0000032610.flac,bonafide,bonafide
T_0000003467,C:\Users\walia\Downloads\flac_T_aa\flac_T\T_0000003467.flac,spoof,A08
T_0000028784,C:\Users\walia\Downloads\flac_T_aa\flac_T\T_0000028784.flac,spoof,A03
T_0000024531,C:\Users\walia\Downloads\flac_T_aa\flac_T\T_0000024531.flac,bonafide,bonafide
T_0000012552,C:\Users\walia\Downloads\flac_T_aa\flac_T\T_0000012552.flac,bonafide,bonafide
T_0000023069,C:\Users\walia\Downloads\flac_T_aa\flac_T\T_0000023069.flac,bonafide,bonafide
T_0000029415,C:\Users\walia\Downloads\flac_T_aa\flac_T\T_0000029415.flac,spoof,A04
T_0000023849,C:\Users\walia\Downloads\flac_T_aa\flac_T\T_0000023849.flac,bonafide,bonafide
T_0000029140,C:\Users\walia\Downloads\flac_T_aa\flac_T\T_0000029140.flac,spoof,A05
T_0000035652,C:\Users\walia\Downloads\flac_T_aa\flac_T\T_0000035652.flac,bonafide,bonafide
T_0000010829,C:\Users\walia\Downloads\flac_T_aa\flac_T\T_0000010829.flac,bonafide,bonafide
T_0000036465,C:\Users\walia\Downloads\flac_T_aa\flac_T\T_0000036465.flac,spoof,A04
T_0000020555,C:\Users\walia\Downloads\flac_T_aa\flac_T\T_0000020555.flac,spoof,A05
T_0000005222,C:\Users\walia\Downloads\flac_T_aa\flac_T\T_0000005222.flac,spoof,A06
T_0000001269,C:\Users\walia\Downloads\flac_T_aa\flac_T\T_0000001269.flac,spoof,A01
T_0000035987,C:\Users\walia\Downloads\flac_T_aa\flac_T\T_0000035987.flac,bonafide,bonafide
T_0000025319,C:\Users\walia\Downloads\flac_T_aa\flac_T\T_0000025319.flac,bonafide,bonafide
T_0000020431,C:\Users\walia\Downloads\flac_T_aa\flac_T\T_0000020431.flac,spoof,A05
T_0000023703,C:\Users\walia\Downloads\flac_T_aa\flac_T\T_0000023703.flac,spoof,A08
T_0000000318,C:\Users\walia\Downloads\flac_T_aa\flac_T\T_0000000318.flac,bonafide,bonafide
T_0000034096,C:\Users\walia\Downloads\flac_T_aa\flac_T\T_0000034096.flac,bonafide,bonafide
T_0000027437,C:\Users\walia\Downloads\flac_T_aa\flac_T\T_0000027437.flac,bonafide,bonafide
T_0000036318,C:\Users\walia\Downloads\flac_T_aa\flac_T\T_0000036318.flac,spoof,A02
T_0000032757,C:\Users\walia\Downloads\flac_T_aa\flac_T\T_0000032757.flac,spoof,A07
T_0000013472,C:\Users\walia\Downloads\flac_T_aa\flac_T\T_0000013472.flac,spoof,A06
T_0000007197,C:\Users\walia\Downloads\flac_T_aa\flac_T\T_0000007197.flac,spoof,A01
T_0000016757,C:\Users\walia\Downloads\flac_T_aa\flac_T\T_0000016757.flac,bonafide,bonafide
T_0000006301,C:\Users\walia\Downloads\flac_T_aa\flac_T\T_0000006301.flac,bonafide,bonafide
T_0000031267,C:\Users\walia\Downloads\flac_T_aa\flac_T\T_0000031267.flac,spoof,A06
T_0000000739,C:\Users\walia\Downloads\flac_T_aa\flac_T\T_0000000739.flac,bonafide,bonafide
T_0000022962,C:\Users\walia\Downloads\flac_T_aa\flac_T\T_0000022962.flac,bonafide,bonafide
T_0000014378,C:\Users\walia\Downloads\flac_T_aa\flac_T\T_0000014378.flac,spoof,A03
T_0000034408,C:\Users\walia\Downloads\flac_T_aa\flac_T\T_0000034408.flac,spoof,A08
T_0000029451,C:\Users\walia\Downloads\flac_T_aa\flac_T\T_0000029451.flac,spoof,A08
T_0000006498,C:\Users\walia\Downloads\flac_T_aa\flac_T\T_0000006498.flac,bonafide,bonafide
T_0000011810,C:\Users\walia\Downloads\flac_T_aa\flac_T\T_0000011810.flac,bonafide,bonafide
T_0000030023,C:\Users\walia\Downloads\flac_T_aa\flac_T\T_0000030023.flac,bonafide,bonafide
T_0000009430,C:\Users\walia\Downloads\flac_T_aa\flac_T\T_0000009430.flac,spoof,A07
T_0000012123,C:\Users\walia\Downloads\flac_T_aa\flac_T\T_0000012123.flac,bonafide,bonafide
T_0000021321,C:\Users\walia\Downloads\flac_T_aa\flac_T\T_0000021321.flac,spoof,A06
T_0000005947,C:\Users\walia\Downloads\flac_T_aa\flac_T\T_0000005947.flac,bonafide,bonafide
T_0000031310,C:\Users\walia\Downloads\flac_T_aa\flac_T\T_0000031310.flac,bonafide,bonafide
T_0000011635,C:\Users\walia\Downloads\flac_T_aa\flac_T\T_0000011635.flac,bonafide,bonafide
T_0000017022,C:\Users\walia\Downloads\flac_T_aa\flac_T\T_0000017022.flac,spoof,A03
T_0000016686,C:\Users\walia\Downloads\flac_T_aa\flac_T\T_0000016686.flac,spoof,A02
T_0000004686,C:\Users\walia\Downloads\flac_T_aa\flac_T\T_0000004686.flac,bonafide,bonafide
T_0000001300,C:\Users\walia\Downloads\flac_T_aa\flac_T\T_0000001300.flac,bonafide,bonafide
T_0000006612,C:\Users\walia\Downloads\flac_T_aa\flac_T\T_0000006612.flac,bonafide,bonafide
T_0000031914,C:\Users\walia\Downloads\flac_T_aa\flac_T\T_0000031914.flac,bonafide,bonafide
T_0000010787,C:\Users\walia\Downloads\flac_T_aa\flac_T\T_0000010787.flac,bonafide,bonafide
T_0000027819,C:\Users\walia\Downloads\flac_T_aa\flac_T\T_0000027819.flac,bonafide,bonafide
T_0000020287,C:\Users\walia\Downloads\flac_T_aa\flac_T\T_0000020287.flac,bonafide,bonafide
T_0000010511,C:\Users\walia\Downloads\flac_T_aa\flac_T\T_0000010511.flac,spoof,A07
T_0000021506,C:\Users\walia\Downloads\flac_T_aa\flac_T\T_0000021506.flac,bonafide,bonafide
T_0000017304,C:\Users\walia\Downloads\flac_T_aa\flac_T\T_0000017304.flac,bonafide,bonafide
T_0000003399,C:\Users\walia\Downloads\flac_T_aa\flac_T\T_0000003399.flac,spoof,A05
T_0000024250,C:\Users\walia\Downloads\flac_T_aa\flac_T\T_0000024250.flac,bonafide,bonafide
T_0000000797,C:\Users\walia\Downloads\flac_T_aa\flac_T\T_0000000797.flac,bonafide,bonafide
T_0000013022,C:\Users\walia\Downloads\flac_T_aa\flac_T\T_0000013022.flac,bonafide,bonafide
T_0000031687,C:\Users\walia\Downloads\flac_T_aa\flac_T\T_0000031687.flac,bonafide,bonafide
T_0000029060,C:\Users\walia\Downloads\flac_T_aa\flac_T\T_0000029060.flac,spoof,A03
T_0000022631,C:\Users\walia\Downloads\flac_T_aa\flac_T\T_0000022631.flac,bonafide,bonafide
T_0000012115,C:\Users\walia\Downloads\flac_T_aa\flac_T\T_0000012115.flac,spoof,A06
T_0000003474,C:\Users\walia\Downloads\flac_T_aa\flac_T\T_0000003474.flac,spoof,A02
T_0000029684,C:\Users\walia\Downloads\flac_T_aa\flac_T\T_0000029684.flac,spoof,A02
T_0000017291,C:\Users\walia\Downloads\flac_T_aa\flac_T\T_0000017291.flac,spoof,A03
T_0000023238,C:\Users\walia\Downloads\flac_T_aa\flac_T\T_0000023238.flac,spoof,A08
T_0000001865,C:\Users\walia\Downloads\flac_T_aa\flac_T\T_0000001865.flac,spoof,A01
T_0000034241,C:\Users\walia\Downloads\flac_T_aa\flac_T\T_0000034241.flac,spoof,A01
T_0000013896,C:\Users\walia\Downloads\flac_T_aa\flac_T\T_0000013896.flac,spoof,A03
T_0000009164,C:\Users\walia\Downloads\flac_T_aa\flac_T\T_0000009164.flac,spoof,A03
T_0000020156,C:\Users\walia\Downloads\flac_T_aa\flac_T\T_0000020156.flac,bonafide,bonafide
T_0000018428,C:\Users\walia\Downloads\flac_T_aa\flac_T\T_0000018428.flac,bonafide,bonafide
T_0000013965,C:\Users\walia\Downloads\flac_T_aa\flac_T\T_0000013965.flac,bonafide,bonafide
T_0000031108,C:\Users\walia\Downloads\flac_T_aa\flac_T\T_0000031108.flac,spoof,A03
T_0000004742,C:\Users\walia\Downloads\flac_T_aa\flac_T\T_0000004742.flac,spoof,A06
T_0000006280,C:\Users\walia\Downloads\flac_T_aa\flac_T\T_0000006280.flac,bonafide,bonafide
T_0000012732,C:\Users\walia\Downloads\flac_T_aa\flac_T\T_0000012732.flac,spoof,A01
T_0000016875,C:\Users\walia\Downloads\flac_T_aa\flac_T\T_0000016875.flac,spoof,A03
T_0000022011,C:\Users\walia\Downloads\flac_T_aa\flac_T\T_0000022011.flac,spoof,A02
T_0000006978,C:\Users\walia\Downloads\flac_T_aa\flac_T\T_0000006978.flac,bonafide,bonafide
T_0000035486,C:\Users\walia\Downloads\flac_T_aa\flac_T\T_0000035486.flac,bonafide,bonafide
T_0000033331,C:\Users\walia\Downloads\flac_T_aa\flac_T\T_0000033331.flac,bonafide,bonafide
T_0000020234,C:\Users\walia\Downloads\flac_T_aa\flac_T\T_0000020234.flac,bonafide,bonafide
T_0000034735,C:\Users\walia\Downloads\flac_T_aa\flac_T\T_0000034735.flac,bonafide,bonafide
T_0000021275,C:\Users\walia\Downloads\flac_T_aa\flac_T\T_0000021275.flac,bonafide,bonafide
T_0000018042,C:\Users\walia\Downloads\flac_T_aa\flac_T\T_0000018042.flac,bonafide,bonafide
T_0000011548,C:\Users\walia\Downloads\flac_T_aa\flac_T\T_0000011548.flac,bonafide,bonafide
T_0000003384,C:\Users\walia\Downloads\flac_T_aa\flac_T\T_0000003384.flac,spoof,A02
T_0000005395,C:\Users\walia\Downloads\flac_T_aa\flac_T\T_0000005395.flac,spoof,A08
T_0000013576,C:\Users\walia\Downloads\flac_T_aa\flac_T\T_0000013576.flac,spoof,A02
T_0000014702,C:\Users\walia\Downloads\flac_T_aa\flac_T\T_0000014702.flac,bonafide,bonafide
T_0000034495,C:\Users\walia\Downloads\flac_T_aa\flac_T\T_0000034495.flac,bonafide,bonafide
T_0000028803,C:\Users\walia\Downloads\flac_T_aa\flac_T\T_0000028803.flac,spoof,A03
T_0000014880,C:\Users\walia\Downloads\flac_T_aa\flac_T\T_0000014880.flac,bonafide,bonafide
T_0000004497,C:\Users\walia\Downloads\flac_T_aa\flac_T\T_0000004497.flac,bonafide,bonafide
T_0000019341,C:\Users\walia\Downloads\flac_T_aa\flac_T\T_0000019341.flac,bonafide,bonafide
T_0000032325,C:\Users\walia\Downloads\flac_T_aa\flac_T\T_0000032325.flac,spoof,A05
T_0000003596,C:\Users\walia\Downloads\flac_T_aa\flac_T\T_0000003596.flac,bonafide,bonafide
T_0000001163,C:\Users\walia\Downloads\flac_T_aa\flac_T\T_0000001163.flac,bonafide,bonafide
T_0000010321,C:\Users\walia\Downloads\flac_T_aa\flac_T\T_0000010321.flac,bonafide,bonafide
T_0000010509,C:\Users\walia\Downloads\flac_T_aa\flac_T\T_0000010509.flac,spoof,A07
T_0000002942,C:\Users\walia\Downloads\flac_T_aa\flac_T\T_0000002942.flac,bonafide,bonafide
T_0000013105,C:\Users\walia\Downloads\flac_T_aa\flac_T\T_0000013105.flac,bonafide,bonafide
T_0000013319,C:\Users\walia\Downloads\flac_T_aa\flac_T\T_0000013319.flac,spoof,A08
T_0000025855,C:\Users\walia\Downloads\flac_T_aa\flac_T\T_0000025855.flac,bonafide,bonafide
T_0000008616,C:\Users\walia\Downloads\flac_T_aa\flac_T\T_0000008616.flac,bonafide,bonafide
T_0000017070,C:\Users\walia\Downloads\flac_T_aa\flac_T\T_0000017070.flac,bonafide,bonafide
T_0000002587,C:\Users\walia\Downloads\flac_T_aa\flac_T\T_0000002587.flac,spoof,A03
T_0000026606,C:\Users\walia\Downloads\flac_T_aa\flac_T\T_0000026606.flac,bonafide,bonafide
T_0000006436,C:\Users\walia\Downloads\flac_T_aa\flac_T\T_0000006436.flac,spoof,A04
T_0000003796,C:\Users\walia\Downloads\flac_T_aa\flac_T\T_0000003796.flac,spoof,A08
T_0000010528,C:\Users\walia\Downloads\flac_T_aa\flac_T\T_0000010528.flac,bonafide,bonafide
T_0000014653,C:\Users\walia\Downloads\flac_T_aa\flac_T\T_0000014653.flac,bonafide,bonafide
T_0000032993,C:\Users\walia\Downloads\flac_T_aa\flac_T\T_0000032993.flac,spoof,A03
T_0000010168,C:\Users\walia\Downloads\flac_T_aa\flac_T\T_0000010168.flac,spoof,A08
T_0000025498,C:\Users\walia\Downloads\flac_T_aa\flac_T\T_0000025498.flac,bonafide,bonafide
T_0000001765,C:\Users\walia\Downloads\flac_T_aa\flac_T\T_0000001765.flac,bonafide,bonafide
T_0000005490,C:\Users\walia\Downloads\flac_T_aa\flac_T\T_0000005490.flac,spoof,A05
T_0000012247,C:\Users\walia\Downloads\flac_T_aa\flac_T\T_0000012247.flac,bonafide,bonafide
T_0000035659,C:\Users\walia\Downloads\flac_T_aa\flac_T\T_0000035659.flac,spoof,A02
T_0000034585,C:\Users\walia\Downloads\flac_T_aa\flac_T\T_0000034585.flac,spoof,A02
T_0000020511,C:\Users\walia\Downloads\flac_T_aa\flac_T\T_0000020511.flac,bonafide,bonafide
T_0000018847,C:\Users\walia\Downloads\flac_T_aa\flac_T\T_0000018847.flac,spoof,A05
T_0000034115,C:\Users\walia\Downloads\flac_T_aa\flac_T\T_0000034115.flac,bonafide,bonafide
T_0000035336,C:\Users\walia\Downloads\flac_T_aa\flac_T\T_0000035336.flac,spoof,A03
T_0000015215,C:\Users\walia\Downloads\flac_T_aa\flac_T\T_0000015215.flac,bonafide,bonafide
T_0000023214,C:\Users\walia\Downloads\flac_T_aa\flac_T\T_0000023214.flac,bonafide,bonafide
T_0000034168,C:\Users\walia\Downloads\flac_T_aa\flac_T\T_0000034168.flac,spoof,A07
T_0000028896,C:\Users\walia\Downloads\flac_T_aa\flac_T\T_0000028896.flac,bonafide,bonafide
T_0000019828,C:\Users\walia\Downloads\flac_T_aa\flac_T\T_0000019828.flac,spoof,A08
T_0000031467,C:\Users\walia\Downloads\flac_T_aa\flac_T\T_0000031467.flac,spoof,A03
T_0000001403,C:\Users\walia\Downloads\flac_T_aa\flac_T\T_0000001403.flac,bonafide,bonafide
T_0000012134,C:\Users\walia\Downloads\flac_T_aa\flac_T\T_0000012134.flac,spoof,A02
T_0000000758,C:\Users\walia\Downloads\flac_T_aa\flac_T\T_0000000758.flac,bonafide,bonafide
T_0000016699,C:\Users\walia\Downloads\flac_T_aa\flac_T\T_0000016699.flac,bonafide,bonafide
T_0000034646,C:\Users\walia\Downloads\flac_T_aa\flac_T\T_0000034646.flac,bonafide,bonafide
T_0000015779,C:\Users\walia\Downloads\flac_T_aa\flac_T\T_0000015779.flac,spoof,A04
T_0000005717,C:\Users\walia\Downloads\flac_T_aa\flac_T\T_0000005717.flac,bonafide,bonafide
T_0000026404,C:\Users\walia\Downloads\flac_T_aa\flac_T\T_0000026404.flac,spoof,A07
T_0000036346,C:\Users\walia\Downloads\flac_T_aa\flac_T\T_0000036346.flac,bonafide,bonafide
T_0000004773,C:\Users\walia\Downloads\flac_T_aa\flac_T\T_0000004773.flac,spoof,A04
T_0000015395,C:\Users\walia\Downloads\flac_T_aa\flac_T\T_0000015395.flac,spoof,A02
T_0000033621,C:\Users\walia\Downloads\flac_T_aa\flac_T\T_0000033621.flac,bonafide,bonafide
T_0000019769,C:\Users\walia\Downloads\flac_T_aa\flac_T\T_0000019769.flac,bonafide,bonafide
T_0000001130,C:\Users\walia\Downloads\flac_T_aa\flac_T\T_0000001130.flac,bonafide,bonafide
T_0000032249,C:\Users\walia\Downloads\flac_T_aa\flac_T\T_0000032249.flac,spoof,A02
T_0000033123,C:\Users\walia\Downloads\flac_T_aa\flac_T\T_0000033123.flac,spoof,A01
T_0000020648,C:\Users\walia\Downloads\flac_T_aa\flac_T\T_0000020648.flac,bonafide,bonafide
T_0000023776,C:\Users\walia\Downloads\flac_T_aa\flac_T\T_0000023776.flac,spoof,A05
T_0000010897,C:\Users\walia\Downloads\flac_T_aa\flac_T\T_0000010897.flac,bonafide,bonafide
T_0000008206,C:\Users\walia\Downloads\flac_T_aa\flac_T\T_0000008206.flac,spoof,A02
T_0000001790,C:\Users\walia\Downloads\flac_T_aa\flac_T\T_0000001790.flac,bonafide,bonafide
T_0000009356,C:\Users\walia\Downloads\flac_T_aa\flac_T\T_0000009356.flac,spoof,A03
T_0000002617,C:\Users\walia\Downloads\flac_T_aa\flac_T\T_0000002617.flac,spoof,A07
T_0000003892,C:\Users\walia\Downloads\flac_T_aa\flac_T\T_0000003892.flac,spoof,A04
T_0000026683,C:\Users\walia\Downloads\flac_T_aa\flac_T\T_0000026683.flac,spoof,A07
T_0000006651,C:\Users\walia\Downloads\flac_T_aa\flac_T\T_0000006651.flac,spoof,A08
T_0000021561,C:\Users\walia\Downloads\flac_T_aa\flac_T\T_0000021561.flac,bonafide,bonafide
T_0000032205,C:\Users\walia\Downloads\flac_T_aa\flac_T\T_0000032205.flac,spoof,A08
T_0000023533,C:\Users\walia\Downloads\flac_T_aa\flac_T\T_0000023533.flac,spoof,A05
T_0000016521,C:\Users\walia\Downloads\flac_T_aa\flac_T\T_0000016521.flac,spoof,A02
T_0000025523,C:\Users\walia\Downloads\flac_T_aa\flac_T\T_0000025523.flac,bonafide,bonafide
T_0000033375,C:\Users\walia\Downloads\flac_T_aa\flac_T\T_0000033375.flac,spoof,A03
T_0000033296,C:\Users\walia\Downloads\flac_T_aa\flac_T\T_0000033296.flac,bonafide,bonafide
T_0000014367,C:\Users\walia\Downloads\flac_T_aa\flac_T\T_0000014367.flac,spoof,A03
T_0000027567,C:\Users\walia\Downloads\flac_T_aa\flac_T\T_0000027567.flac,bonafide,bonafide
T_0000031098,C:\Users\walia\Downloads\flac_T_aa\flac_T\T_0000031098.flac,spoof,A03
T_0000036131,C:\Users\walia\Downloads\flac_T_aa\flac_T\T_0000036131.flac,bonafide,bonafide
T_0000010708,C:\Users\walia\Downloads\flac_T_aa\flac_T\T_0000010708.flac,bonafide,bonafide
T_0000036094,C:\Users\walia\Downloads\flac_T_aa\flac_T\T_0000036094.flac,bonafide,bonafide
T_0000035073,C:\Users\walia\Downloads\flac_T_aa\flac_T\T_0000035073.flac,spoof,A07
T_0000002420,C:\Users\walia\Downloads\flac_T_aa\flac_T\T_0000002420.flac,bonafide,bonafide
T_0000007293,C:\Users\walia\Downloads\flac_T_aa\flac_T\T_0000007293.flac,spoof,A05
T_0000020951,C:\Users\walia\Downloads\flac_T_aa\flac_T\T_0000020951.flac,bonafide,bonafide
T_0000002643,C:\Users\walia\Downloads\flac_T_aa\flac_T\T_0000002643.flac,spoof,A01
T_0000012990,C:\Users\walia\Downloads\flac_T_aa\flac_T\T_0000012990.flac,bonafide,bonafide
T_0000026375,C:\Users\walia\Downloads\flac_T_aa\flac_T\T_0000026375.flac,bonafide,bonafide
T_0000011616,C:\Users\walia\Downloads\flac_T_aa\flac_T\T_0000011616.flac,spoof,A06
T_0000004780,C:\Users\walia\Downloads\flac_T_aa\flac_T\T_0000004780.flac,spoof,A04
T_0000003275,C:\Users\walia\Downloads\flac_T_aa\flac_T\T_0000003275.flac,bonafide,bonafide
T_0000023008,C:\Users\walia\Downloads\flac_T_aa\flac_T\T_0000023008.flac,spoof,A04
T_0000008696,C:\Users\walia\Downloads\flac_T_aa\flac_T\T_0000008696.flac,bonafide,bonafide
T_0000031121,C:\Users\walia\Downloads\flac_T_aa\flac_T\T_0000031121.flac,bonafide,bonafide
T_0000034741,C:\Users\walia\Downloads\flac_T_aa\flac_T\T_0000034741.flac,spoof,A07
T_0000019938,C:\Users\walia\Downloads\flac_T_aa\flac_T\T_0000019938.flac,bonafide,bonafide
T_0000031435,C:\Users\walia\Downloads\flac_T_aa\flac_T\T_0000031435.flac,spoof,A03
T_0000012965,C:\Users\walia\Downloads\flac_T_aa\flac_T\T_0000012965.flac,bonafide,bonafide
T_0000002047,C:\Users\walia\Downloads\flac_T_aa\flac_T\T_0000002047.flac,bonafide,bonafide
T_0000002788,C:\Users\walia\Downloads\flac_T_aa\flac_T\T_0000002788.flac,spoof,A01
T_0000015193,C:\Users\walia\Downloads\flac_T_aa\flac_T\T_0000015193.flac,bonafide,bonafide
T_0000020025,C:\Users\walia\Downloads\flac_T_aa\flac_T\T_0000020025.flac,bonafide,bonafide
T_0000025381,C:\Users\walia\Downloads\flac_T_aa\flac_T\T_0000025381.flac,spoof,A05
T_0000004529,C:\Users\walia\Downloads\flac_T_aa\flac_T\T_0000004529.flac,bonafide,bonafide
T_0000012407,C:\Users\walia\Downloads\flac_T_aa\flac_T\T_0000012407.flac,bonafide,bonafide
T_0000006129,C:\Users\walia\Downloads\flac_T_aa\flac_T\T_0000006129.flac,spoof,A01
T_0000022792,C:\Users\walia\Downloads\flac_T_aa\flac_T\T_0000022792.flac,spoof,A06
T_0000028103,C:\Users\walia\Downloads\flac_T_aa\flac_T\T_0000028103.flac,bonafide,bonafide
T_0000002456,C:\Users\walia\Downloads\flac_T_aa\flac_T\T_0000002456.flac,bonafide,bonafide
T_0000005574,C:\Users\walia\Downloads\flac_T_aa\flac_T\T_0000005574.flac,spoof,A07
T_0000008540,C:\Users\walia\Downloads\flac_T_aa\flac_T\T_0000008540.flac,bonafide,bonafide
T_0000024897,C:\Users\walia\Downloads\flac_T_aa\flac_T\T_0000024897.flac,spoof,A08
T_0000032300,C:\Users\walia\Downloads\flac_T_aa\flac_T\T_0000032300.flac,bonafide,bonafide
T_0000003903,C:\Users\walia\Downloads\flac_T_aa\flac_T\T_0000003903.flac,bonafide,bonafide
T_0000000464,C:\Users\walia\Downloads\flac_T_aa\flac_T\T_0000000464.flac,bonafide,bonafide
T_0000010638,C:\Users\walia\Downloads\flac_T_aa\flac_T\T_0000010638.flac,spoof,A06
T_0000013246,C:\Users\walia\Downloads\flac_T_aa\flac_T\T_0000013246.flac,spoof,A04
T_0000023787,C:\Users\walia\Downloads\flac_T_aa\flac_T\T_0000023787.flac,spoof,A03
T_0000031610,C:\Users\walia\Downloads\flac_T_aa\flac_T\T_0000031610.flac,bonafide,bonafide
T_0000020041,C:\Users\walia\Downloads\flac_T_aa\flac_T\T_0000020041.flac,bonafide,bonafide
T_0000009810,C:\Users\walia\Downloads\flac_T_aa\flac_T\T_0000009810.flac,bonafide,bonafide
T_0000034968,C:\Users\walia\Downloads\flac_T_aa\flac_T\T_0000034968.flac,bonafide,bonafide
T_0000004796,C:\Users\walia\Downloads\flac_T_aa\flac_T\T_0000004796.flac,spoof,A01
T_0000005378,C:\Users\walia\Downloads\flac_T_aa\flac_T\T_0000005378.flac,bonafide,bonafide
T_0000023417,C:\Users\walia\Downloads\flac_T_aa\flac_T\T_0000023417.flac,bonafide,bonafide
T_0000032617,C:\Users\walia\Downloads\flac_T_aa\flac_T\T_0000032617.flac,bonafide,bonafide
T_0000013357,C:\Users\walia\Downloads\flac_T_aa\flac_T\T_0000013357.flac,spoof,A08
T_0000001652,C:\Users\walia\Downloads\flac_T_aa\flac_T\T_0000001652.flac,bonafide,bonafide
T_0000021775,C:\Users\walia\Downloads\flac_T_aa\flac_T\T_0000021775.flac,spoof,A03
T_0000011671,C:\Users\walia\Downloads\flac_T_aa\flac_T\T_0000011671.flac,spoof,A03
T_0000002658,C:\Users\walia\Downloads\flac_T_aa\flac_T\T_0000002658.flac,bonafide,bonafide
T_0000002471,C:\Users\walia\Downloads\flac_T_aa\flac_T\T_0000002471.flac,bonafide,bonafide
T_0000032007,C:\Users\walia\Downloads\flac_T_aa\flac_T\T_0000032007.flac,spoof,A06
T_0000034184,C:\Users\walia\Downloads\flac_T_aa\flac_T\T_0000034184.flac,bonafide,bonafide
T_0000013175,C:\Users\walia\Downloads\flac_T_aa\flac_T\T_0000013175.flac,bonafide,bonafide
T_0000032503,C:\Users\walia\Downloads\flac_T_aa\flac_T\T_0000032503.flac,spoof,A07
T_0000006512,C:\Users\walia\Downloads\flac_T_aa\flac_T\T_0000006512.flac,bonafide,bonafide
T_0000009544,C:\Users\walia\Downloads\flac_T_aa\flac_T\T_0000009544.flac,bonafide,bonafide
T_0000019438,C:\Users\walia\Downloads\flac_T_aa\flac_T\T_0000019438.flac,spoof,A05
T_0000020237,C:\Users\walia\Downloads\flac_T_aa\flac_T\T_0000020237.flac,bonafide,bonafide
T_0000034053,C:\Users\walia\Downloads\flac_T_aa\flac_T\T_0000034053.flac,bonafide,bonafide
T_0000020631,C:\Users\walia\Downloads\flac_T_aa\flac_T\T_0000020631.flac,spoof,A08
T_0000005475,C:\Users\walia\Downloads\flac_T_aa\flac_T\T_0000005475.flac,spoof,A02
T_0000026689,C:\Users\walia\Downloads\flac_T_aa\flac_T\T_0000026689.flac,bonafide,bonafide
T_0000013238,C:\Users\walia\Downloads\flac_T_aa\flac_T\T_0000013238.flac,bonafide,bonafide
T_0000035213,C:\Users\walia\Downloads\flac_T_aa\flac_T\T_0000035213.flac,bonafide,bonafide
T_0000009123,C:\Users\walia\Downloads\flac_T_aa\flac_T\T_0000009123.flac,spoof,A05
T_0000012905,C:\Users\walia\Downloads\flac_T_aa\flac_T\T_0000012905.flac,bonafide,bonafide
T_0000029707,C:\Users\walia\Downloads\flac_T_aa\flac_T\T_0000029707.flac,bonafide,bonafide
T_0000027630,C:\Users\walia\Downloads\flac_T_aa\flac_T\T_0000027630.flac,bonafide,bonafide
T_0000030899,C:\Users\walia\Downloads\flac_T_aa\flac_T\T_0000030899.flac,bonafide,bonafide
T_0000018729,C:\Users\walia\Downloads\flac_T_aa\flac_T\T_0000018729.flac,spoof,A05
T_0000019375,C:\Users\walia\Downloads\flac_T_aa\flac_T\T_0000019375.flac,bonafide,bonafide
T_0000015851,C:\Users\walia\Downloads\flac_T_aa\flac_T\T_0000015851.flac,bonafide,bonafide
T_0000028166,C:\Users\walia\Downloads\flac_T_aa\flac_T\T_0000028166.flac,bonafide,bonafide
T_0000026210,C:\Users\walia\Downloads\flac_T_aa\flac_T\T_0000026210.flac,spoof,A04
T_0000033070,C:\Users\walia\Downloads\flac_T_aa\flac_T\T_0000033070.flac,spoof,A07
T_0000036043,C:\Users\walia\Downloads\flac_T_aa\flac_T\T_0000036043.flac,spoof,A03
T_0000030488,C:\Users\walia\Downloads\flac_T_aa\flac_T\T_0000030488.flac,spoof,A01
T_0000033662,C:\Users\walia\Downloads\flac_T_aa\flac_T\T_0000033662.flac,bonafide,bonafide
T_0000015921,C:\Users\walia\Downloads\flac_T_aa\flac_T\T_0000015921.flac,spoof,A04
T_0000035435,C:\Users\walia\Downloads\flac_T_aa\flac_T\T_0000035435.flac,bonafide,bonafide
T_0000017931,C:\Users\walia\Downloads\flac_T_aa\flac_T\T_0000017931.flac,spoof,A08
T_0000000414,C:\Users\walia\Downloads\flac_T_aa\flac_T\T_0000000414.flac,bonafide,bonafide
T_0000007705,C:\Users\walia\Downloads\flac_T_aa\flac_T\T_0000007705.flac,spoof,A06
T_0000010419,C:\Users\walia\Downloads\flac_T_aa\flac_T\T_0000010419.flac,spoof,A06
T_0000001385,C:\Users\walia\Downloads\flac_T_aa\flac_T\T_0000001385.flac,spoof,A04
T_0000026865,C:\Users\walia\Downloads\flac_T_aa\flac_T\T_0000026865.flac,spoof,A05
T_0000006762,C:\Users\walia\Downloads\flac_T_aa\flac_T\T_0000006762.flac,spoof,A04
T_0000009469,C:\Users\walia\Downloads\flac_T_aa\flac_T\T_0000009469.flac,bonafide,bonafide
T_0000016552,C:\Users\walia\Downloads\flac_T_aa\flac_T\T_0000016552.flac,bonafide,bonafide
T_0000009668,C:\Users\walia\Downloads\flac_T_aa\flac_T\T_0000009668.flac,spoof,A02
T_0000017745,C:\Users\walia\Downloads\flac_T_aa\flac_T\T_0000017745.flac,spoof,A06
T_0000016291,C:\Users\walia\Downloads\flac_T_aa\flac_T\T_0000016291.flac,spoof,A07
T_0000014483,C:\Users\walia\Downloads\flac_T_aa\flac_T\T_0000014483.flac,spoof,A05
T_0000012329,C:\Users\walia\Downloads\flac_T_aa\flac_T\T_0000012329.flac,bonafide,bonafide
T_0000020721,C:\Users\walia\Downloads\flac_T_aa\flac_T\T_0000020721.flac,bonafide,bonafide
T_0000027359,C:\Users\walia\Downloads\flac_T_aa\flac_T\T_0000027359.flac,spoof,A04
T_0000009705,C:\Users\walia\Downloads\flac_T_aa\flac_T\T_0000009705.flac,spoof,A02
T_0000017815,C:\Users\walia\Downloads\flac_T_aa\flac_T\T_0000017815.flac,spoof,A02
T_0000002376,C:\Users\walia\Downloads\flac_T_aa\flac_T\T_0000002376.flac,bonafide,bonafide
T_0000003116,C:\Users\walia\Downloads\flac_T_aa\flac_T\T_0000003116.flac,bonafide,bonafide
T_0000030100,C:\Users\walia\Downloads\flac_T_aa\flac_T\T_0000030100.flac,bonafide,bonafide
T_0000004922,C:\Users\walia\Downloads\flac_T_aa\flac_T\T_0000004922.flac,spoof,A07
T_0000015684,C:\Users\walia\Downloads\flac_T_aa\flac_T\T_0000015684.flac,spoof,A02
T_0000018263,C:\Users\walia\Downloads\flac_T_aa\flac_T\T_0000018263.flac,spoof,A01
T_0000001438,C:\Users\walia\Downloads\flac_T_aa\flac_T\T_0000001438.flac,spoof,A03
T_0000023991,C:\Users\walia\Downloads\flac_T_aa\flac_T\T_0000023991.flac,spoof,A06
T_0000005866,C:\Users\walia\Downloads\flac_T_aa\flac_T\T_0000005866.flac,bonafide,bonafide
T_0000014020,C:\Users\walia\Downloads\flac_T_aa\flac_T\T_0000014020.flac,spoof,A07
T_0000027128,C:\Users\walia\Downloads\flac_T_aa\flac_T\T_0000027128.flac,bonafide,bonafide
T_0000012463,C:\Users\walia\Downloads\flac_T_aa\flac_T\T_0000012463.flac,spoof,A01
T_0000013293,C:\Users\walia\Downloads\flac_T_aa\flac_T\T_0000013293.flac,bonafide,bonafide
T_0000022614,C:\Users\walia\Downloads\flac_T_aa\flac_T\T_0000022614.flac,bonafide,bonafide
T_0000014515,C:\Users\walia\Downloads\flac_T_aa\flac_T\T_0000014515.flac,spoof,A06
T_0000004194,C:\Users\walia\Downloads\flac_T_aa\flac_T\T_0000004194.flac,bonafide,bonafide
T_0000029984,C:\Users\walia\Downloads\flac_T_aa\flac_T\T_0000029984.flac,spoof,A07
T_0000020543,C:\Users\walia\Downloads\flac_T_aa\flac_T\T_0000020543.flac,bonafide,bonafide
T_0000021441,C:\Users\walia\Downloads\flac_T_aa\flac_T\T_0000021441.flac,spoof,A03
T_0000013098,C:\Users\walia\Downloads\flac_T_aa\flac_T\T_0000013098.flac,bonafide,bonafide
T_0000019678,C:\Users\walia\Downloads\flac_T_aa\flac_T\T_0000019678.flac,spoof,A08
T_0000011040,C:\Users\walia\Downloads\flac_T_aa\flac_T\T_0000011040.flac,spoof,A01
T_0000002087,C:\Users\walia\Downloads\flac_T_aa\flac_T\T_0000002087.flac,spoof,A08
T_0000015024,C:\Users\walia\Downloads\flac_T_aa\flac_T\T_0000015024.flac,spoof,A02
T_0000006020,C:\Users\walia\Downloads\flac_T_aa\flac_T\T_0000006020.flac,bonafide,bonafide
T_0000016028,C:\Users\walia\Downloads\flac_T_aa\flac_T\T_0000016028.flac,bonafide,bonafide
T_0000009158,C:\Users\walia\Downloads\flac_T_aa\flac_T\T_0000009158.flac,bonafide,bonafide
T_0000022363,C:\Users\walia\Downloads\flac_T_aa\flac_T\T_0000022363.flac,spoof,A06
T_0000025949,C:\Users\walia\Downloads\flac_T_aa\flac_T\T_0000025949.flac,bonafide,bonafide
T_0000000021,C:\Users\walia\Downloads\flac_T_aa\flac_T\T_0000000021.flac,bonafide,bonafide
T_0000030651,C:\Users\walia\Downloads\flac_T_aa\flac_T\T_0000030651.flac,spoof,A07
T_0000024403,C:\Users\walia\Downloads\flac_T_aa\flac_T\T_0000024403.flac,spoof,A08
T_0000018179,C:\Users\walia\Downloads\flac_T_aa\flac_T\T_0000018179.flac,bonafide,bonafide
T_0000030297,C:\Users\walia\Downloads\flac_T_aa\flac_T\T_0000030297.flac,spoof,A01
T_0000021424,C:\Users\walia\Downloads\flac_T_aa\flac_T\T_0000021424.flac,spoof,A07
T_0000036454,C:\Users\walia\Downloads\flac_T_aa\flac_T\T_0000036454.flac,bonafide,bonafide
T_0000030362,C:\Users\walia\Downloads\flac_T_aa\flac_T\T_0000030362.flac,bonafide,bonafide
T_0000023829,C:\Users\walia\Downloads\flac_T_aa\flac_T\T_0000023829.flac,bonafide,bonafide
T_0000030186,C:\Users\walia\Downloads\flac_T_aa\flac_T\T_0000030186.flac,bonafide,bonafide
T_0000020520,C:\Users\walia\Downloads\flac_T_aa\flac_T\T_0000020520.flac,bonafide,bonafide
T_0000010544,C:\Users\walia\Downloads\flac_T_aa\flac_T\T_0000010544.flac,spoof,A06
T_0000032723,C:\Users\walia\Downloads\flac_T_aa\flac_T\T_0000032723.flac,spoof,A01
T_0000005676,C:\Users\walia\Downloads\flac_T_aa\flac_T\T_0000005676.flac,bonafide,bonafide
T_0000011602,C:\Users\walia\Downloads\flac_T_aa\flac_T\T_0000011602.flac,bonafide,bonafide
T_0000027417,C:\Users\walia\Downloads\flac_T_aa\flac_T\T_0000027417.flac,bonafide,bonafide
T_0000022202,C:\Users\walia\Downloads\flac_T_aa\flac_T\T_0000022202.flac,spoof,A02
T_0000001018,C:\Users\walia\Downloads\flac_T_aa\flac_T\T_0000001018.flac,bonafide,bonafide
T_0000003325,C:\Users\walia\Downloads\flac_T_aa\flac_T\T_0000003325.flac,spoof,A05
T_0000010793,C:\Users\walia\Downloads\flac_T_aa\flac_T\T_0000010793.flac,bonafide,bonafide
T_0000012564,C:\Users\walia\Downloads\flac_T_aa\flac_T\T_0000012564.flac,spoof,A04
T_0000018808,C:\Users\walia\Downloads\flac_T_aa\flac_T\T_0000018808.flac,bonafide,bonafide
T_0000027642,C:\Users\walia\Downloads\flac_T_aa\flac_T\T_0000027642.flac,bonafide,bonafide
T_0000028921,C:\Users\walia\Downloads\flac_T_aa\flac_T\T_0000028921.flac,spoof,A04
T_0000031123,C:\Users\walia\Downloads\flac_T_aa\flac_T\T_0000031123.flac,bonafide,bonafide
T_0000020861,C:\Users\walia\Downloads\flac_T_aa\flac_T\T_0000020861.flac,bonafide,bonafide
T_0000012422,C:\Users\walia\Downloads\flac_T_aa\flac_T\T_0000012422.flac,bonafide,bonafide
T_0000031704,C:\Users\walia\Downloads\flac_T_aa\flac_T\T_0000031704.flac,spoof,A03
T_0000033580,C:\Users\walia\Downloads\flac_T_aa\flac_T\T_0000033580.flac,spoof,A02
T_0000036112,C:\Users\walia\Downloads\flac_T_aa\flac_T\T_0000036112.flac,spoof,A03
T_0000027224,C:\Users\walia\Downloads\flac_T_aa\flac_T\T_0000027224.flac,bonafide,bonafide
T_0000000127,C:\Users\walia\Downloads\flac_T_aa\flac_T\T_0000000127.flac,bonafide,bonafide
T_0000036251,C:\Users\walia\Downloads\flac_T_aa\flac_T\T_0000036251.flac,bonafide,bonafide
T_0000008485,C:\Users\walia\Downloads\flac_T_aa\flac_T\T_0000008485.flac,bonafide,bonafide
T_0000024379,C:\Users\walia\Downloads\flac_T_aa\flac_T\T_0000024379.flac,bonafide,bonafide
T_0000004574,C:\Users\walia\Downloads\flac_T_aa\flac_T\T_0000004574.flac,bonafide,bonafide
T_0000004612,C:\Users\walia\Downloads\flac_T_aa\flac_T\T_0000004612.flac,spoof,A05
T_0000008325,C:\Users\walia\Downloads\flac_T_aa\flac_T\T_0000008325.flac,spoof,A03
T_0000014578,C:\Users\walia\Downloads\flac_T_aa\flac_T\T_0000014578.flac,spoof,A08
T_0000000230,C:\Users\walia\Downloads\flac_T_aa\flac_T\T_0000000230.flac,bonafide,bonafide
T_0000029610,C:\Users\walia\Downloads\flac_T_aa\flac_T\T_0000029610.flac,spoof,A05
T_0000025965,C:\Users\walia\Downloads\flac_T_aa\flac_T\T_0000025965.flac,spoof,A05
T_0000029079,C:\Users\walia\Downloads\flac_T_aa\flac_T\T_0000029079.flac,spoof,A04
T_0000019356,C:\Users\walia\Downloads\flac_T_aa\flac_T\T_0000019356.flac,spoof,A06
T_0000003386,C:\Users\walia\Downloads\flac_T_aa\flac_T\T_0000003386.flac,spoof,A02
T_0000020918,C:\Users\walia\Downloads\flac_T_aa\flac_T\T_0000020918.flac,spoof,A06
T_0000018598,C:\Users\walia\Downloads\flac_T_aa\flac_T\T_0000018598.flac,spoof,A02
T_0000006270,C:\Users\walia\Downloads\flac_T_aa\flac_T\T_0000006270.flac,spoof,A05
T_0000031506,C:\Users\walia\Downloads\flac_T_aa\flac_T\T_0000031506.flac,spoof,A06
T_0000010831,C:\Users\walia\Downloads\flac_T_aa\flac_T\T_0000010831.flac,spoof,A03
T_0000005185,C:\Users\walia\Downloads\flac_T_aa\flac_T\T_0000005185.flac,bonafide,bonafide
T_0000015189,C:\Users\walia\Downloads\flac_T_aa\flac_T\T_0000015189.flac,bonafide,bonafide
T_0000026365,C:\Users\walia\Downloads\flac_T_aa\flac_T\T_0000026365.flac,spoof,A07
T_0000011889,C:\Users\walia\Downloads\flac_T_aa\flac_T\T_0000011889.flac,bonafide,bonafide
T_0000020350,C:\Users\walia\Downloads\flac_T_aa\flac_T\T_0000020350.flac,bonafide,bonafide
T_0000024783,C:\Users\walia\Downloads\flac_T_aa\flac_T\T_0000024783.flac,spoof,A06
T_0000001259,C:\Users\walia\Downloads\flac_T_aa\flac_T\T_0000001259.flac,bonafide,bonafide
T_0000011435,C:\Users\walia\Downloads\flac_T_aa\flac_T\T_0000011435.flac,bonafide,bonafide
T_0000010682,C:\Users\walia\Downloads\flac_T_aa\flac_T\T_0000010682.flac,spoof,A06
T_0000026785,C:\Users\walia\Downloads\flac_T_aa\flac_T\T_0000026785.flac,spoof,A08
T_0000013199,C:\Users\walia\Downloads\flac_T_aa\flac_T\T_0000013199.flac,bonafide,bonafide
T_0000006279,C:\Users\walia\Downloads\flac_T_aa\flac_T\T_0000006279.flac,bonafide,bonafide
T_0000035125,C:\Users\walia\Downloads\flac_T_aa\flac_T\T_0000035125.flac,spoof,A07
T_0000017008,C:\Users\walia\Downloads\flac_T_aa\flac_T\T_0000017008.flac,spoof,A05
T_0000010286,C:\Users\walia\Downloads\flac_T_aa\flac_T\T_0000010286.flac,bonafide,bonafide
T_0000002627,C:\Users\walia\Downloads\flac_T_aa\flac_T\T_0000002627.flac,bonafide,bonafide
T_0000036003,C:\Users\walia\Downloads\flac_T_aa\flac_T\T_0000036003.flac,spoof,A08
T_0000000987,C:\Users\walia\Downloads\flac_T_aa\flac_T\T_0000000987.flac,spoof,A06
T_0000019736,C:\Users\walia\Downloads\flac_T_aa\flac_T\T_0000019736.flac,bonafide,bonafide
T_0000021836,C:\Users\walia\Downloads\flac_T_aa\flac_T\T_0000021836.flac,bonafide,bonafide
T_0000015586,C:\Users\walia\Downloads\flac_T_aa\flac_T\T_0000015586.flac,bonafide,bonafide
T_0000000092,C:\Users\walia\Downloads\flac_T_aa\flac_T\T_0000000092.flac,bonafide,bonafide
T_0000003963,C:\Users\walia\Downloads\flac_T_aa\flac_T\T_0000003963.flac,spoof,A03
T_0000030801,C:\Users\walia\Downloads\flac_T_aa\flac_T\T_0000030801.flac,bonafide,bonafide
T_0000001045,C:\Users\walia\Downloads\flac_T_aa\flac_T\T_0000001045.flac,bonafide,bonafide
T_0000010550,C:\Users\walia\Downloads\flac_T_aa\flac_T\T_0000010550.flac,bonafide,bonafide
T_0000007180,C:\Users\walia\Downloads\flac_T_aa\flac_T\T_0000007180.flac,bonafide,bonafide
T_0000014285,C:\Users\walia\Downloads\flac_T_aa\flac_T\T_0000014285.flac,spoof,A03
T_0000029527,C:\Users\walia\Downloads\flac_T_aa\flac_T\T_0000029527.flac,spoof,A06
T_0000000602,C:\Users\walia\Downloads\flac_T_aa\flac_T\T_0000000602.flac,bonafide,bonafide
T_0000005266,C:\Users\walia\Downloads\flac_T_aa\flac_T\T_0000005266.flac,spoof,A07
T_0000003461,C:\Users\walia\Downloads\flac_T_aa\flac_T\T_0000003461.flac,bonafide,bonafide
T_0000017132,C:\Users\walia\Downloads\flac_T_aa\flac_T\T_0000017132.flac,spoof,A03
T_0000031436,C:\Users\walia\Downloads\flac_T_aa\flac_T\T_0000031436.flac,bonafide,bonafide
T_0000036386,C:\Users\walia\Downloads\flac_T_aa\flac_T\T_0000036386.flac,bonafide,bonafide
T_0000007134,C:\Users\walia\Downloads\flac_T_aa\flac_T\T_0000007134.flac,bonafide,bonafide
T_0000025159,C:\Users\walia\Downloads\flac_T_aa\flac_T\T_0000025159.flac,spoof,A06
T_0000016637,C:\Users\walia\Downloads\flac_T_aa\flac_T\T_0000016637.flac,spoof,A05
T_0000033534,C:\Users\walia\Downloads\flac_T_aa\flac_T\T_0000033534.flac,bonafide,bonafide
T_0000033839,C:\Users\walia\Downloads\flac_T_aa\flac_T\T_0000033839.flac,spoof,A05
T_0000012556,C:\Users\walia\Downloads\flac_T_aa\flac_T\T_0000012556.flac,bonafide,bonafide
T_0000006186,C:\Users\walia\Downloads\flac_T_aa\flac_T\T_0000006186.flac,spoof,A01
T_0000019545,C:\Users\walia\Downloads\flac_T_aa\flac_T\T_0000019545.flac,spoof,A07
T_0000023155,C:\Users\walia\Downloads\flac_T_aa\flac_T\T_0000023155.flac,bonafide,bonafide
T_0000013681,C:\Users\walia\Downloads\flac_T_aa\flac_T\T_0000013681.flac,bonafide,bonafide
T_0000034716,C:\Users\walia\Downloads\flac_T_aa\flac_T\T_0000034716.flac,bonafide,bonafide
T_0000017272,C:\Users\walia\Downloads\flac_T_aa\flac_T\T_0000017272.flac,spoof,A03
T_0000010402,C:\Users\walia\Downloads\flac_T_aa\flac_T\T_0000010402.flac,spoof,A02
T_0000024900,C:\Users\walia\Downloads\flac_T_aa\flac_T\T_0000024900.flac,bonafide,bonafide
T_0000014227,C:\Users\walia\Downloads\flac_T_aa\flac_T\T_0000014227.flac,bonafide,bonafide
T_0000035620,C:\Users\walia\Downloads\flac_T_aa\flac_T\T_0000035620.flac,spoof,A02
T_0000012817,C:\Users\walia\Downloads\flac_T_aa\flac_T\T_0000012817.flac,spoof,A08
T_0000014773,C:\Users\walia\Downloads\flac_T_aa\flac_T\T_0000014773.flac,bonafide,bonafide
T_0000016777,C:\Users\walia\Downloads\flac_T_aa\flac_T\T_0000016777.flac,spoof,A05
T_0000018152,C:\Users\walia\Downloads\flac_T_aa\flac_T\T_0000018152.flac,bonafide,bonafide
T_0000024390,C:\Users\walia\Downloads\flac_T_aa\flac_T\T_0000024390.flac,bonafide,bonafide
T_0000021634,C:\Users\walia\Downloads\flac_T_aa\flac_T\T_0000021634.flac,bonafide,bonafide
T_0000027984,C:\Users\walia\Downloads\flac_T_aa\flac_T\T_0000027984.flac,bonafide,bonafide
T_0000018868,C:\Users\walia\Downloads\flac_T_aa\flac_T\T_0000018868.flac,spoof,A01
T_0000002684,C:\Users\walia\Downloads\flac_T_aa\flac_T\T_0000002684.flac,spoof,A05
T_0000023406,C:\Users\walia\Downloads\flac_T_aa\flac_T\T_0000023406.flac,bonafide,bonafide
T_0000000786,C:\Users\walia\Downloads\flac_T_aa\flac_T\T_0000000786.flac,spoof,A03
T_0000024015,C:\Users\walia\Downloads\flac_T_aa\flac_T\T_0000024015.flac,bonafide,bonafide
T_0000031769,C:\Users\walia\Downloads\flac_T_aa\flac_T\T_0000031769.flac,spoof,A08
T_0000012032,C:\Users\walia\Downloads\flac_T_aa\flac_T\T_0000012032.flac,spoof,A06
T_0000031259,C:\Users\walia\Downloads\flac_T_aa\flac_T\T_0000031259.flac,bonafide,bonafide
T_0000010523,C:\Users\walia\Downloads\flac_T_aa\flac_T\T_0000010523.flac,bonafide,bonafide
T_0000031927,C:\Users\walia\Downloads\flac_T_aa\flac_T\T_0000031927.flac,bonafide,bonafide
T_0000019468,C:\Users\walia\Downloads\flac_T_aa\flac_T\T_0000019468.flac,spoof,A07
T_0000036436,C:\Users\walia\Downloads\flac_T_aa\flac_T\T_0000036436.flac,bonafide,bonafide
T_0000012493,C:\Users\walia\Downloads\flac_T_aa\flac_T\T_0000012493.flac,bonafide,bonafide
T_0000005534,C:\Users\walia\Downloads\flac_T_aa\flac_T\T_0000005534.flac,bonafide,bonafide
T_0000001662,C:\Users\walia\Downloads\flac_T_aa\flac_T\T_0000001662.flac,bonafide,bonafide
T_0000021806,C:\Users\walia\Downloads\flac_T_aa\flac_T\T_0000021806.flac,bonafide,bonafide
T_0000002263,C:\Users\walia\Downloads\flac_T_aa\flac_T\T_0000002263.flac,spoof,A03
T_0000019514,C:\Users\walia\Downloads\flac_T_aa\flac_T\T_0000019514.flac,spoof,A04
T_0000019618,C:\Users\walia\Downloads\flac_T_aa\flac_T\T_0000019618.flac,bonafide,bonafide
T_0000032920,C:\Users\walia\Downloads\flac_T_aa\flac_T\T_0000032920.flac,bonafide,bonafide
T_0000008200,C:\Users\walia\Downloads\flac_T_aa\flac_T\T_0000008200.flac,bonafide,bonafide
T_0000002497,C:\Users\walia\Downloads\flac_T_aa\flac_T\T_0000002497.flac,bonafide,bonafide
T_0000031596,C:\Users\walia\Downloads\flac_T_aa\flac_T\T_0000031596.flac,spoof,A07
T_0000029151,C:\Users\walia\Downloads\flac_T_aa\flac_T\T_0000029151.flac,spoof,A01
T_0000029174,C:\Users\walia\Downloads\flac_T_aa\flac_T\T_0000029174.flac,spoof,A02
T_0000034533,C:\Users\walia\Downloads\flac_T_aa\flac_T\T_0000034533.flac,spoof,A05
T_0000030334,C:\Users\walia\Downloads\flac_T_aa\flac_T\T_0000030334.flac,bonafide,bonafide
T_0000020837,C:\Users\walia\Downloads\flac_T_aa\flac_T\T_0000020837.flac,bonafide,bonafide
T_0000029263,C:\Users\walia\Downloads\flac_T_aa\flac_T\T_0000029263.flac,bonafide,bonafide
T_0000013981,C:\Users\walia\Downloads\flac_T_aa\flac_T\T_0000013981.flac,bonafide,bonafide
T_0000021492,C:\Users\walia\Downloads\flac_T_aa\flac_T\T_0000021492.flac,bonafide,bonafide
T_0000024185,C:\Users\walia\Downloads\flac_T_aa\flac_T\T_0000024185.flac,spoof,A04
T_0000000277,C:\Users\walia\Downloads\flac_T_aa\flac_T\T_0000000277.flac,bonafide,bonafide
T_0000008626,C:\Users\walia\Downloads\flac_T_aa\flac_T\T_0000008626.flac,bonafide,bonafide
T_0000005938,C:\Users\walia\Downloads\flac_T_aa\flac_T\T_0000005938.flac,bonafide,bonafide
T_0000024222,C:\Users\walia\Downloads\flac_T_aa\flac_T\T_0000024222.flac,spoof,A04
T_0000028841,C:\Users\walia\Downloads\flac_T_aa\flac_T\T_0000028841.flac,spoof,A08
T_0000005435,C:\Users\walia\Downloads\flac_T_aa\flac_T\T_0000005435.flac,bonafide,bonafide
T_0000035093,C:\Users\walia\Downloads\flac_T_aa\flac_T\T_0000035093.flac,bonafide,bonafide
T_0000019624,C:\Users\walia\Downloads\flac_T_aa\flac_T\T_0000019624.flac,bonafide,bonafide
T_0000014744,C:\Users\walia\Downloads\flac_T_aa\flac_T\T_0000014744.flac,bonafide,bonafide
T_0000023770,C:\Users\walia\Downloads\flac_T_aa\flac_T\T_0000023770.flac,spoof,A07
T_0000026821,C:\Users\walia\Downloads\flac_T_aa\flac_T\T_0000026821.flac,bonafide,bonafide
T_0000030397,C:\Users\walia\Downloads\flac_T_aa\flac_T\T_0000030397.flac,spoof,A03
T_0000014738,C:\Users\walia\Downloads\flac_T_aa\flac_T\T_0000014738.flac,bonafide,bonafide
T_0000016611,C:\Users\walia\Downloads\flac_T_aa\flac_T\T_0000016611.flac,bonafide,bonafide
T_0000000011,C:\Users\walia\Downloads\flac_T_aa\flac_T\T_0000000011.flac,bonafide,bonafide
T_0000021600,C:\Users\walia\Downloads\flac_T_aa\flac_T\T_0000021600.flac,spoof,A05
T_0000022562,C:\Users\walia\Downloads\flac_T_aa\flac_T\T_0000022562.flac,bonafide,bonafide
T_0000016379,C:\Users\walia\Downloads\flac_T_aa\flac_T\T_0000016379.flac,spoof,A05
T_0000007737,C:\Users\walia\Downloads\flac_T_aa\flac_T\T_0000007737.flac,spoof,A05
T_0000028224,C:\Users\walia\Downloads\flac_T_aa\flac_T\T_0000028224.flac,bonafide,bonafide
T_0000008861,C:\Users\walia\Downloads\flac_T_aa\flac_T\T_0000008861.flac,spoof,A02
T_0000023133,C:\Users\walia\Downloads\flac_T_aa\flac_T\T_0000023133.flac,bonafide,bonafide
T_0000011512,C:\Users\walia\Downloads\flac_T_aa\flac_T\T_0000011512.flac,bonafide,bonafide
T_0000029960,C:\Users\walia\Downloads\flac_T_aa\flac_T\T_0000029960.flac,bonafide,bonafide
T_0000014639,C:\Users\walia\Downloads\flac_T_aa\flac_T\T_0000014639.flac,bonafide,bonafide
T_0000034222,C:\Users\walia\Downloads\flac_T_aa\flac_T\T_0000034222.flac,bonafide,bonafide
T_0000035113,C:\Users\walia\Downloads\flac_T_aa\flac_T\T_0000035113.flac,bonafide,bonafide
T_0000025099,C:\Users\walia\Downloads\flac_T_aa\flac_T\T_0000025099.flac,bonafide,bonafide
T_0000034618,C:\Users\walia\Downloads\flac_T_aa\flac_T\T_0000034618.flac,spoof,A06
T_0000036368,C:\Users\walia\Downloads\flac_T_aa\flac_T\T_0000036368.flac,bonafide,bonafide
T_0000004108,C:\Users\walia\Downloads\flac_T_aa\flac_T\T_0000004108.flac,spoof,A02
T_0000028367,C:\Users\walia\Downloads\flac_T_aa\flac_T\T_0000028367.flac,spoof,A06
T_0000007463,C:\Users\walia\Downloads\flac_T_aa\flac_T\T_0000007463.flac,bonafide,bonafide
T_0000010196,C:\Users\walia\Downloads\flac_T_aa\flac_T\T_0000010196.flac,bonafide,bonafide
T_0000022410,C:\Users\walia\Downloads\flac_T_aa\flac_T\T_0000022410.flac,spoof,A06
T_0000012650,C:\Users\walia\Downloads\flac_T_aa\flac_T\T_0000012650.flac,spoof,A03
T_0000007798,C:\Users\walia\Downloads\flac_T_aa\flac_T\T_0000007798.flac,spoof,A01
T_0000034411,C:\Users\walia\Downloads\flac_T_aa\flac_T\T_0000034411.flac,bonafide,bonafide
T_0000011157,C:\Users\walia\Downloads\flac_T_aa\flac_T\T_0000011157.flac,bonafide,bonafide
T_0000014629,C:\Users\walia\Downloads\flac_T_aa\flac_T\T_0000014629.flac,spoof,A08
T_0000004475,C:\Users\walia\Downloads\flac_T_aa\flac_T\T_0000004475.flac,spoof,A08
T_0000011943,C:\Users\walia\Downloads\flac_T_aa\flac_T\T_0000011943.flac,spoof,A06
T_0000014199,C:\Users\walia\Downloads\flac_T_aa\flac_T\T_0000014199.flac,bonafide,bonafide
T_0000035640,C:\Users\walia\Downloads\flac_T_aa\flac_T\T_0000035640.flac,spoof,A03
T_0000018811,C:\Users\walia\Downloads\flac_T_aa\flac_T\T_0000018811.flac,bonafide,bonafide
T_0000013140,C:\Users\walia\Downloads\flac_T_aa\flac_T\T_0000013140.flac,bonafide,bonafide
T_0000007084,C:\Users\walia\Downloads\flac_T_aa\flac_T\T_0000007084.flac,spoof,A07
T_0000027514,C:\Users\walia\Downloads\flac_T_aa\flac_T\T_0000027514.flac,spoof,A01
T_0000031806,C:\Users\walia\Downloads\flac_T_aa\flac_T\T_0000031806.flac,spoof,A07
T_0000005151,C:\Users\walia\Downloads\flac_T_aa\flac_T\T_0000005151.flac,spoof,A06
T_0000012885,C:\Users\walia\Downloads\flac_T_aa\flac_T\T_0000012885.flac,spoof,A04
T_0000004992,C:\Users\walia\Downloads\flac_T_aa\flac_T\T_0000004992.flac,spoof,A01
T_0000020160,C:\Users\walia\Downloads\flac_T_aa\flac_T\T_0000020160.flac,spoof,A02
T_0000021350,C:\Users\walia\Downloads\flac_T_aa\flac_T\T_0000021350.flac,bonafide,bonafide
T_0000014255,C:\Users\walia\Downloads\flac_T_aa\flac_T\T_0000014255.flac,bonafide,bonafide
T_0000015585,C:\Users\walia\Downloads\flac_T_aa\flac_T\T_0000015585.flac,spoof,A02
T_0000025486,C:\Users\walia\Downloads\flac_T_aa\flac_T\T_0000025486.flac,bonafide,bonafide
T_0000035900,C:\Users\walia\Downloads\flac_T_aa\flac_T\T_0000035900.flac,bonafide,bonafide
T_0000020280,C:\Users\walia\Downloads\flac_T_aa\flac_T\T_0000020280.flac,spoof,A06
T_0000013397,C:\Users\walia\Downloads\flac_T_aa\flac_T\T_0000013397.flac,bonafide,bonafide
T_0000034546,C:\Users\walia\Downloads\flac_T_aa\flac_T\T_0000034546.flac,bonafide,bonafide
T_0000007981,C:\Users\walia\Downloads\flac_T_aa\flac_T\T_0000007981.flac,spoof,A02
T_0000009546,C:\Users\walia\Downloads\flac_T_aa\flac_T\T_0000009546.flac,bonafide,bonafide
T_0000003113,C:\Users\walia\Downloads\flac_T_aa\flac_T\T_0000003113.flac,bonafide,bonafide
T_0000009905,C:\Users\walia\Downloads\flac_T_aa\flac_T\T_0000009905.flac,spoof,A07
T_0000012045,C:\Users\walia\Downloads\flac_T_aa\flac_T\T_0000012045.flac,spoof,A03
T_0000021202,C:\Users\walia\Downloads\flac_T_aa\flac_T\T_0000021202.flac,bonafide,bonafide
T_0000022833,C:\Users\walia\Downloads\flac_T_aa\flac_T\T_0000022833.flac,bonafide,bonafide
T_0000013176,C:\Users\walia\Downloads\flac_T_aa\flac_T\T_0000013176.flac,bonafide,bonafide
T_0000033469,C:\Users\walia\Downloads\flac_T_aa\flac_T\T_0000033469.flac,bonafide,bonafide
T_0000035374,C:\Users\walia\Downloads\flac_T_aa\flac_T\T_0000035374.flac,spoof,A03
T_0000014978,C:\Users\walia\Downloads\flac_T_aa\flac_T\T_0000014978.flac,spoof,A08
T_0000005391,C:\Users\walia\Downloads\flac_T_aa\flac_T\T_0000005391.flac,spoof,A01
T_0000003991,C:\Users\walia\Downloads\flac_T_aa\flac_T\T_0000003991.flac,bonafide,bonafide
T_0000002996,C:\Users\walia\Downloads\flac_T_aa\flac_T\T_0000002996.flac,spoof,A05
T_0000009324,C:\Users\walia\Downloads\flac_T_aa\flac_T\T_0000009324.flac,bonafide,bonafide
T_0000003930,C:\Users\walia\Downloads\flac_T_aa\flac_T\T_0000003930.flac,spoof,A07
T_0000017655,C:\Users\walia\Downloads\flac_T_aa\flac_T\T_0000017655.flac,spoof,A08
T_0000028451,C:\Users\walia\Downloads\flac_T_aa\flac_T\T_0000028451.flac,bonafide,bonafide
T_0000000867,C:\Users\walia\Downloads\flac_T_aa\flac_T\T_0000000867.flac,bonafide,bonafide
T_0000008323,C:\Users\walia\Downloads\flac_T_aa\flac_T\T_0000008323.flac,spoof,A05
T_0000006596,C:\Users\walia\Downloads\flac_T_aa\flac_T\T_0000006596.flac,bonafide,bonafide
T_0000012982,C:\Users\walia\Downloads\flac_T_aa\flac_T\T_0000012982.flac,spoof,A04
T_0000001948,C:\Users\walia\Downloads\flac_T_aa\flac_T\T_0000001948.flac,spoof,A02
T_0000008860,C:\Users\walia\Downloads\flac_T_aa\flac_T\T_0000008860.flac,bonafide,bonafide
T_0000032601,C:\Users\walia\Downloads\flac_T_aa\flac_T\T_0000032601.flac,bonafide,bonafide
T_0000020947,C:\Users\walia\Downloads\flac_T_aa\flac_T\T_0000020947.flac,spoof,A05
T_0000035478,C:\Users\walia\Downloads\flac_T_aa\flac_T\T_0000035478.flac,spoof,A08
T_0000030744,C:\Users\walia\Downloads\flac_T_aa\flac_T\T_0000030744.flac,bonafide,bonafide
T_0000012776,C:\Users\walia\Downloads\flac_T_aa\flac_T\T_0000012776.flac,spoof,A06
T_0000029192,C:\Users\walia\Downloads\flac_T_aa\flac_T\T_0000029192.flac,bonafide,bonafide
T_0000032265,C:\Users\walia\Downloads\flac_T_aa\flac_T\T_0000032265.flac,spoof,A07
T_0000036010,C:\Users\walia\Downloads\flac_T_aa\flac_T\T_0000036010.flac,bonafide,bonafide
T_0000031940,C:\Users\walia\Downloads\flac_T_aa\flac_T\T_0000031940.flac,spoof,A03
T_0000030868,C:\Users\walia\Downloads\flac_T_aa\flac_T\T_0000030868.flac,spoof,A07
T_0000006711,C:\Users\walia\Downloads\flac_T_aa\flac_T\T_0000006711.flac,bonafide,bonafide
T_0000010844,C:\Users\walia\Downloads\flac_T_aa\flac_T\T_0000010844.flac,spoof,A01
T_0000002438,C:\Users\walia\Downloads\flac_T_aa\flac_T\T_0000002438.flac,bonafide,bonafide
T_0000010082,C:\Users\walia\Downloads\flac_T_aa\flac_T\T_0000010082.flac,spoof,A06
T_0000017494,C:\Users\walia\Downloads\flac_T_aa\flac_T\T_0000017494.flac,spoof,A02
T_0000028885,C:\Users\walia\Downloads\flac_T_aa\flac_T\T_0000028885.flac,spoof,A03
T_0000027474,C:\Users\walia\Downloads\flac_T_aa\flac_T\T_0000027474.flac,spoof,A03
T_0000010734,C:\Users\walia\Downloads\flac_T_aa\flac_T\T_0000010734.flac,spoof,A03
T_0000023267,C:\Users\walia\Downloads\flac_T_aa\flac_T\T_0000023267.flac,bonafide,bonafide
T_0000034556,C:\Users\walia\Downloads\flac_T_aa\flac_T\T_0000034556.flac,spoof,A03
T_0000030513,C:\Users\walia\Downloads\flac_T_aa\flac_T\T_0000030513.flac,bonafide,bonafide
T_0000031258,C:\Users\walia\Downloads\flac_T_aa\flac_T\T_0000031258.flac,bonafide,bonafide
T_0000023983,C:\Users\walia\Downloads\flac_T_aa\flac_T\T_0000023983.flac,spoof,A02
T_0000025433,C:\Users\walia\Downloads\flac_T_aa\flac_T\T_0000025433.flac,spoof,A05
T_0000017857,C:\Users\walia\Downloads\flac_T_aa\flac_T\T_0000017857.flac,spoof,A07
T_0000017051,C:\Users\walia\Downloads\flac_T_aa\flac_T\T_0000017051.flac,bonafide,bonafide
T_0000004129,C:\Users\walia\Downloads\flac_T_aa\flac_T\T_0000004129.flac,spoof,A07
T_0000004936,C:\Users\walia\Downloads\flac_T_aa\flac_T\T_0000004936.flac,spoof,A05
T_0000008176,C:\Users\walia\Downloads\flac_T_aa\flac_T\T_0000008176.flac,bonafide,bonafide
T_0000030191,C:\Users\walia\Downloads\flac_T_aa\flac_T\T_0000030191.flac,bonafide,bonafide
T_0000021814,C:\Users\walia\Downloads\flac_T_aa\flac_T\T_0000021814.flac,bonafide,bonafide
T_0000022309,C:\Users\walia\Downloads\flac_T_aa\flac_T\T_0000022309.flac,spoof,A08
T_0000022338,C:\Users\walia\Downloads\flac_T_aa\flac_T\T_0000022338.flac,bonafide,bonafide
T_0000033572,C:\Users\walia\Downloads\flac_T_aa\flac_T\T_0000033572.flac,spoof,A05
T_0000032619,C:\Users\walia\Downloads\flac_T_aa\flac_T\T_0000032619.flac,spoof,A02
T_0000015160,C:\Users\walia\Downloads\flac_T_aa\flac_T\T_0000015160.flac,bonafide,bonafide
T_0000016018,C:\Users\walia\Downloads\flac_T_aa\flac_T\T_0000016018.flac,bonafide,bonafide
T_0000020544,C:\Users\walia\Downloads\flac_T_aa\flac_T\T_0000020544.flac,spoof,A04
T_0000014099,C:\Users\walia\Downloads\flac_T_aa\flac_T\T_0000014099.flac,bonafide,bonafide
T_0000015154,C:\Users\walia\Downloads\flac_T_aa\flac_T\T_0000015154.flac,bonafide,bonafide
T_0000029197,C:\Users\walia\Downloads\flac_T_aa\flac_T\T_0000029197.flac,spoof,A08
T_0000029426,C:\Users\walia\Downloads\flac_T_aa\flac_T\T_0000029426.flac,spoof,A01
T_0000018592,C:\Users\walia\Downloads\flac_T_aa\flac_T\T_0000018592.flac,spoof,A07
T_0000002437,C:\Users\walia\Downloads\flac_T_aa\flac_T\T_0000002437.flac,spoof,A04
T_0000006553,C:\Users\walia\Downloads\flac_T_aa\flac_T\T_0000006553.flac,spoof,A04
T_0000023757,C:\Users\walia\Downloads\flac_T_aa\flac_T\T_0000023757.flac,spoof,A03
T_0000012877,C:\Users\walia\Downloads\flac_T_aa\flac_T\T_0000012877.flac,spoof,A05
T_0000035834,C:\Users\walia\Downloads\flac_T_aa\flac_T\T_0000035834.flac,spoof,A06
T_0000008059,C:\Users\walia\Downloads\flac_T_aa\flac_T\T_0000008059.flac,spoof,A08
T_0000034922,C:\Users\walia\Downloads\flac_T_aa\flac_T\T_0000034922.flac,bonafide,bonafide
T_0000015073,C:\Users\walia\Downloads\flac_T_aa\flac_T\T_0000015073.flac,bonafide,bonafide
T_0000029909,C:\Users\walia\Downloads\flac_T_aa\flac_T\T_0000029909.flac,bonafide,bonafide
T_0000004559,C:\Users\walia\Downloads\flac_T_aa\flac_T\T_0000004559.flac,spoof,A06
T_0000006294,C:\Users\walia\Downloads\flac_T_aa\flac_T\T_0000006294.flac,spoof,A03
T_0000018702,C:\Users\walia\Downloads\flac_T_aa\flac_T\T_0000018702.flac,bonafide,bonafide
T_0000012453,C:\Users\walia\Downloads\flac_T_aa\flac_T\T_0000012453.flac,bonafide,bonafide
T_0000032448,C:\Users\walia\Downloads\flac_T_aa\flac_T\T_0000032448.flac,bonafide,bonafide
T_0000021972,C:\Users\walia\Downloads\flac_T_aa\flac_T\T_0000021972.flac,spoof,A04
T_0000028126,C:\Users\walia\Downloads\flac_T_aa\flac_T\T_0000028126.flac,bonafide,bonafide
T_0000017618,C:\Users\walia\Downloads\flac_T_aa\flac_T\T_0000017618.flac,bonafide,bonafide
T_0000030214,C:\Users\walia\Downloads\flac_T_aa\flac_T\T_0000030214.flac,spoof,A08
T_0000035817,C:\Users\walia\Downloads\flac_T_aa\flac_T\T_0000035817.flac,bonafide,bonafide
T_0000006557,C:\Users\walia\Downloads\flac_T_aa\flac_T\T_0000006557.flac,bonafide,bonafide
T_0000016615,C:\Users\walia\Downloads\flac_T_aa\flac_T\T_0000016615.flac,spoof,A04
T_0000016812,C:\Users\walia\Downloads\flac_T_aa\flac_T\T_0000016812.flac,spoof,A06
T_0000001503,C:\Users\walia\Downloads\flac_T_aa\flac_T\T_0000001503.flac,bonafide,bonafide
T_0000017208,C:\Users\walia\Downloads\flac_T_aa\flac_T\T_0000017208.flac,bonafide,bonafide
T_0000024680,C:\Users\walia\Downloads\flac_T_aa\flac_T\T_0000024680.flac,spoof,A05
T_0000000508,C:\Users\walia\Downloads\flac_T_aa\flac_T\T_0000000508.flac,spoof,A03
T_0000022166,C:\Users\walia\Downloads\flac_T_aa\flac_T\T_0000022166.flac,bonafide,bonafide
T_0000020856,C:\Users\walia\Downloads\flac_T_aa\flac_T\T_0000020856.flac,spoof,A01
T_0000013909,C:\Users\walia\Downloads\flac_T_aa\flac_T\T_0000013909.flac,spoof,A03
T_0000030630,C:\Users\walia\Downloads\flac_T_aa\flac_T\T_0000030630.flac,bonafide,bonafide
T_0000007048,C:\Users\walia\Downloads\flac_T_aa\flac_T\T_0000007048.flac,bonafide,bonafide
T_0000010363,C:\Users\walia\Downloads\flac_T_aa\flac_T\T_0000010363.flac,spoof,A02
T_0000005194,C:\Users\walia\Downloads\flac_T_aa\flac_T\T_0000005194.flac,spoof,A05
T_0000002626,C:\Users\walia\Downloads\flac_T_aa\flac_T\T_0000002626.flac,spoof,A06
T_0000008859,C:\Users\walia\Downloads\flac_T_aa\flac_T\T_0000008859.flac,bonafide,bonafide
T_0000005141,C:\Users\walia\Downloads\flac_T_aa\flac_T\T_0000005141.flac,bonafide,bonafide
T_0000010483,C:\Users\walia\Downloads\flac_T_aa\flac_T\T_0000010483.flac,spoof,A03
T_0000027614,C:\Users\walia\Downloads\flac_T_aa\flac_T\T_0000027614.flac,spoof,A07
T_0000000394,C:\Users\walia\Downloads\flac_T_aa\flac_T\T_0000000394.flac,bonafide,bonafide
T_0000017365,C:\Users\walia\Downloads\flac_T_aa\flac_T\T_0000017365.flac,bonafide,bonafide
T_0000022716,C:\Users\walia\Downloads\flac_T_aa\flac_T\T_0000022716.flac,spoof,A04
T_0000001993,C:\Users\walia\Downloads\flac_T_aa\flac_T\T_0000001993.flac,spoof,A08
T_0000019778,C:\Users\walia\Downloads\flac_T_aa\flac_T\T_0000019778.flac,bonafide,bonafide
T_0000007557,C:\Users\walia\Downloads\flac_T_aa\flac_T\T_0000007557.flac,bonafide,bonafide
T_0000032280,C:\Users\walia\Downloads\flac_T_aa\flac_T\T_0000032280.flac,spoof,A08
T_0000012056,C:\Users\walia\Downloads\flac_T_aa\flac_T\T_0000012056.flac,spoof,A08
T_0000014776,C:\Users\walia\Downloads\flac_T_aa\flac_T\T_0000014776.flac,spoof,A08
T_0000031264,C:\Users\walia\Downloads\flac_T_aa\flac_T\T_0000031264.flac,spoof,A05
T_0000015304,C:\Users\walia\Downloads\flac_T_aa\flac_T\T_0000015304.flac,spoof,A07
T_0000006732,C:\Users\walia\Downloads\flac_T_aa\flac_T\T_0000006732.flac,spoof,A01
T_0000036369,C:\Users\walia\Downloads\flac_T_aa\flac_T\T_0000036369.flac,bonafide,bonafide
T_0000024143,C:\Users\walia\Downloads\flac_T_aa\flac_T\T_0000024143.flac,spoof,A03
T_0000019175,C:\Users\walia\Downloads\flac_T_aa\flac_T\T_0000019175.flac,bonafide,bonafide
T_0000031345,C:\Users\walia\Downloads\flac_T_aa\flac_T\T_0000031345.flac,bonafide,bonafide
T_0000018368,C:\Users\walia\Downloads\flac_T_aa\flac_T\T_0000018368.flac,spoof,A01
T_0000018403,C:\Users\walia\Downloads\flac_T_aa\flac_T\T_0000018403.flac,spoof,A08
T_0000021915,C:\Users\walia\Downloads\flac_T_aa\flac_T\T_0000021915.flac,spoof,A05
T_0000016539,C:\Users\walia\Downloads\flac_T_aa\flac_T\T_0000016539.flac,spoof,A04
T_0000023076,C:\Users\walia\Downloads\flac_T_aa\flac_T\T_0000023076.flac,spoof,A02
T_0000014758,C:\Users\walia\Downloads\flac_T_aa\flac_T\T_0000014758.flac,bonafide,bonafide
T_0000024966,C:\Users\walia\Downloads\flac_T_aa\flac_T\T_0000024966.flac,bonafide,bonafide
T_0000023820,C:\Users\walia\Downloads\flac_T_aa\flac_T\T_0000023820.flac,bonafide,bonafide
T_0000018975,C:\Users\walia\Downloads\flac_T_aa\flac_T\T_0000018975.flac,spoof,A03
T_0000016927,C:\Users\walia\Downloads\flac_T_aa\flac_T\T_0000016927.flac,spoof,A02
T_0000023443,C:\Users\walia\Downloads\flac_T_aa\flac_T\T_0000023443.flac,spoof,A03
T_0000002752,C:\Users\walia\Downloads\flac_T_aa\flac_T\T_0000002752.flac,spoof,A03
T_0000007548,C:\Users\walia\Downloads\flac_T_aa\flac_T\T_0000007548.flac,bonafide,bonafide
T_0000001560,C:\Users\walia\Downloads\flac_T_aa\flac_T\T_0000001560.flac,bonafide,bonafide
T_0000002487,C:\Users\walia\Downloads\flac_T_aa\flac_T\T_0000002487.flac,spoof,A02
T_0000019229,C:\Users\walia\Downloads\flac_T_aa\flac_T\T_0000019229.flac,bonafide,bonafide
T_0000008460,C:\Users\walia\Downloads\flac_T_aa\flac_T\T_0000008460.flac,bonafide,bonafide
T_0000035235,C:\Users\walia\Downloads\flac_T_aa\flac_T\T_0000035235.flac,spoof,A03
T_0000032070,C:\Users\walia\Downloads\flac_T_aa\flac_T\T_0000032070.flac,spoof,A02
T_0000022713,C:\Users\walia\Downloads\flac_T_aa\flac_T\T_0000022713.flac,bonafide,bonafide
T_0000028185,C:\Users\walia\Downloads\flac_T_aa\flac_T\T_0000028185.flac,bonafide,bonafide
T_0000005744,C:\Users\walia\Downloads\flac_T_aa\flac_T\T_0000005744.flac,spoof,A01
T_0000026130,C:\Users\walia\Downloads\flac_T_aa\flac_T\T_0000026130.flac,spoof,A03
T_0000022765,C:\Users\walia\Downloads\flac_T_aa\flac_T\T_0000022765.flac,bonafide,bonafide
T_0000034698,C:\Users\walia\Downloads\flac_T_aa\flac_T\T_0000034698.flac,bonafide,bonafide
T_0000025550,C:\Users\walia\Downloads\flac_T_aa\flac_T\T_0000025550.flac,bonafide,bonafide
T_0000018900,C:\Users\walia\Downloads\flac_T_aa\flac_T\T_0000018900.flac,bonafide,bonafide
T_0000023513,C:\Users\walia\Downloads\flac_T_aa\flac_T\T_0000023513.flac,spoof,A05
T_0000007621,C:\Users\walia\Downloads\flac_T_aa\flac_T\T_0000007621.flac,bonafide,bonafide
T_0000022653,C:\Users\walia\Downloads\flac_T_aa\flac_T\T_0000022653.flac,spoof,A03
T_0000024064,C:\Users\walia\Downloads\flac_T_aa\flac_T\T_0000024064.flac,bonafide,bonafide
T_0000028693,C:\Users\walia\Downloads\flac_T_aa\flac_T\T_0000028693.flac,bonafide,bonafide
T_0000035637,C:\Users\walia\Downloads\flac_T_aa\flac_T\T_0000035637.flac,spoof,A08
T_0000006883,C:\Users\walia\Downloads\flac_T_aa\flac_T\T_0000006883.flac,bonafide,bonafide
T_0000031787,C:\Users\walia\Downloads\flac_T_aa\flac_T\T_0000031787.flac,bonafide,bonafide
T_0000012342,C:\Users\walia\Downloads\flac_T_aa\flac_T\T_0000012342.flac,bonafide,bonafide
T_0000026091,C:\Users\walia\Downloads\flac_T_aa\flac_T\T_0000026091.flac,bonafide,bonafide
T_0000026646,C:\Users\walia\Downloads\flac_T_aa\flac_T\T_0000026646.flac,spoof,A07
T_0000022279,C:\Users\walia\Downloads\flac_T_aa\flac_T\T_0000022279.flac,spoof,A05
T_0000003942,C:\Users\walia\Downloads\flac_T_aa\flac_T\T_0000003942.flac,spoof,A06
T_0000020328,C:\Users\walia\Downloads\flac_T_aa\flac_T\T_0000020328.flac,spoof,A01
T_0000026964,C:\Users\walia\Downloads\flac_T_aa\flac_T\T_0000026964.flac,spoof,A07
T_0000005128,C:\Users\walia\Downloads\flac_T_aa\flac_T\T_0000005128.flac,spoof,A03
T_0000009294,C:\Users\walia\Downloads\flac_T_aa\flac_T\T_0000009294.flac,spoof,A05
T_0000034146,C:\Users\walia\Downloads\flac_T_aa\flac_T\T_0000034146.flac,bonafide,bonafide
T_0000002562,C:\Users\walia\Downloads\flac_T_aa\flac_T\T_0000002562.flac,bonafide,bonafide
T_0000010713,C:\Users\walia\Downloads\flac_T_aa\flac_T\T_0000010713.flac,spoof,A01
T_0000022400,C:\Users\walia\Downloads\flac_T_aa\flac_T\T_0000022400.flac,bonafide,bonafide
T_0000011489,C:\Users\walia\Downloads\flac_T_aa\flac_T\T_0000011489.flac,bonafide,bonafide
T_0000032338,C:\Users\walia\Downloads\flac_T_aa\flac_T\T_0000032338.flac,bonafide,bonafide
T_0000022106,C:\Users\walia\Downloads\flac_T_aa\flac_T\T_0000022106.flac,bonafide,bonafide
T_0000032394,C:\Users\walia\Downloads\flac_T_aa\flac_T\T_0000032394.flac,bonafide,bonafide
T_0000017042,C:\Users\walia\Downloads\flac_T_aa\flac_T\T_0000017042.flac,spoof,A04
T_0000000767,C:\Users\walia\Downloads\flac_T_aa\flac_T\T_0000000767.flac,spoof,A02
T_0000025699,C:\Users\walia\Downloads\flac_T_aa\flac_T\T_0000025699.flac,spoof,A05
T_0000017270,C:\Users\walia\Downloads\flac_T_aa\flac_T\T_0000017270.flac,bonafide,bonafide
T_0000014807,C:\Users\walia\Downloads\flac_T_aa\flac_T\T_0000014807.flac,spoof,A05
T_0000028820,C:\Users\walia\Downloads\flac_T_aa\flac_T\T_0000028820.flac,spoof,A01
T_0000009412,C:\Users\walia\Downloads\flac_T_aa\flac_T\T_0000009412.flac,bonafide,bonafide
T_0000015500,C:\Users\walia\Downloads\flac_T_aa\flac_T\T_0000015500.flac,spoof,A04
T_0000004158,C:\Users\walia\Downloads\flac_T_aa\flac_T\T_0000004158.flac,spoof,A02
T_0000013308,C:\Users\walia\Downloads\flac_T_aa\flac_T\T_0000013308.flac,bonafide,bonafide
T_0000025438,C:\Users\walia\Downloads\flac_T_aa\flac_T\T_0000025438.flac,spoof,A05
T_0000034438,C:\Users\walia\Downloads\flac_T_aa\flac_T\T_0000034438.flac,bonafide,bonafide
T_0000006901,C:\Users\walia\Downloads\flac_T_aa\flac_T\T_0000006901.flac,spoof,A02
T_0000029500,C:\Users\walia\Downloads\flac_T_aa\flac_T\T_0000029500.flac,bonafide,bonafide
T_0000015269,C:\Users\walia\Downloads\flac_T_aa\flac_T\T_0000015269.flac,spoof,A04
T_0000029901,C:\Users\walia\Downloads\flac_T_aa\flac_T\T_0000029901.flac,bonafide,bonafide
T_0000002722,C:\Users\walia\Downloads\flac_T_aa\flac_T\T_0000002722.flac,spoof,A05
T_0000025980,C:\Users\walia\Downloads\flac_T_aa\flac_T\T_0000025980.flac,bonafide,bonafide
T_0000009008,C:\Users\walia\Downloads\flac_T_aa\flac_T\T_0000009008.flac,spoof,A01
T_0000024068,C:\Users\walia\Downloads\flac_T_aa\flac_T\T_0000024068.flac,spoof,A03
T_0000028934,C:\Users\walia\Downloads\flac_T_aa\flac_T\T_0000028934.flac,bonafide,bonafide
T_0000025443,C:\Users\walia\Downloads\flac_T_aa\flac_T\T_0000025443.flac,spoof,A02
T_0000026843,C:\Users\walia\Downloads\flac_T_aa\flac_T\T_0000026843.flac,spoof,A05
T_0000024188,C:\Users\walia\Downloads\flac_T_aa\flac_T\T_0000024188.flac,spoof,A01
T_0000010688,C:\Users\walia\Downloads\flac_T_aa\flac_T\T_0000010688.flac,bonafide,bonafide
T_0000028527,C:\Users\walia\Downloads\flac_T_aa\flac_T\T_0000028527.flac,bonafide,bonafide
T_0000022322,C:\Users\walia\Downloads\flac_T_aa\flac_T\T_0000022322.flac,spoof,A02
T_0000017817,C:\Users\walia\Downloads\flac_T_aa\flac_T\T_0000017817.flac,spoof,A01
T_0000008855,C:\Users\walia\Downloads\flac_T_aa\flac_T\T_0000008855.flac,bonafide,bonafide
T_0000000507,C:\Users\walia\Downloads\flac_T_aa\flac_T\T_0000000507.flac,bonafide,bonafide
T_0000010814,C:\Users\walia\Downloads\flac_T_aa\flac_T\T_0000010814.flac,bonafide,bonafide
T_0000027292,C:\Users\walia\Downloads\flac_T_aa\flac_T\T_0000027292.flac,spoof,A07
T_0000036324,C:\Users\walia\Downloads\flac_T_aa\flac_T\T_0000036324.flac,bonafide,bonafide
T_0000036167,C:\Users\walia\Downloads\flac_T_aa\flac_T\T_0000036167.flac,spoof,A05
T_0000024196,C:\Users\walia\Downloads\flac_T_aa\flac_T\T_0000024196.flac,spoof,A01
T_0000031306,C:\Users\walia\Downloads\flac_T_aa\flac_T\T_0000031306.flac,bonafide,bonafide
T_0000007215,C:\Users\walia\Downloads\flac_T_aa\flac_T\T_0000007215.flac,spoof,A08
T_0000005486,C:\Users\walia\Downloads\flac_T_aa\flac_T\T_0000005486.flac,bonafide,bonafide
T_0000017785,C:\Users\walia\Downloads\flac_T_aa\flac_T\T_0000017785.flac,spoof,A08
T_0000023391,C:\Users\walia\Downloads\flac_T_aa\flac_T\T_0000023391.flac,bonafide,bonafide
T_0000025765,C:\Users\walia\Downloads\flac_T_aa\flac_T\T_0000025765.flac,bonafide,bonafide
T_0000001069,C:\Users\walia\Downloads\flac_T_aa\flac_T\T_0000001069.flac,spoof,A04
T_0000022701,C:\Users\walia\Downloads\flac_T_aa\flac_T\T_0000022701.flac,bonafide,bonafide
T_0000027599,C:\Users\walia\Downloads\flac_T_aa\flac_T\T_0000027599.flac,bonafide,bonafide
T_0000002383,C:\Users\walia\Downloads\flac_T_aa\flac_T\T_0000002383.flac,bonafide,bonafide
T_0000018549,C:\Users\walia\Downloads\flac_T_aa\flac_T\T_0000018549.flac,spoof,A06
T_0000012410,C:\Users\walia\Downloads\flac_T_aa\flac_T\T_0000012410.flac,spoof,A02
T_0000002636,C:\Users\walia\Downloads\flac_T_aa\flac_T\T_0000002636.flac,bonafide,bonafide
T_0000032317,C:\Users\walia\Downloads\flac_T_aa\flac_T\T_0000032317.flac,bonafide,bonafide
T_0000017510,C:\Users\walia\Downloads\flac_T_aa\flac_T\T_0000017510.flac,spoof,A02
T_0000006126,C:\Users\walia\Downloads\flac_T_aa\flac_T\T_0000006126.flac,spoof,A03
T_0000012458,C:\Users\walia\Downloads\flac_T_aa\flac_T\T_0000012458.flac,spoof,A07
T_0000021934,C:\Users\walia\Downloads\flac_T_aa\flac_T\T_0000021934.flac,bonafide,bonafide
T_0000034678,C:\Users\walia\Downloads\flac_T_aa\flac_T\T_0000034678.flac,bonafide,bonafide
T_0000010043,C:\Users\walia\Downloads\flac_T_aa\flac_T\T_0000010043.flac,bonafide,bonafide
T_0000017923,C:\Users\walia\Downloads\flac_T_aa\flac_T\T_0000017923.flac,spoof,A01
T_0000013645,C:\Users\walia\Downloads\flac_T_aa\flac_T\T_0000013645.flac,bonafide,bonafide
T_0000015555,C:\Users\walia\Downloads\flac_T_aa\flac_T\T_0000015555.flac,bonafide,bonafide
T_0000024945,C:\Users\walia\Downloads\flac_T_aa\flac_T\T_0000024945.flac,spoof,A05
T_0000029035,C:\Users\walia\Downloads\flac_T_aa\flac_T\T_0000029035.flac,spoof,A01
T_0000034413,C:\Users\walia\Downloads\flac_T_aa\flac_T\T_0000034413.flac,bonafide,bonafide
T_0000029131,C:\Users\walia\Downloads\flac_T_aa\flac_T\T_0000029131.flac,bonafide,bonafide
T_0000008351,C:\Users\walia\Downloads\flac_T_aa\flac_T\T_0000008351.flac,spoof,A08
T_0000018013,C:\Users\walia\Downloads\flac_T_aa\flac_T\T_0000018013.flac,spoof,A01
T_0000013568,C:\Users\walia\Downloads\flac_T_aa\flac_T\T_0000013568.flac,bonafide,bonafide
T_0000030420,C:\Users\walia\Downloads\flac_T_aa\flac_T\T_0000030420.flac,bonafide,bonafide
T_0000000522,C:\Users\walia\Downloads\flac_T_aa\flac_T\T_0000000522.flac,bonafide,bonafide
T_0000032071,C:\Users\walia\Downloads\flac_T_aa\flac_T\T_0000032071.flac,bonafide,bonafide
T_0000006777,C:\Users\walia\Downloads\flac_T_aa\flac_T\T_0000006777.flac,bonafide,bonafide
T_0000016204,C:\Users\walia\Downloads\flac_T_aa\flac_T\T_0000016204.flac,bonafide,bonafide
T_0000017142,C:\Users\walia\Downloads\flac_T_aa\flac_T\T_0000017142.flac,bonafide,bonafide
T_0000025914,C:\Users\walia\Downloads\flac_T_aa\flac_T\T_0000025914.flac,spoof,A04
T_0000005124,C:\Users\walia\Downloads\flac_T_aa\flac_T\T_0000005124.flac,spoof,A03
T_0000035754,C:\Users\walia\Downloads\flac_T_aa\flac_T\T_0000035754.flac,spoof,A05
T_0000029341,C:\Users\walia\Downloads\flac_T_aa\flac_T\T_0000029341.flac,bonafide,bonafide
T_0000018765,C:\Users\walia\Downloads\flac_T_aa\flac_T\T_0000018765.flac,spoof,A07
T_0000019643,C:\Users\walia\Downloads\flac_T_aa\flac_T\T_0000019643.flac,spoof,A01
T_0000004846,C:\Users\walia\Downloads\flac_T_aa\flac_T\T_0000004846.flac,spoof,A04
T_0000031921,C:\Users\walia\Downloads\flac_T_aa\flac_T\T_0000031921.flac,bonafide,bonafide
T_0000003948,C:\Users\walia\Downloads\flac_T_aa\flac_T\T_0000003948.flac,bonafide,bonafide
T_0000007729,C:\Users\walia\Downloads\flac_T_aa\flac_T\T_0000007729.flac,bonafide,bonafide
T_0000007854,C:\Users\walia\Downloads\flac_T_aa\flac_T\T_0000007854.flac,bonafide,bonafide
T_0000025620,C:\Users\walia\Downloads\flac_T_aa\flac_T\T_0000025620.flac,spoof,A01
T_0000001373,C:\Users\walia\Downloads\flac_T_aa\flac_T\T_0000001373.flac,bonafide,bonafide
T_0000032497,C:\Users\walia\Downloads\flac_T_aa\flac_T\T_0000032497.flac,bonafide,bonafide
T_0000024673,C:\Users\walia\Downloads\flac_T_aa\flac_T\T_0000024673.flac,bonafide,bonafide
T_0000034370,C:\Users\walia\Downloads\flac_T_aa\flac_T\T_0000034370.flac,spoof,A05
T_0000020385,C:\Users\walia\Downloads\flac_T_aa\flac_T\T_0000020385.flac,spoof,A06
T_0000014286,C:\Users\walia\Downloads\flac_T_aa\flac_T\T_0000014286.flac,spoof,A05
T_0000002365,C:\Users\walia\Downloads\flac_T_aa\flac_T\T_0000002365.flac,spoof,A03
T_0000012583,C:\Users\walia\Downloads\flac_T_aa\flac_T\T_0000012583.flac,spoof,A04
T_0000005090,C:\Users\walia\Downloads\flac_T_aa\flac_T\T_0000005090.flac,bonafide,bonafide
T_0000024359,C:\Users\walia\Downloads\flac_T_aa\flac_T\T_0000024359.flac,spoof,A07
T_0000017608,C:\Users\walia\Downloads\flac_T_aa\flac_T\T_0000017608.flac,bonafide,bonafide
T_0000018202,C:\Users\walia\Downloads\flac_T_aa\flac_T\T_0000018202.flac,spoof,A03
T_0000004090,C:\Users\walia\Downloads\flac_T_aa\flac_T\T_0000004090.flac,bonafide,bonafide
T_0000024556,C:\Users\walia\Downloads\flac_T_aa\flac_T\T_0000024556.flac,spoof,A07
T_0000031088,C:\Users\walia\Downloads\flac_T_aa\flac_T\T_0000031088.flac,bonafide,bonafide
T_0000028147,C:\Users\walia\Downloads\flac_T_aa\flac_T\T_0000028147.flac,bonafide,bonafide
T_0000019877,C:\Users\walia\Downloads\flac_T_aa\flac_T\T_0000019877.flac,spoof,A01
T_0000000275,C:\Users\walia\Downloads\flac_T_aa\flac_T\T_0000000275.flac,spoof,A07
T_0000008530,C:\Users\walia\Downloads\flac_T_aa\flac_T\T_0000008530.flac,bonafide,bonafide
T_0000010387,C:\Users\walia\Downloads\flac_T_aa\flac_T\T_0000010387.flac,spoof,A07
T_0000034082,C:\Users\walia\Downloads\flac_T_aa\flac_T\T_0000034082.flac,spoof,A02
T_0000005225,C:\Users\walia\Downloads\flac_T_aa\flac_T\T_0000005225.flac,spoof,A03
T_0000031834,C:\Users\walia\Downloads\flac_T_aa\flac_T\T_0000031834.flac,spoof,A06
T_0000030654,C:\Users\walia\Downloads\flac_T_aa\flac_T\T_0000030654.flac,bonafide,bonafide
T_0000013692,C:\Users\walia\Downloads\flac_T_aa\flac_T\T_0000013692.flac,spoof,A07
T_0000033491,C:\Users\walia\Downloads\flac_T_aa\flac_T\T_0000033491.flac,bonafide,bonafide
T_0000016059,C:\Users\walia\Downloads\flac_T_aa\flac_T\T_0000016059.flac,spoof,A04
T_0000034581,C:\Users\walia\Downloads\flac_T_aa\flac_T\T_0000034581.flac,spoof,A04
T_0000020148,C:\Users\walia\Downloads\flac_T_aa\flac_T\T_0000020148.flac,spoof,A01
T_0000006395,C:\Users\walia\Downloads\flac_T_aa\flac_T\T_0000006395.flac,spoof,A08
T_0000022207,C:\Users\walia\Downloads\flac_T_aa\flac_T\T_0000022207.flac,bonafide,bonafide
T_0000023664,C:\Users\walia\Downloads\flac_T_aa\flac_T\T_0000023664.flac,spoof,A04
T_0000026546,C:\Users\walia\Downloads\flac_T_aa\flac_T\T_0000026546.flac,bonafide,bonafide
T_0000015855,C:\Users\walia\Downloads\flac_T_aa\flac_T\T_0000015855.flac,spoof,A06
T_0000029106,C:\Users\walia\Downloads\flac_T_aa\flac_T\T_0000029106.flac,bonafide,bonafide
T_0000022373,C:\Users\walia\Downloads\flac_T_aa\flac_T\T_0000022373.flac,bonafide,bonafide
T_0000010399,C:\Users\walia\Downloads\flac_T_aa\flac_T\T_0000010399.flac,spoof,A04
T_0000015808,C:\Users\walia\Downloads\flac_T_aa\flac_T\T_0000015808.flac,spoof,A02
T_0000027549,C:\Users\walia\Downloads\flac_T_aa\flac_T\T_0000027549.flac,bonafide,bonafide
T_0000029335,C:\Users\walia\Downloads\flac_T_aa\flac_T\T_0000029335.flac,spoof,A05
T_0000029904,C:\Users\walia\Downloads\flac_T_aa\flac_T\T_0000029904.flac,spoof,A02
T_0000002881,C:\Users\walia\Downloads\flac_T_aa\flac_T\T_0000002881.flac,bonafide,bonafide
T_0000017963,C:\Users\walia\Downloads\flac_T_aa\flac_T\T_0000017963.flac,spoof,A08
T_0000018766,C:\Users\walia\Downloads\flac_T_aa\flac_T\T_0000018766.flac,bonafide,bonafide
T_0000019584,C:\Users\walia\Downloads\flac_T_aa\flac_T\T_0000019584.flac,bonafide,bonafide
T_0000034505,C:\Users\walia\Downloads\flac_T_aa\flac_T\T_0000034505.flac,spoof,A06
T_0000015903,C:\Users\walia\Downloads\flac_T_aa\flac_T\T_0000015903.flac,spoof,A04
T_0000027172,C:\Users\walia\Downloads\flac_T_aa\flac_T\T_0000027172.flac,spoof,A04
T_0000035625,C:\Users\walia\Downloads\flac_T_aa\flac_T\T_0000035625.flac,spoof,A02
T_0000012373,C:\Users\walia\Downloads\flac_T_aa\flac_T\T_0000012373.flac,bonafide,bonafide
T_0000008803,C:\Users\walia\Downloads\flac_T_aa\flac_T\T_0000008803.flac,bonafide,bonafide
T_0000011380,C:\Users\walia\Downloads\flac_T_aa\flac_T\T_0000011380.flac,bonafide,bonafide
T_0000013869,C:\Users\walia\Downloads\flac_T_aa\flac_T\T_0000013869.flac,spoof,A06
T_0000001382,C:\Users\walia\Downloads\flac_T_aa\flac_T\T_0000001382.flac,spoof,A07
T_0000025725,C:\Users\walia\Downloads\flac_T_aa\flac_T\T_0000025725.flac,bonafide,bonafide
T_0000015914,C:\Users\walia\Downloads\flac_T_aa\flac_T\T_0000015914.flac,bonafide,bonafide
T_0000033027,C:\Users\walia\Downloads\flac_T_aa\flac_T\T_0000033027.flac,bonafide,bonafide
T_0000009434,C:\Users\walia\Downloads\flac_T_aa\flac_T\T_0000009434.flac,bonafide,bonafide
T_0000029645,C:\Users\walia\Downloads\flac_T_aa\flac_T\T_0000029645.flac,spoof,A05
T_0000033461,C:\Users\walia\Downloads\flac_T_aa\flac_T\T_0000033461.flac,spoof,A01
T_0000000713,C:\Users\walia\Downloads\flac_T_aa\flac_T\T_0000000713.flac,spoof,A08
T_0000017180,C:\Users\walia\Downloads\flac_T_aa\flac_T\T_0000017180.flac,spoof,A01
T_0000034785,C:\Users\walia\Downloads\flac_T_aa\flac_T\T_0000034785.flac,bonafide,bonafide
T_0000010138,C:\Users\walia\Downloads\flac_T_aa\flac_T\T_0000010138.flac,spoof,A04
T_0000034625,C:\Users\walia\Downloads\flac_T_aa\flac_T\T_0000034625.flac,spoof,A07
T_0000033071,C:\Users\walia\Downloads\flac_T_aa\flac_T\T_0000033071.flac,bonafide,bonafide
T_0000000442,C:\Users\walia\Downloads\flac_T_aa\flac_T\T_0000000442.flac,bonafide,bonafide
T_0000026450,C:\Users\walia\Downloads\flac_T_aa\flac_T\T_0000026450.flac,spoof,A05
T_0000027918,C:\Users\walia\Downloads\flac_T_aa\flac_T\T_0000027918.flac,spoof,A04
T_0000026245,C:\Users\walia\Downloads\flac_T_aa\flac_T\T_0000026245.flac,spoof,A01
T_0000000787,C:\Users\walia\Downloads\flac_T_aa\flac_T\T_0000000787.flac,spoof,A08
T_0000036182,C:\Users\walia\Downloads\flac_T_aa\flac_T\T_0000036182.flac,bonafide,bonafide
T_0000026556,C:\Users\walia\Downloads\flac_T_aa\flac_T\T_0000026556.flac,spoof,A01
T_0000002315,C:\Users\walia\Downloads\flac_T_aa\flac_T\T_0000002315.flac,spoof,A08
T_0000034594,C:\Users\walia\Downloads\flac_T_aa\flac_T\T_0000034594.flac,spoof,A08
T_0000034213,C:\Users\walia\Downloads\flac_T_aa\flac_T\T_0000034213.flac,bonafide,bonafide
T_0000009114,C:\Users\walia\Downloads\flac_T_aa\flac_T\T_0000009114.flac,spoof,A07
T_0000026568,C:\Users\walia\Downloads\flac_T_aa\flac_T\T_0000026568.flac,bonafide,bonafide
T_0000005929,C:\Users\walia\Downloads\flac_T_aa\flac_T\T_0000005929.flac,spoof,A05
T_0000024665,C:\Users\walia\Downloads\flac_T_aa\flac_T\T_0000024665.flac,spoof,A04
T_0000009849,C:\Users\walia\Downloads\flac_T_aa\flac_T\T_0000009849.flac,spoof,A08
T_0000016994,C:\Users\walia\Downloads\flac_T_aa\flac_T\T_0000016994.flac,bonafide,bonafide
T_0000010570,C:\Users\walia\Downloads\flac_T_aa\flac_T\T_0000010570.flac,bonafide,bonafide
T_0000034038,C:\Users\walia\Downloads\flac_T_aa\flac_T\T_0000034038.flac,spoof,A05
T_0000005751,C:\Users\walia\Downloads\flac_T_aa\flac_T\T_0000005751.flac,bonafide,bonafide
T_0000031065,C:\Users\walia\Downloads\flac_T_aa\flac_T\T_0000031065.flac,spoof,A01
T_0000011301,C:\Users\walia\Downloads\flac_T_aa\flac_T\T_0000011301.flac,bonafide,bonafide
T_0000005760,C:\Users\walia\Downloads\flac_T_aa\flac_T\T_0000005760.flac,spoof,A05
T_0000012076,C:\Users\walia\Downloads\flac_T_aa\flac_T\T_0000012076.flac,bonafide,bonafide
T_0000019022,C:\Users\walia\Downloads\flac_T_aa\flac_T\T_0000019022.flac,bonafide,bonafide
T_0000003434,C:\Users\walia\Downloads\flac_T_aa\flac_T\T_0000003434.flac,bonafide,bonafide
T_0000028155,C:\Users\walia\Downloads\flac_T_aa\flac_T\T_0000028155.flac,spoof,A01
T_0000034656,C:\Users\walia\Downloads\flac_T_aa\flac_T\T_0000034656.flac,bonafide,bonafide
T_0000016593,C:\Users\walia\Downloads\flac_T_aa\flac_T\T_0000016593.flac,spoof,A06
T_0000026446,C:\Users\walia\Downloads\flac_T_aa\flac_T\T_0000026446.flac,spoof,A08
T_0000021565,C:\Users\walia\Downloads\flac_T_aa\flac_T\T_0000021565.flac,bonafide,bonafide
